{"stats":{"minecraft:picked_up":{"minecraft:mud":2,"minecraft:crafting_table":8,"minecraft:gold_block":1,"biomesoplenty:huge_lily_pad":4,"minecraft:string":22,"immersive_melodies:lute":1,"minecraft:raw_copper":19,"minecraft:cobbled_deepslate":33,"minecraft:spruce_planks":35,"hangglider:hang_glider":1,"minecraft:sugar_cane":22,"minecraft:furnace":8,"minecraft:raw_iron":28,"minecraft:stick":2,"minecraft:carrot":104,"minecraft:redstone":63,"minecraft:tnt":1,"artifacts:snorkel":1,"minecraft:arrow":2,"minecraft:rotten_flesh":10,"minecraft:cobblestone":84,"minecraft:feather":1,"minecraft:lily_pad":5,"minecraft:dirt":27,"minecraft:bone":2,"minecraft:kelp":4,"minecraft:wheat_seeds":2,"minecraft:raw_gold":14,"minecraft:stone_pickaxe":1,"minecraft:cobweb":6,"alexsmobs:shark_tooth":1,"minecraft:sand":24,"minecraft:spruce_sapling":6,"minecraft:white_bed":1,"minecraft:spruce_log":36,"alexsmobs:animal_dictionary":1,"travelersbackpack:white_sleeping_bag":6,"alexsmobs:raw_catfish":26,"minecraft:slime_ball":8,"minecraft:stone_axe":2,"minecraft:spruce_boat":4,"alexsmobs:maggot":8,"minecraft:bubble_coral_block":2,"minecraft:coal":70},"minecraft:killed":{"alexsmobs:anaconda":1,"minecraft:spider":3,"alexsmobs:seagull":4,"minecraft:slime":13,"minecraft:skeleton":2,"alexsmobs:leafcutter_ant":3,"artifacts:mimic":1,"minecraft:husk":5,"minecraft:creeper":1,"alexsmobs:catfish":9,"alexsmobs:cockroach":1,"minecraft:zombie":6,"alexsmobs:fly":5,"alexsmobs:crow":1},"minecraft:used":{"minecraft:iron_shovel":10,"minecraft:stone_shovel":2,"minecraft:wooden_shovel":22,"minecraft:rotten_flesh":1,"minecraft:torch":64,"minecraft:dirt":19,"minecraft:carrot":71,"minecraft:spruce_boat":3,"minecraft:iron_axe":4,"minecraft:furnace":8,"minecraft:cobbled_deepslate":33,"alexsmobs:raw_catfish":1,"minecraft:water_bucket":2,"alexsmobs:cooked_catfish":3,"minecraft:stone_pickaxe":73,"minecraft:wooden_pickaxe":7,"minecraft:sand":3,"minecraft:crafting_table":8,"alexscaves:cave_book":9,"minecraft:white_bed":1,"minecraft:cake":1,"minecraft:mud":1,"minecraft:diamond_pickaxe":112,"travelersbackpack:white_sleeping_bag":5,"minecraft:stone_axe":117,"minecraft:diamond_sword":73,"minecraft:cobblestone":15,"minecraft:bucket":3,"alexsmobs:animal_dictionary":12,"minecraft:cobweb":6},"minecraft:dropped":{"alexsmobs:raw_catfish":15,"minecraft:stick":9,"minecraft:cobweb":6,"minecraft:dirt":1,"minecraft:bubble_coral_block":2,"minecraft:sand":19,"minecraft:mud":1,"minecraft:lily_pad":5,"minecraft:spruce_sapling":2,"minecraft:stone_axe":3,"minecraft:kelp":4,"alexsmobs:maggot":4,"minecraft:sugar_cane":11,"minecraft:rotten_flesh":6,"minecraft:spruce_boat":1,"minecraft:wooden_shovel":1,"minecraft:spider_eye":5,"minecraft:stone_pickaxe":1,"minecraft:wooden_pickaxe":1},"minecraft:custom":{"minecraft:mob_kills":55,"minecraft:interact_with_crafting_table":22,"minecraft:open_barrel":14,"minecraft:eat_cake_slice":3,"minecraft:leave_game":3,"minecraft:time_since_death":67604,"minecraft:climb_one_cm":557,"minecraft:sprint_one_cm":216449,"minecraft:walk_one_cm":193446,"minecraft:drop":42,"minecraft:play_time":117538,"minecraft:deaths":1,"minecraft:sneak_time":9162,"minecraft:walk_under_water_one_cm":20777,"minecraft:boat_one_cm":104948,"minecraft:jump":1998,"minecraft:interact_with_blast_furnace":1,"minecraft:walk_on_water_one_cm":29904,"minecraft:total_world_time":117538,"minecraft:interact_with_furnace":53,"minecraft:interact_with_cartography_table":1,"minecraft:interact_with_loom":8,"minecraft:sleep_in_bed":7,"minecraft:time_since_rest":3783,"minecraft:waystone_activated":1,"minecraft:damage_taken":2297,"minecraft:damage_dealt":8488,"minecraft:swim_one_cm":85992,"minecraft:fly_one_cm":362157,"minecraft:open_chest":18,"minecraft:crouch_one_cm":39106,"minecraft:fall_one_cm":68781},"minecraft:mined":{"biomesoplenty:watergrass":13,"minecraft:white_bed":1,"minecraft:jungle_leaves":1,"minecraft:grass_block":3,"travelersbackpack:white_sleeping_bag":5,"minecraft:spruce_leaves":18,"minecraft:sandstone":1,"luckytntmod:deepslate_uranium_ore":5,"minecraft:tall_seagrass":2,"minecraft:furnace":8,"minecraft:iron_ore":14,"minecraft:cobbled_deepslate":1,"minecraft:gold_block":1,"cfm:oak_upgraded_fence":1,"biomesoplenty:high_grass":3,"minecraft:deepslate_iron_ore":14,"minecraft:stone":50,"minecraft:deepslate_redstone_ore":14,"minecraft:crafting_table":7,"biomesoplenty:high_grass_plant":1,"minecraft:copper_ore":5,"minecraft:deepslate_gold_ore":14,"minecraft:sugar_cane":5,"minecraft:seagrass":1,"biomesoplenty:huge_lily_pad":3,"minecraft:mud":1,"minecraft:spruce_log":11,"minecraft:tnt":1,"minecraft:grass":12,"minecraft:coal_ore":33,"minecraft:dirt":18,"minecraft:sand":12,"minecraft:cobweb":21,"minecraft:deepslate":32,"minecraft:fern":4},"minecraft:crafted":{"minecraft:stone_shovel":2,"minecraft:furnace":3,"minecraft:iron_axe":1,"minecraft:stone_pickaxe":1,"minecraft:spruce_boat":2,"alexsmobs:cooked_catfish":7,"minecraft:wooden_shovel":1,"minecraft:diamond_sword":1,"minecraft:crafting_table":3,"minecraft:spruce_planks":108,"minecraft:wooden_pickaxe":1,"minecraft:iron_helmet":1,"minecraft:copper_ingot":19,"minecraft:bucket":1,"minecraft:stone_axe":2,"minecraft:air":0,"minecraft:white_wool":3,"minecraft:iron_chestplate":1,"minecraft:diamond_pickaxe":1,"minecraft:shield":1,"minecraft:stick":100,"minecraft:iron_ingot":28,"minecraft:iron_leggings":1,"minecraft:gold_ingot":23,"minecraft:white_bed":1,"minecraft:torch":72}},"DataVersion":3465}