{"stats":{"minecraft:picked_up":{"minecraft:mud":2,"minecraft:iron_chestplate":2,"minecraft:crafting_table":11,"minecraft:iron_trapdoor":4,"minecraft:chainmail_boots":3,"minecraft:turtle_helmet":1,"minecraft:leather_leggings":5,"minecraft:gold_block":1,"minecraft:potion":2,"biomesoplenty:huge_lily_pad":4,"minecraft:brewing_stand":1,"minecraft:dark_oak_trapdoor":3,"minecraft:string":27,"immersive_melodies:lute":1,"minecraft:raw_copper":19,"minecraft:item_frame":1,"minecraft:iron_leggings":1,"minecraft:armor_stand":6,"minecraft:iron_shovel":1,"minecraft:cyan_carpet":11,"minecraft:cobbled_deepslate":33,"minecraft:spruce_planks":42,"minecraft:beef":23,"minecraft:calcite":28,"hangglider:hang_glider":1,"minecraft:sugar_cane":22,"minecraft:furnace":13,"minecraft:stick":3,"minecraft:raw_iron":28,"minecraft:carrot":106,"minecraft:redstone":63,"minecraft:mangrove_trapdoor":2,"minecraft:dark_oak_planks":13,"minecraft:tnt":1,"artifacts:snorkel":1,"minecraft:arrow":10,"minecraft:rotten_flesh":55,"minecraft:mutton":4,"minecraft:obsidian":8,"minecraft:white_wool":12,"minecraft:cobblestone":111,"minecraft:leather_chestplate":4,"minecraft:feather":1,"minecraft:leather":9,"alexsmobs:bear_fur":3,"paraglider:spirit_orb":14,"minecraft:oak_log":4,"minecraft:lily_pad":5,"minecraft:chainmail_chestplate":1,"minecraft:gunpowder":52,"minecraft:dirt":63,"minecraft:glass":11,"minecraft:bone":16,"minecraft:kelp":4,"minecraft:wheat_seeds":2,"minecraft:rabbit_hide":1,"minecraft:raw_gold":14,"minecraft:stone_pickaxe":1,"minecraft:cobweb":6,"minecraft:rabbit":1,"minecraft:diamond_helmet":3,"minecraft:book":69,"alexsmobs:shark_tooth":2,"minecraft:sand":93,"minecraft:spruce_sapling":6,"minecraft:white_bed":4,"minecraft:spruce_log":36,"travelersbackpack:standard":1,"alexsmobs:animal_dictionary":1,"travelersbackpack:white_sleeping_bag":14,"alexsmobs:raw_catfish":26,"minecraft:slime_ball":18,"minecraft:spruce_boat":7,"minecraft:stone_axe":2,"waystones:waystone":1,"minecraft:chainmail_leggings":1,"minecraft:golden_apple":3,"alexsmobs:maggot":8,"minecraft:bubble_coral_block":2,"minecraft:coal":219},"minecraft:killed":{"alexsmobs:anaconda":1,"alexsmobs:raccoon":3,"minecraft:spider":5,"alexsmobs:seagull":4,"minecraft:slime":34,"minecraft:skeleton":12,"minecraft:horse":1,"minecraft:fox":1,"alexsmobs:leafcutter_ant":3,"minecraft:llama":4,"artifacts:mimic":1,"minecraft:husk":61,"alexsmobs:grizzly_bear":3,"minecraft:rabbit":2,"minecraft:creeper":3,"minecraft:sheep":12,"alexsmobs:catfish":9,"alexsmobs:crocodile":1,"minecraft:zombie":14,"alexsmobs:cockroach":1,"alexsmobs:fly":5,"alexsmobs:crow":1,"minecraft:cow":11},"minecraft:used":{"minecraft:iron_shovel":96,"minecraft:stone_shovel":2,"minecraft:spruce_planks":30,"minecraft:shield":3,"minecraft:wooden_shovel":22,"minecraft:rotten_flesh":4,"minecraft:torch":78,"minecraft:dirt":48,"minecraft:carrot":180,"minecraft:obsidian":1,"minecraft:dark_oak_planks":12,"minecraft:spruce_boat":6,"minecraft:lava_bucket":5,"minecraft:iron_axe":80,"minecraft:furnace":13,"minecraft:cooked_beef":11,"minecraft:cobbled_deepslate":33,"minecraft:calcite":27,"alexsmobs:raw_catfish":1,"alexsmobs:cooked_catfish":6,"minecraft:water_bucket":17,"minecraft:stone_pickaxe":73,"minecraft:wooden_pickaxe":7,"minecraft:sand":28,"minecraft:mushroom_stew":1,"minecraft:crafting_table":11,"alexscaves:cave_book":9,"minecraft:white_bed":4,"minecraft:cake":2,"minecraft:mud":1,"minecraft:diamond_pickaxe":296,"travelersbackpack:white_sleeping_bag":13,"minecraft:stone_axe":117,"minecraft:diamond_sword":673,"minecraft:cobblestone":30,"minecraft:bucket":25,"alexsmobs:animal_dictionary":14,"minecraft:cobweb":6},"minecraft:dropped":{"minecraft:mangrove_trapdoor":1,"minecraft:iron_helmet":1,"travelersbackpack:standard":1,"minecraft:coal":21,"alexsmobs:raw_catfish":15,"minecraft:item_frame":1,"minecraft:stick":10,"minecraft:cobweb":6,"minecraft:dirt":1,"minecraft:iron_trapdoor":4,"minecraft:dark_oak_trapdoor":3,"minecraft:rabbit":1,"minecraft:diamond_helmet":2,"minecraft:potion":1,"minecraft:iron_leggings":1,"minecraft:bubble_coral_block":2,"minecraft:sand":34,"minecraft:mud":1,"minecraft:chainmail_leggings":1,"minecraft:paper":8,"minecraft:dark_oak_planks":1,"minecraft:lily_pad":5,"minecraft:cyan_carpet":11,"minecraft:spruce_sapling":2,"minecraft:armor_stand":6,"minecraft:stone_axe":3,"minecraft:kelp":4,"alexsmobs:maggot":4,"minecraft:sugar_cane":11,"minecraft:bowl":1,"minecraft:rotten_flesh":44,"alexsmobs:bear_fur":3,"minecraft:chainmail_chestplate":1,"minecraft:rabbit_hide":1,"minecraft:leather_chestplate":4,"minecraft:turtle_helmet":1,"minecraft:spruce_boat":1,"minecraft:iron_chestplate":3,"minecraft:chainmail_boots":3,"minecraft:wooden_shovel":1,"minecraft:leather_leggings":5,"minecraft:spider_eye":5,"minecraft:wooden_pickaxe":1,"minecraft:arrow":8,"minecraft:stone_pickaxe":1,"minecraft:beef":2,"alexsmobs:shark_tooth":2},"minecraft:custom":{"minecraft:mob_kills":194,"minecraft:interact_with_crafting_table":31,"minecraft:open_barrel":45,"minecraft:eat_cake_slice":11,"minecraft:leave_game":5,"minecraft:time_since_death":172880,"minecraft:climb_one_cm":1807,"minecraft:sprint_one_cm":509665,"minecraft:walk_one_cm":402166,"minecraft:damage_blocked_by_shield":90,"minecraft:drop":97,"minecraft:play_time":222814,"minecraft:deaths":1,"minecraft:sneak_time":20479,"minecraft:walk_under_water_one_cm":25611,"minecraft:boat_one_cm":276758,"minecraft:jump":4365,"minecraft:interact_with_blast_furnace":7,"minecraft:walk_on_water_one_cm":61826,"minecraft:total_world_time":222814,"minecraft:interact_with_furnace":77,"minecraft:interact_with_cartography_table":1,"minecraft:tune_noteblock":1,"minecraft:interact_with_loom":8,"minecraft:sleep_in_bed":19,"minecraft:time_since_rest":8659,"minecraft:waystone_activated":1,"minecraft:damage_taken":5481,"minecraft:damage_dealt":37312,"minecraft:swim_one_cm":160342,"minecraft:fly_one_cm":824484,"minecraft:crouch_one_cm":78876,"minecraft:open_chest":29,"minecraft:fall_one_cm":139004},"minecraft:mined":{"minecraft:dark_oak_planks":16,"minecraft:red_nether_brick_slab":1,"minecraft:spruce_planks":7,"biomesoplenty:watergrass":23,"minecraft:white_bed":4,"minecraft:red_nether_bricks":10,"minecraft:jungle_leaves":1,"minecraft:brewing_stand":1,"minecraft:obsidian":8,"biomesoplenty:bush":1,"minecraft:grass_block":23,"minecraft:mangrove_trapdoor":1,"travelersbackpack:white_sleeping_bag":13,"minecraft:spruce_leaves":30,"minecraft:sandstone":1,"minecraft:spawner":8,"luckytntmod:deepslate_uranium_ore":5,"minecraft:tall_seagrass":2,"minecraft:furnace":13,"minecraft:dark_oak_trapdoor":3,"minecraft:red_nether_brick_stairs":1,"minecraft:iron_ore":14,"minecraft:cobbled_deepslate":1,"minecraft:stripped_dark_oak_wood":5,"minecraft:gold_block":1,"cfm:oak_upgraded_fence":1,"minecraft:bookshelf":23,"biomesoplenty:high_grass":3,"minecraft:deepslate_iron_ore":14,"minecraft:smooth_quartz_stairs":5,"minecraft:stripped_mangrove_wood":4,"minecraft:stone":77,"minecraft:deepslate_redstone_ore":14,"minecraft:crafting_table":10,"minecraft:calcite":39,"biomesoplenty:high_grass_plant":1,"minecraft:cobblestone":3,"minecraft:copper_ore":5,"biomesoplenty:huge_clover_petal":2,"minecraft:deepslate_gold_ore":14,"minecraft:sugar_cane":5,"minecraft:diorite":1,"minecraft:seagrass":2,"biomesoplenty:huge_lily_pad":3,"minecraft:mud":1,"minecraft:birch_trapdoor":1,"minecraft:spruce_log":11,"minecraft:birch_leaves":1,"minecraft:tnt":1,"minecraft:mangrove_slab":2,"minecraft:grass":20,"biomesoplenty:clover":1,"minecraft:coal_ore":84,"minecraft:cyan_carpet":2,"minecraft:sand":72,"minecraft:dirt":20,"minecraft:cobweb":25,"minecraft:netherrack":1,"minecraft:oak_leaves":4,"luckytntmod:gunpowder_ore":12,"minecraft:iron_trapdoor":2,"minecraft:deepslate":32,"minecraft:fern":5},"minecraft:crafted":{"minecraft:oak_planks":16,"minecraft:stone_shovel":2,"minecraft:furnace":3,"minecraft:glass":12,"minecraft:iron_axe":1,"minecraft:stone_pickaxe":1,"minecraft:chest":1,"minecraft:spruce_boat":2,"alexsmobs:cooked_catfish":7,"minecraft:cooked_beef":11,"minecraft:wooden_shovel":1,"minecraft:diamond_sword":1,"minecraft:crafting_table":3,"minecraft:spruce_planks":108,"travelersbackpack:standard":1,"travelersbackpack:backpack_tank":2,"minecraft:wooden_pickaxe":1,"minecraft:iron_helmet":1,"minecraft:copper_ingot":19,"minecraft:bucket":1,"minecraft:stone_axe":2,"minecraft:air":0,"minecraft:white_wool":8,"minecraft:iron_chestplate":1,"minecraft:diamond_pickaxe":1,"minecraft:shield":1,"minecraft:stick":100,"minecraft:iron_ingot":29,"minecraft:iron_leggings":1,"minecraft:gold_ingot":25,"minecraft:white_bed":1,"minecraft:torch":136}},"DataVersion":3465}