{"stats":{"minecraft:crafted":{"minecraft:stone_shovel":1,"minecraft:oak_planks":96,"minecraft:dark_oak_boat":2,"minecraft:spyglass":3,"minecraft:spruce_button":1,"minecraft:furnace":12,"iceandfire:armor_copper_metal_leggings":2,"minecraft:cooked_mutton":6,"iceandfire:armor_copper_metal_helmet":1,"iceandfire:armor_copper_metal_boots":2,"minecraft:oak_trapdoor":2,"iceandfire:copper_shovel":1,"minecraft:stone_pickaxe":10,"iceandfire:armor_copper_metal_chestplate":2,"minecraft:chest":2,"minecraft:oak_button":1,"minecraft:spruce_boat":2,"minecraft:dark_oak_planks":112,"iceandfire:silver_axe":1,"minecraft:cooked_beef":1,"minecraft:wooden_shovel":4,"minecraft:cooked_porkchop":6,"iceandfire:silver_ingot":10,"minecraft:crafting_table":15,"minecraft:spruce_planks":388,"minecraft:wooden_pickaxe":6,"minecraft:iron_sword":3,"minecraft:copper_ingot":60,"minecraft:bucket":3,"minecraft:stone_axe":7,"minecraft:air":0,"minecraft:oak_boat":1,"minecraft:white_wool":8,"minecraft:stick":144,"minecraft:iron_ingot":24,"minecraft:iron_pickaxe":3,"minecraft:wooden_axe":2,"minecraft:stone_sword":1,"minecraft:white_bed":2,"minecraft:torch":144,"iceandfire:silver_sword":1},"minecraft:mined":{"minecraft:white_bed":3,"iceandfire:silver_ore":2,"minecraft:dark_oak_leaves":1,"minecraft:mossy_cobblestone":3,"minecraft:dark_oak_log":9,"iceandfire:frozen_stone":3,"minecraft:grass_block":16,"minecraft:spruce_leaves":13,"minecraft:furnace":20,"minecraft:iron_ore":15,"minecraft:andesite":45,"minecraft:pumpkin":2,"fossilsorigins:fossilised_sand":1,"minecraft:stone":248,"minecraft:red_bed":1,"minecraft:amethyst_cluster":1,"iceandfire:dragon_ice_spikes":1,"minecraft:clay":1,"minecraft:crafting_table":22,"minecraft:stone_slab":2,"minecraft:cobblestone":21,"minecraft:tall_grass":28,"minecraft:copper_ore":24,"minecraft:sugar_cane":2,"minecraft:oak_planks":4,"minecraft:pink_petals":1,"minecraft:seagrass":1,"minecraft:ice":1,"minecraft:sweet_berry_bush":5,"minecraft:spruce_log":56,"minecraft:grass":57,"minecraft:coal_ore":135,"minecraft:oak_log":25,"minecraft:cherry_leaves":2,"minecraft:dirt":91,"minecraft:sunflower":7,"minecraft:sand":1,"minecraft:cobweb":28,"minecraft:cracked_stone_bricks":1,"minecraft:stone_bricks":8,"minecraft:mossy_stone_bricks":1,"minecraft:oak_leaves":6,"luckytntmod:gunpowder_ore":70},"minecraft:broken":{"minecraft:stone_pickaxe":2,"minecraft:wooden_axe":1},"minecraft:custom":{"minecraft:interact_with_smithing_table":1,"minecraft:mob_kills":69,"minecraft:interact_with_crafting_table":65,"minecraft:open_barrel":7,"minecraft:damage_dealt_resisted":13,"minecraft:leave_game":3,"minecraft:time_since_death":28664,"minecraft:climb_one_cm":4050,"minecraft:sprint_one_cm":496459,"minecraft:walk_one_cm":323007,"minecraft:damage_blocked_by_shield":1140,"minecraft:drop":94,"minecraft:talked_to_villager":2,"minecraft:play_time":189005,"minecraft:deaths":16,"minecraft:sneak_time":21602,"minecraft:walk_under_water_one_cm":26219,"minecraft:boat_one_cm":250745,"minecraft:jump":4140,"minecraft:walk_on_water_one_cm":32556,"minecraft:total_world_time":189005,"minecraft:interact_with_furnace":82,"minecraft:sleep_in_bed":5,"minecraft:time_since_rest":28687,"minecraft:waystone_activated":1,"minecraft:damage_taken":2147483647,"minecraft:damage_dealt":14281,"minecraft:swim_one_cm":113395,"minecraft:fly_one_cm":1762637,"minecraft:open_chest":29,"minecraft:crouch_one_cm":88889,"minecraft:fall_one_cm":125463},"minecraft:picked_up":{"minecraft:wooden_axe":1,"minecraft:azure_bluet":1,"minecraft:birch_door":1,"minecraft:crafting_table":21,"minecraft:chicken":3,"minecraft:wooden_pickaxe":1,"minecraft:iron_trapdoor":1,"minecraft:clay_ball":4,"minecraft:golden_pickaxe":1,"minecraft:stone_slab":3,"iceandfire:armor_copper_metal_chestplate":2,"minecraft:oak_stairs":3,"minecraft:enchanted_book":2,"alexsmobs:gazelle_horn":2,"minecraft:shield":4,"iceandfire:frozen_stone":6,"minecraft:waxed_cut_copper_slab":1,"minecraft:stone_stairs":1,"iceandfire:frozen_grass":1,"minecraft:red_bed":2,"immersive_melodies:lute":1,"minecraft:oak_trapdoor":1,"minecraft:string":77,"minecraft:dark_oak_trapdoor":1,"minecraft:raw_copper":151,"minecraft:flint_and_steel":1,"minecraft:iron_leggings":1,"artifacts:fire_gauntlet":1,"minecraft:cracked_stone_bricks":1,"minecraft:gold_nugget":8,"minecraft:spruce_planks":45,"minecraft:beef":1,"minecraft:oak_boat":2,"iceandfire:dread_shard":1,"minecraft:calcite":5,"minecraft:iron_pickaxe":3,"hangglider:hang_glider":1,"minecraft:sugar_cane":6,"minecraft:egg":8,"minecraft:furnace":22,"minecraft:sandstone":8,"minecraft:golden_helmet":1,"minecraft:stick":5,"minecraft:raw_iron":15,"iceandfire:armor_copper_metal_leggings":2,"minecraft:copper_ingot":16,"minecraft:torch":52,"minecraft:spruce_stairs":1,"minecraft:fire_charge":1,"minecraft:porkchop":5,"minecraft:stone_button":3,"iceandfire:armor_copper_metal_boots":3,"minecraft:carrot":101,"minecraft:arrow":21,"iceandfire:silver_ingot":7,"minecraft:rotten_flesh":11,"minecraft:peony":1,"alexsmobs:emu_egg":2,"minecraft:mutton":8,"minecraft:cod":3,"alexsmobs:flying_fish":2,"alexsmobs:kangaroo_meat":1,"minecraft:white_wool":5,"minecraft:cobblestone":564,"iceandfire:silver_axe":2,"minecraft:pink_petals":3,"minecraft:air":0,"minecraft:feather":23,"minecraft:glow_ink_sac":8,"minecraft:salmon":1,"minecraft:water_bucket":3,"minecraft:andesite":74,"minecraft:dark_oak_boat":1,"minecraft:leather":1,"minecraft:smoker":1,"minecraft:oak_log":30,"minecraft:yellow_bed":1,"iceandfire:armor_copper_metal_helmet":1,"minecraft:gunpowder":958,"minecraft:dirt":123,"minecraft:name_tag":1,"minecraft:cooked_mutton":2,"minecraft:bone":73,"minecraft:stone_bricks":5,"minecraft:kelp":453,"minecraft:wheat_seeds":10,"minecraft:raw_gold":34,"minecraft:iron_ingot":2,"minecraft:stone_pickaxe":3,"minecraft:mossy_stone_bricks":1,"minecraft:oak_planks":61,"minecraft:iron_sword":6,"minecraft:dark_oak_slab":1,"minecraft:pumpkin":2,"minecraft:sweet_berries":8,"iceandfire:ash":6,"minecraft:dandelion":7,"minecraft:spyglass":2,"minecraft:gravel":3,"minecraft:sand":97,"minecraft:amethyst_shard":20,"minecraft:spruce_sapling":3,"minecraft:ink_sac":3,"minecraft:white_bed":6,"minecraft:spruce_log":164,"minecraft:spider_eye":2,"minecraft:red_terracotta":2,"minecraft:dark_oak_log":29,"alexsmobs:animal_dictionary":1,"minecraft:mossy_cobblestone":2,"minecraft:diamond_shovel":1,"minecraft:spruce_boat":1,"iceandfire:silver_sword":1,"iceandfire:copper_shovel":1,"minecraft:stone_axe":2,"minecraft:cherry_sapling":1,"minecraft:spruce_sign":1,"minecraft:chainmail_helmet":1,"iceandfire:gorgon_head":1,"alexsmobs:maggot":1,"minecraft:oak_sapling":3,"minecraft:coal":243,"iceandfire:raw_silver":14,"minecraft:sunflower":20},"minecraft:killed_by":{"minecraft:player":1,"iceandfire:gorgon":1,"iceandfire:ice_dragon":2},"minecraft:dropped":{"minecraft:moss_block":4,"minecraft:iron_sword":5,"minecraft:wheat_seeds":5,"iceandfire:silver_axe":1,"minecraft:mossy_cobblestone":1,"minecraft:crafting_table":1,"minecraft:cooked_porkchop":2,"iceandfire:armor_copper_metal_chestplate":1,"iceandfire:spawn_egg_ice_dragon":1,"iceandfire:spawn_egg_lightning_dragon":1,"minecraft:spruce_button":1,"iceandfire:gorgon_head":1,"minecraft:emerald":1,"minecraft:dirt":2,"iceandfire:dragonegg_red":1,"iceandfire:silver_sword":2,"minecraft:dark_oak_trapdoor":1,"minecraft:wooden_axe":2,"iceandfire:armor_copper_metal_boots":1,"minecraft:oak_stairs":3,"minecraft:sunflower":7,"immersive_melodies:triangle":1,"minecraft:iron_pickaxe":2,"iceandfire:spawn_egg_fire_dragon":1,"minecraft:string":1,"minecraft:white_wool":2,"minecraft:bucket":2,"minecraft:stone_axe":3,"minecraft:spyglass":1,"minecraft:oak_trapdoor":2,"iceandfire:dragonegg_silver":1,"minecraft:cherry_sapling":1,"minecraft:rotten_flesh":3,"minecraft:clay_ball":4,"minecraft:oak_planks":3,"minecraft:stone_slab":3,"minecraft:cooked_mutton":3,"iceandfire:copper_shovel":1,"minecraft:carrot":2,"minecraft:shield":1,"minecraft:oak_button":1,"minecraft:spruce_planks":10,"iceandfire:silver_ingot":6,"minecraft:oak_sapling":3,"minecraft:stone_pickaxe":2,"minecraft:wooden_pickaxe":4,"iceandfire:armor_copper_metal_leggings":1},"minecraft:used":{"minecraft:flint_and_steel":2,"minecraft:oak_trapdoor":1,"iceandfire:spawn_egg_ice_dragon":10,"minecraft:stone_sword":1,"iceandfire:armor_copper_metal_leggings":1,"minecraft:chest":2,"minecraft:shield":17,"minecraft:spruce_planks":15,"minecraft:iron_sword":139,"minecraft:wooden_shovel":21,"minecraft:rotten_flesh":7,"minecraft:torch":108,"iceandfire:armor_copper_metal_boots":1,"minecraft:dirt":11,"minecraft:spyglass":16,"minecraft:carrot":83,"iceandfire:spawn_egg_fire_dragon":17,"minecraft:spruce_boat":2,"minecraft:wooden_axe":10,"minecraft:grass_block":1,"iceandfire:spawn_egg_lightning_dragon":25,"minecraft:dark_oak_boat":2,"minecraft:sweet_berries":6,"minecraft:furnace":24,"iceandfire:armor_copper_metal_helmet":1,"minecraft:egg":1,"minecraft:cooked_beef":1,"minecraft:cooked_mutton":4,"minecraft:water_bucket":1,"minecraft:stone_pickaxe":423,"minecraft:wooden_pickaxe":30,"minecraft:leather_boots":1,"minecraft:mossy_cobblestone":1,"minecraft:sand":1,"minecraft:crafting_table":30,"minecraft:red_bed":1,"minecraft:white_bed":4,"iceandfire:silver_axe":26,"minecraft:spruce_log":5,"iceandfire:armor_copper_metal_chestplate":1,"iceandfire:copper_shovel":7,"minecraft:sunflower":7,"minecraft:iron_pickaxe":156,"minecraft:stone_axe":159,"minecraft:potion":3,"minecraft:cobblestone":38,"minecraft:cooked_porkchop":4,"minecraft:andesite":14,"minecraft:bucket":2,"minecraft:oak_boat":2,"alexsmobs:animal_dictionary":1,"iceandfire:dragonegg_red":8,"minecraft:golden_pickaxe":3},"minecraft:killed":{"alexsmobs:hummingbird":1,"alexsmobs:raccoon":2,"iceandfire:gorgon":1,"minecraft:spider":5,"minecraft:horse":1,"minecraft:skeleton":14,"iceandfire:dread_thrall":1,"minecraft:silverfish":4,"alexsmobs:kangaroo":1,"minecraft:pig":4,"iceandfire:cyclops":1,"minecraft:salmon":2,"alexsmobs:seal":3,"minecraft:creeper":6,"minecraft:sheep":2,"minecraft:zombie":14,"alexsmobs:gazelle":2,"alexsmobs:fly":2,"alexsmobs:crow":1}},"DataVersion":3465}