{"stats":{"minecraft:picked_up":{"minecraft:rotten_flesh":1,"minecraft:dirt":2},"minecraft:used":{"minecraft:rotten_flesh":1,"minecraft:dirt":1},"minecraft:dropped":{"minecraft:dirt":1},"minecraft:custom":{"minecraft:time_since_rest":21104,"minecraft:waystone_activated":1,"minecraft:crouch_one_cm":8096,"minecraft:sprint_one_cm":12528,"minecraft:play_time":21104,"minecraft:damage_taken":1013,"minecraft:walk_one_cm":59899,"minecraft:sneak_time":2179,"minecraft:walk_under_water_one_cm":3666,"minecraft:drop":1,"minecraft:jump":130,"minecraft:damage_dealt":77,"minecraft:leave_game":2,"minecraft:walk_on_water_one_cm":3917,"minecraft:time_since_death":21104,"minecraft:total_world_time":21104,"minecraft:swim_one_cm":8156,"minecraft:fall_one_cm":27681,"minecraft:fly_one_cm":15849},"minecraft:mined":{"cfm:oak_upgraded_fence":1,"minecraft:dirt":1}},"DataVersion":3465}