{"stats":{"minecraft:crafted":{"minecraft:oak_planks":84,"minecraft:spyglass":3,"minecraft:spruce_button":1,"minecraft:furnace":9,"iceandfire:armor_copper_metal_leggings":2,"iceandfire:armor_copper_metal_helmet":1,"iceandfire:armor_copper_metal_boots":2,"minecraft:oak_trapdoor":2,"iceandfire:copper_shovel":1,"minecraft:stone_pickaxe":5,"iceandfire:armor_copper_metal_chestplate":2,"minecraft:chest":2,"minecraft:oak_button":1,"minecraft:spruce_boat":1,"minecraft:dark_oak_planks":24,"iceandfire:silver_axe":1,"minecraft:wooden_shovel":2,"iceandfire:silver_ingot":10,"minecraft:crafting_table":9,"minecraft:spruce_planks":96,"minecraft:wooden_pickaxe":3,"minecraft:iron_sword":3,"minecraft:copper_ingot":60,"minecraft:bucket":3,"minecraft:stone_axe":3,"minecraft:air":0,"minecraft:white_wool":8,"minecraft:stick":92,"minecraft:iron_ingot":24,"minecraft:iron_pickaxe":3,"minecraft:stone_sword":1,"minecraft:white_bed":2,"minecraft:torch":144,"iceandfire:silver_sword":1},"minecraft:mined":{"minecraft:white_bed":3,"iceandfire:silver_ore":2,"minecraft:dark_oak_leaves":1,"minecraft:mossy_cobblestone":3,"minecraft:dark_oak_log":5,"iceandfire:frozen_stone":3,"minecraft:grass_block":12,"minecraft:spruce_leaves":3,"minecraft:furnace":17,"minecraft:iron_ore":15,"minecraft:andesite":45,"minecraft:stone":167,"minecraft:red_bed":1,"minecraft:amethyst_cluster":1,"iceandfire:dragon_ice_spikes":1,"minecraft:clay":1,"minecraft:crafting_table":16,"minecraft:cobblestone":21,"minecraft:tall_grass":8,"minecraft:copper_ore":24,"minecraft:oak_planks":4,"minecraft:pink_petals":1,"minecraft:sweet_berry_bush":2,"minecraft:spruce_log":24,"minecraft:grass":31,"minecraft:coal_ore":128,"minecraft:oak_log":22,"minecraft:dirt":87,"minecraft:sunflower":4,"minecraft:sand":1,"minecraft:cobweb":28,"minecraft:oak_leaves":1,"luckytntmod:gunpowder_ore":70},"minecraft:broken":{"minecraft:stone_pickaxe":2},"minecraft:custom":{"minecraft:interact_with_smithing_table":1,"minecraft:mob_kills":39,"minecraft:interact_with_crafting_table":38,"minecraft:open_barrel":1,"minecraft:damage_dealt_resisted":13,"minecraft:leave_game":3,"minecraft:time_since_death":1526,"minecraft:climb_one_cm":2989,"minecraft:sprint_one_cm":362636,"minecraft:walk_one_cm":217031,"minecraft:damage_blocked_by_shield":1140,"minecraft:drop":59,"minecraft:play_time":117005,"minecraft:deaths":12,"minecraft:sneak_time":17417,"minecraft:walk_under_water_one_cm":13316,"minecraft:jump":2737,"minecraft:walk_on_water_one_cm":26900,"minecraft:total_world_time":117005,"minecraft:interact_with_furnace":68,"minecraft:sleep_in_bed":5,"minecraft:time_since_rest":1551,"minecraft:waystone_activated":1,"minecraft:damage_taken":5950,"minecraft:damage_dealt":7517,"minecraft:swim_one_cm":69198,"minecraft:fly_one_cm":447570,"minecraft:open_chest":21,"minecraft:crouch_one_cm":71637,"minecraft:fall_one_cm":87038},"minecraft:picked_up":{"minecraft:birch_door":1,"minecraft:crafting_table":15,"minecraft:iron_trapdoor":1,"minecraft:clay_ball":4,"minecraft:golden_pickaxe":1,"minecraft:stone_slab":1,"iceandfire:armor_copper_metal_chestplate":2,"minecraft:enchanted_book":2,"minecraft:shield":4,"iceandfire:frozen_stone":6,"minecraft:waxed_cut_copper_slab":1,"minecraft:stone_stairs":1,"iceandfire:frozen_grass":1,"minecraft:red_bed":2,"immersive_melodies:lute":1,"minecraft:oak_trapdoor":1,"minecraft:string":75,"minecraft:dark_oak_trapdoor":1,"minecraft:raw_copper":151,"minecraft:iron_leggings":1,"artifacts:fire_gauntlet":1,"minecraft:gold_nugget":8,"minecraft:spruce_planks":28,"minecraft:calcite":5,"minecraft:iron_pickaxe":3,"hangglider:hang_glider":1,"minecraft:egg":1,"minecraft:furnace":19,"minecraft:golden_helmet":1,"minecraft:raw_iron":15,"iceandfire:armor_copper_metal_leggings":2,"minecraft:copper_ingot":16,"minecraft:torch":47,"minecraft:spruce_stairs":1,"minecraft:fire_charge":1,"minecraft:porkchop":3,"iceandfire:armor_copper_metal_boots":3,"minecraft:carrot":101,"minecraft:arrow":17,"iceandfire:silver_ingot":7,"minecraft:rotten_flesh":9,"minecraft:peony":1,"alexsmobs:kangaroo_meat":1,"minecraft:white_wool":2,"minecraft:cobblestone":483,"iceandfire:silver_axe":2,"minecraft:pink_petals":3,"minecraft:feather":15,"minecraft:salmon":1,"minecraft:water_bucket":3,"minecraft:andesite":74,"minecraft:leather":1,"minecraft:smoker":1,"minecraft:oak_log":21,"iceandfire:armor_copper_metal_helmet":1,"minecraft:gunpowder":956,"minecraft:dirt":115,"minecraft:name_tag":1,"minecraft:bone":72,"minecraft:wheat_seeds":7,"minecraft:raw_gold":34,"minecraft:iron_ingot":2,"minecraft:stone_pickaxe":3,"minecraft:oak_planks":58,"minecraft:iron_sword":6,"minecraft:dark_oak_slab":1,"minecraft:sweet_berries":4,"minecraft:spyglass":2,"minecraft:sand":1,"minecraft:amethyst_shard":20,"minecraft:ink_sac":3,"minecraft:white_bed":5,"minecraft:spruce_log":24,"minecraft:red_terracotta":2,"minecraft:dark_oak_log":6,"alexsmobs:animal_dictionary":1,"minecraft:mossy_cobblestone":2,"minecraft:diamond_shovel":1,"minecraft:spruce_boat":1,"iceandfire:silver_sword":1,"iceandfire:copper_shovel":1,"minecraft:stone_axe":2,"minecraft:spruce_sign":1,"minecraft:oak_sapling":2,"minecraft:coal":230,"iceandfire:raw_silver":14,"minecraft:sunflower":1},"minecraft:killed_by":{"minecraft:player":1,"iceandfire:ice_dragon":2},"minecraft:dropped":{"minecraft:iron_sword":5,"minecraft:wheat_seeds":2,"iceandfire:silver_axe":1,"minecraft:mossy_cobblestone":1,"minecraft:crafting_table":1,"iceandfire:armor_copper_metal_chestplate":1,"minecraft:spruce_button":1,"minecraft:emerald":1,"minecraft:dirt":1,"iceandfire:silver_sword":2,"minecraft:dark_oak_trapdoor":1,"iceandfire:armor_copper_metal_boots":1,"minecraft:sunflower":1,"immersive_melodies:triangle":1,"minecraft:iron_pickaxe":2,"minecraft:string":1,"minecraft:white_wool":2,"minecraft:bucket":2,"minecraft:stone_axe":2,"minecraft:spyglass":1,"minecraft:oak_trapdoor":2,"minecraft:rotten_flesh":3,"minecraft:clay_ball":4,"minecraft:stone_slab":1,"iceandfire:copper_shovel":1,"minecraft:carrot":2,"minecraft:shield":1,"minecraft:oak_button":1,"minecraft:spruce_planks":10,"iceandfire:silver_ingot":6,"minecraft:oak_sapling":2,"minecraft:stone_pickaxe":2,"minecraft:wooden_pickaxe":2,"iceandfire:armor_copper_metal_leggings":1},"minecraft:used":{"minecraft:oak_trapdoor":1,"minecraft:stone_sword":1,"iceandfire:armor_copper_metal_leggings":1,"minecraft:chest":2,"minecraft:shield":17,"minecraft:spruce_planks":11,"minecraft:iron_sword":58,"minecraft:wooden_shovel":16,"minecraft:rotten_flesh":6,"minecraft:torch":104,"iceandfire:armor_copper_metal_boots":1,"minecraft:dirt":8,"minecraft:spyglass":16,"minecraft:carrot":83,"minecraft:spruce_boat":2,"minecraft:sweet_berries":2,"minecraft:furnace":21,"iceandfire:armor_copper_metal_helmet":1,"minecraft:egg":1,"minecraft:water_bucket":1,"minecraft:stone_pickaxe":329,"minecraft:wooden_pickaxe":21,"minecraft:mossy_cobblestone":1,"minecraft:sand":1,"minecraft:crafting_table":22,"minecraft:red_bed":1,"minecraft:white_bed":4,"iceandfire:silver_axe":26,"iceandfire:armor_copper_metal_chestplate":1,"iceandfire:copper_shovel":7,"minecraft:iron_pickaxe":156,"minecraft:stone_axe":87,"minecraft:cobblestone":38,"minecraft:andesite":14,"minecraft:bucket":2,"alexsmobs:animal_dictionary":1,"minecraft:golden_pickaxe":3},"minecraft:killed":{"alexsmobs:hummingbird":1,"alexsmobs:raccoon":2,"minecraft:spider":3,"minecraft:horse":1,"minecraft:skeleton":7,"alexsmobs:kangaroo":1,"minecraft:pig":2,"minecraft:salmon":1,"alexsmobs:seal":1,"minecraft:creeper":5,"minecraft:zombie":13,"alexsmobs:crow":1}},"DataVersion":3465}