{"stats":{"minecraft:picked_up":{"minecraft:mud":2,"minecraft:crafting_table":9,"minecraft:chainmail_boots":3,"minecraft:iron_trapdoor":3,"minecraft:turtle_helmet":1,"minecraft:leather_leggings":5,"minecraft:gold_block":1,"biomesoplenty:huge_lily_pad":4,"minecraft:string":25,"minecraft:raw_copper":19,"immersive_melodies:lute":1,"minecraft:armor_stand":3,"minecraft:cobbled_deepslate":33,"minecraft:spruce_planks":39,"minecraft:beef":13,"hangglider:hang_glider":1,"minecraft:sugar_cane":22,"minecraft:furnace":8,"minecraft:stick":2,"minecraft:raw_iron":28,"minecraft:carrot":106,"minecraft:redstone":63,"minecraft:tnt":1,"artifacts:snorkel":1,"minecraft:arrow":5,"minecraft:rotten_flesh":19,"minecraft:obsidian":8,"minecraft:cobblestone":84,"minecraft:leather_chestplate":3,"minecraft:feather":1,"minecraft:leather":2,"paraglider:spirit_orb":6,"minecraft:chainmail_chestplate":1,"minecraft:lily_pad":5,"minecraft:gunpowder":4,"minecraft:dirt":30,"minecraft:bone":10,"minecraft:kelp":4,"minecraft:wheat_seeds":2,"minecraft:raw_gold":14,"minecraft:stone_pickaxe":1,"minecraft:cobweb":6,"minecraft:diamond_helmet":3,"alexsmobs:shark_tooth":2,"minecraft:sand":24,"minecraft:spruce_sapling":6,"minecraft:white_bed":1,"minecraft:spruce_log":36,"alexsmobs:animal_dictionary":1,"travelersbackpack:white_sleeping_bag":10,"alexsmobs:raw_catfish":26,"minecraft:slime_ball":8,"minecraft:stone_axe":2,"minecraft:spruce_boat":4,"minecraft:golden_apple":1,"alexsmobs:maggot":8,"minecraft:bubble_coral_block":2,"minecraft:coal":91},"minecraft:killed":{"alexsmobs:anaconda":1,"minecraft:spider":3,"alexsmobs:seagull":4,"minecraft:slime":13,"minecraft:skeleton":8,"minecraft:horse":1,"alexsmobs:leafcutter_ant":3,"artifacts:mimic":1,"minecraft:husk":11,"minecraft:creeper":3,"alexsmobs:catfish":9,"minecraft:zombie":11,"alexsmobs:cockroach":1,"alexsmobs:fly":5,"alexsmobs:crow":1,"minecraft:cow":7},"minecraft:used":{"minecraft:iron_shovel":16,"minecraft:stone_shovel":2,"minecraft:spruce_planks":24,"minecraft:shield":3,"minecraft:wooden_shovel":22,"minecraft:rotten_flesh":1,"minecraft:torch":64,"minecraft:dirt":24,"minecraft:carrot":91,"minecraft:obsidian":1,"minecraft:spruce_boat":3,"minecraft:iron_axe":8,"minecraft:furnace":10,"minecraft:cooked_beef":5,"minecraft:cobbled_deepslate":33,"alexsmobs:raw_catfish":1,"alexsmobs:cooked_catfish":6,"minecraft:water_bucket":3,"minecraft:stone_pickaxe":73,"minecraft:wooden_pickaxe":7,"minecraft:sand":3,"minecraft:crafting_table":9,"alexscaves:cave_book":9,"minecraft:white_bed":2,"minecraft:cake":1,"minecraft:mud":1,"minecraft:diamond_pickaxe":125,"travelersbackpack:white_sleeping_bag":9,"minecraft:stone_axe":117,"minecraft:diamond_sword":190,"minecraft:cobblestone":15,"minecraft:bucket":4,"alexsmobs:animal_dictionary":12,"minecraft:cobweb":6},"minecraft:dropped":{"minecraft:iron_helmet":1,"minecraft:coal":21,"alexsmobs:raw_catfish":15,"minecraft:stick":9,"minecraft:cobweb":6,"minecraft:dirt":1,"minecraft:iron_trapdoor":3,"minecraft:diamond_helmet":2,"minecraft:bubble_coral_block":2,"minecraft:sand":19,"minecraft:mud":1,"minecraft:paper":8,"minecraft:lily_pad":5,"minecraft:spruce_sapling":2,"minecraft:stone_axe":3,"minecraft:kelp":4,"alexsmobs:maggot":4,"minecraft:sugar_cane":11,"minecraft:rotten_flesh":8,"minecraft:chainmail_chestplate":1,"minecraft:leather_chestplate":3,"minecraft:spruce_boat":1,"minecraft:chainmail_boots":3,"minecraft:wooden_shovel":1,"minecraft:leather_leggings":5,"minecraft:spider_eye":5,"minecraft:wooden_pickaxe":1,"minecraft:arrow":2,"minecraft:beef":2,"minecraft:stone_pickaxe":1,"alexsmobs:shark_tooth":2},"minecraft:custom":{"minecraft:mob_kills":82,"minecraft:interact_with_crafting_table":25,"minecraft:open_barrel":14,"minecraft:eat_cake_slice":3,"minecraft:leave_game":4,"minecraft:time_since_death":90583,"minecraft:climb_one_cm":557,"minecraft:sprint_one_cm":289447,"minecraft:walk_one_cm":249309,"minecraft:damage_blocked_by_shield":90,"minecraft:drop":67,"minecraft:play_time":140517,"minecraft:deaths":1,"minecraft:sneak_time":11165,"minecraft:walk_under_water_one_cm":21377,"minecraft:boat_one_cm":104948,"minecraft:jump":2564,"minecraft:interact_with_blast_furnace":1,"minecraft:walk_on_water_one_cm":33045,"minecraft:total_world_time":140517,"minecraft:interact_with_furnace":60,"minecraft:tune_noteblock":1,"minecraft:interact_with_cartography_table":1,"minecraft:interact_with_loom":8,"minecraft:sleep_in_bed":12,"minecraft:time_since_rest":11296,"minecraft:waystone_activated":1,"minecraft:damage_taken":3378,"minecraft:damage_dealt":14742,"minecraft:swim_one_cm":104968,"minecraft:fly_one_cm":460540,"minecraft:open_chest":23,"minecraft:crouch_one_cm":46249,"minecraft:fall_one_cm":82818},"minecraft:mined":{"minecraft:spruce_planks":4,"biomesoplenty:watergrass":15,"minecraft:white_bed":1,"minecraft:jungle_leaves":1,"minecraft:obsidian":8,"minecraft:grass_block":6,"travelersbackpack:white_sleeping_bag":9,"minecraft:spruce_leaves":18,"minecraft:sandstone":1,"minecraft:spawner":3,"luckytntmod:deepslate_uranium_ore":5,"minecraft:tall_seagrass":2,"minecraft:furnace":8,"minecraft:iron_ore":14,"minecraft:cobbled_deepslate":1,"minecraft:gold_block":1,"cfm:oak_upgraded_fence":1,"biomesoplenty:high_grass":3,"minecraft:deepslate_iron_ore":14,"minecraft:stone":50,"minecraft:deepslate_redstone_ore":14,"minecraft:crafting_table":8,"biomesoplenty:high_grass_plant":1,"minecraft:copper_ore":5,"minecraft:deepslate_gold_ore":14,"minecraft:sugar_cane":5,"minecraft:seagrass":1,"biomesoplenty:huge_lily_pad":3,"minecraft:mud":1,"minecraft:spruce_log":11,"minecraft:birch_leaves":1,"minecraft:tnt":1,"minecraft:grass":13,"biomesoplenty:clover":1,"minecraft:coal_ore":33,"minecraft:sand":12,"minecraft:dirt":18,"minecraft:cobweb":24,"minecraft:netherrack":1,"minecraft:iron_trapdoor":1,"minecraft:deepslate":32,"minecraft:fern":4},"minecraft:crafted":{"minecraft:stone_shovel":2,"minecraft:furnace":3,"minecraft:iron_axe":1,"minecraft:stone_pickaxe":1,"minecraft:spruce_boat":2,"alexsmobs:cooked_catfish":7,"minecraft:cooked_beef":11,"minecraft:wooden_shovel":1,"minecraft:diamond_sword":1,"minecraft:crafting_table":3,"minecraft:spruce_planks":108,"minecraft:wooden_pickaxe":1,"minecraft:iron_helmet":1,"minecraft:copper_ingot":19,"minecraft:bucket":1,"minecraft:stone_axe":2,"minecraft:air":0,"minecraft:white_wool":3,"minecraft:iron_chestplate":1,"minecraft:diamond_pickaxe":1,"minecraft:shield":1,"minecraft:stick":100,"minecraft:iron_ingot":29,"minecraft:gold_ingot":25,"minecraft:iron_leggings":1,"minecraft:white_bed":1,"minecraft:torch":72}},"DataVersion":3465}