{"stats":{"minecraft:picked_up":{"minecraft:mud":1,"minecraft:crafting_table":5,"minecraft:feather":1,"biomesoplenty:huge_lily_pad":2,"minecraft:lily_pad":5,"minecraft:dirt":17,"immersive_melodies:lute":1,"minecraft:spruce_planks":35,"minecraft:stone_pickaxe":1,"hangglider:hang_glider":1,"minecraft:sugar_cane":22,"minecraft:stick":2,"minecraft:sand":24,"minecraft:spruce_sapling":5,"minecraft:spruce_log":36,"minecraft:carrot":104,"alexsmobs:animal_dictionary":1,"travelersbackpack:white_sleeping_bag":2,"minecraft:rotten_flesh":9,"minecraft:stone_axe":1,"minecraft:spruce_boat":4,"alexsmobs:maggot":8,"minecraft:cobblestone":75},"minecraft:killed":{"minecraft:husk":5,"minecraft:zombie":1,"alexsmobs:fly":5,"alexsmobs:crow":1},"minecraft:used":{"minecraft:stone_shovel":2,"minecraft:stone_pickaxe":35,"minecraft:wooden_pickaxe":7,"minecraft:wooden_shovel":22,"minecraft:rotten_flesh":1,"minecraft:dirt":6,"minecraft:crafting_table":5,"minecraft:carrot":38,"minecraft:spruce_boat":3,"travelersbackpack:white_sleeping_bag":1,"minecraft:stone_axe":62,"alexsmobs:animal_dictionary":5},"minecraft:custom":{"minecraft:mob_kills":12,"minecraft:interact_with_crafting_table":6,"minecraft:leave_game":2,"minecraft:time_since_death":7170,"minecraft:sleep_in_bed":1,"minecraft:climb_one_cm":202,"minecraft:time_since_rest":7254,"minecraft:waystone_activated":1,"minecraft:sprint_one_cm":102092,"minecraft:walk_one_cm":128190,"minecraft:damage_taken":1708,"minecraft:drop":9,"minecraft:damage_dealt":2757,"minecraft:swim_one_cm":19530,"minecraft:fly_one_cm":198437,"minecraft:open_chest":14,"minecraft:crouch_one_cm":17134,"minecraft:play_time":57104,"minecraft:deaths":1,"minecraft:sneak_time":4208,"minecraft:walk_under_water_one_cm":7533,"minecraft:boat_one_cm":104948,"minecraft:jump":985,"minecraft:walk_on_water_one_cm":14595,"minecraft:total_world_time":57104,"minecraft:fall_one_cm":44058},"minecraft:dropped":{"minecraft:stone_axe":1,"minecraft:dirt":1,"minecraft:wooden_shovel":1,"minecraft:wooden_pickaxe":1,"minecraft:lily_pad":5},"minecraft:mined":{"biomesoplenty:watergrass":10,"minecraft:jungle_leaves":1,"minecraft:crafting_table":4,"biomesoplenty:high_grass_plant":1,"travelersbackpack:white_sleeping_bag":1,"minecraft:spruce_leaves":18,"minecraft:sugar_cane":5,"minecraft:sandstone":1,"minecraft:seagrass":1,"biomesoplenty:huge_lily_pad":1,"minecraft:mud":1,"minecraft:spruce_log":11,"cfm:oak_upgraded_fence":1,"minecraft:grass":8,"biomesoplenty:high_grass":3,"minecraft:sand":12,"minecraft:dirt":11,"minecraft:stone":41},"minecraft:crafted":{"minecraft:wooden_shovel":1,"minecraft:stone_shovel":2,"minecraft:crafting_table":2,"minecraft:spruce_planks":72,"minecraft:wooden_pickaxe":1,"minecraft:stone_axe":2,"minecraft:stick":24,"minecraft:stone_pickaxe":1,"minecraft:spruce_boat":2}},"DataVersion":3465}