{"stats":{"minecraft:crafted":{"minecraft:oak_planks":16,"minecraft:wooden_shovel":2,"iceandfire:silver_ingot":2,"minecraft:crafting_table":6,"minecraft:spruce_planks":96,"minecraft:spruce_button":1,"minecraft:wooden_pickaxe":3,"minecraft:furnace":4,"iceandfire:armor_copper_metal_leggings":2,"minecraft:copper_ingot":42,"minecraft:stone_axe":3,"iceandfire:armor_copper_metal_boots":2,"minecraft:air":0,"iceandfire:armor_copper_metal_helmet":1,"iceandfire:copper_shovel":1,"minecraft:stick":72,"iceandfire:armor_copper_metal_chestplate":2,"minecraft:stone_pickaxe":5,"minecraft:stone_sword":1,"minecraft:oak_button":1,"minecraft:spruce_boat":1,"minecraft:dark_oak_planks":24,"minecraft:torch":108,"iceandfire:silver_sword":1},"minecraft:mined":{"iceandfire:silver_ore":2,"minecraft:mossy_cobblestone":3,"minecraft:dark_oak_log":5,"minecraft:crafting_table":13,"minecraft:grass_block":6,"minecraft:copper_ore":24,"minecraft:tall_grass":5,"minecraft:cobblestone":21,"minecraft:spruce_leaves":3,"minecraft:oak_planks":4,"minecraft:furnace":11,"minecraft:iron_ore":2,"minecraft:sweet_berry_bush":2,"minecraft:spruce_log":24,"minecraft:andesite":34,"minecraft:grass":18,"minecraft:oak_log":4,"minecraft:coal_ore":83,"minecraft:sunflower":4,"minecraft:sand":1,"minecraft:dirt":19,"minecraft:stone":147,"minecraft:oak_leaves":1},"minecraft:broken":{"minecraft:stone_pickaxe":2},"minecraft:custom":{"minecraft:interact_with_furnace":41,"minecraft:mob_kills":24,"minecraft:interact_with_crafting_table":24,"minecraft:leave_game":3,"minecraft:time_since_death":39643,"minecraft:climb_one_cm":2617,"minecraft:time_since_rest":39669,"minecraft:waystone_activated":1,"minecraft:sprint_one_cm":208871,"minecraft:damage_taken":2930,"minecraft:walk_one_cm":142529,"minecraft:damage_blocked_by_shield":870,"minecraft:drop":22,"minecraft:damage_dealt":5156,"minecraft:swim_one_cm":29140,"minecraft:fly_one_cm":261556,"minecraft:open_chest":3,"minecraft:crouch_one_cm":40344,"minecraft:play_time":69005,"minecraft:deaths":5,"minecraft:sneak_time":10147,"minecraft:walk_under_water_one_cm":4658,"minecraft:jump":1635,"minecraft:walk_on_water_one_cm":11501,"minecraft:total_world_time":69005,"minecraft:fall_one_cm":57139},"minecraft:picked_up":{"minecraft:crafting_table":13,"minecraft:andesite":23,"minecraft:stone_slab":1,"minecraft:oak_log":4,"minecraft:shield":2,"minecraft:dirt":40,"minecraft:string":3,"minecraft:raw_copper":114,"minecraft:bone":2,"minecraft:wheat_seeds":2,"minecraft:stone_pickaxe":1,"minecraft:oak_planks":4,"minecraft:furnace":11,"minecraft:egg":1,"minecraft:raw_iron":2,"minecraft:sweet_berries":4,"minecraft:copper_ingot":2,"minecraft:torch":3,"minecraft:porkchop":3,"minecraft:sand":1,"minecraft:spruce_log":24,"minecraft:carrot":42,"minecraft:dark_oak_log":6,"minecraft:mossy_cobblestone":2,"minecraft:arrow":3,"minecraft:rotten_flesh":5,"minecraft:stone_axe":1,"iceandfire:silver_sword":1,"minecraft:oak_sapling":1,"minecraft:coal":103,"alexsmobs:kangaroo_meat":1,"iceandfire:raw_silver":2,"minecraft:cobblestone":169,"minecraft:sunflower":1},"minecraft:killed_by":{"minecraft:player":1},"minecraft:dropped":{"minecraft:stone_axe":2,"minecraft:wheat_seeds":1,"minecraft:mossy_cobblestone":1,"minecraft:crafting_table":1,"iceandfire:armor_copper_metal_chestplate":1,"minecraft:spruce_button":1,"minecraft:carrot":2,"minecraft:oak_button":1,"minecraft:spruce_planks":6,"iceandfire:silver_sword":2,"minecraft:oak_sapling":1,"iceandfire:armor_copper_metal_boots":1,"minecraft:sunflower":1,"minecraft:wooden_pickaxe":2,"minecraft:stone_pickaxe":1,"immersive_melodies:triangle":1,"iceandfire:armor_copper_metal_leggings":1,"minecraft:string":1},"minecraft:used":{"minecraft:stone_sword":1,"iceandfire:armor_copper_metal_leggings":1,"minecraft:stone_pickaxe":316,"minecraft:wooden_pickaxe":21,"minecraft:spruce_planks":11,"minecraft:shield":13,"minecraft:wooden_shovel":16,"minecraft:torch":74,"iceandfire:armor_copper_metal_boots":1,"minecraft:mossy_cobblestone":1,"minecraft:sand":1,"minecraft:crafting_table":15,"minecraft:carrot":50,"iceandfire:armor_copper_metal_chestplate":1,"iceandfire:copper_shovel":7,"minecraft:cobblestone":30,"minecraft:stone_axe":84,"minecraft:sweet_berries":2,"minecraft:furnace":15,"iceandfire:armor_copper_metal_helmet":1,"minecraft:andesite":5,"alexsmobs:animal_dictionary":1,"minecraft:egg":1},"minecraft:killed":{"minecraft:pig":2,"alexsmobs:raccoon":1,"minecraft:spider":3,"minecraft:creeper":4,"minecraft:skeleton":5,"minecraft:zombie":8,"alexsmobs:kangaroo":1}},"DataVersion":3465}