{"stats":{"minecraft:crafted":{"minecraft:oak_planks":16,"minecraft:wooden_shovel":2,"iceandfire:silver_ingot":2,"minecraft:crafting_table":6,"minecraft:spruce_planks":96,"minecraft:spruce_button":1,"minecraft:wooden_pickaxe":3,"minecraft:furnace":2,"iceandfire:armor_copper_metal_leggings":2,"minecraft:copper_ingot":42,"minecraft:stone_axe":3,"iceandfire:armor_copper_metal_helmet":1,"minecraft:air":0,"iceandfire:armor_copper_metal_boots":2,"iceandfire:copper_shovel":1,"minecraft:stick":72,"iceandfire:armor_copper_metal_chestplate":2,"minecraft:stone_pickaxe":3,"minecraft:stone_sword":1,"minecraft:oak_button":1,"minecraft:spruce_boat":1,"minecraft:dark_oak_planks":24,"minecraft:torch":60,"iceandfire:silver_sword":1},"minecraft:mined":{"iceandfire:silver_ore":2,"minecraft:mossy_cobblestone":3,"minecraft:dark_oak_log":5,"minecraft:crafting_table":11,"minecraft:grass_block":6,"minecraft:copper_ore":24,"minecraft:cobblestone":19,"minecraft:tall_grass":5,"minecraft:spruce_leaves":3,"minecraft:oak_planks":4,"minecraft:furnace":7,"minecraft:sweet_berry_bush":2,"minecraft:spruce_log":24,"minecraft:grass":18,"minecraft:oak_log":4,"minecraft:coal_ore":72,"minecraft:sunflower":4,"minecraft:dirt":12,"minecraft:sand":1,"minecraft:stone":118,"minecraft:oak_leaves":1},"minecraft:broken":{"minecraft:stone_pickaxe":1},"minecraft:custom":{"minecraft:interact_with_furnace":34,"minecraft:mob_kills":10,"minecraft:interact_with_crafting_table":22,"minecraft:leave_game":2,"minecraft:time_since_death":28499,"minecraft:climb_one_cm":2617,"minecraft:time_since_rest":28525,"minecraft:waystone_activated":1,"minecraft:sprint_one_cm":168691,"minecraft:damage_taken":2540,"minecraft:walk_one_cm":114946,"minecraft:damage_blocked_by_shield":135,"minecraft:drop":19,"minecraft:damage_dealt":2403,"minecraft:swim_one_cm":25044,"minecraft:fly_one_cm":202277,"minecraft:open_chest":3,"minecraft:crouch_one_cm":29436,"minecraft:play_time":57861,"minecraft:deaths":5,"minecraft:sneak_time":7584,"minecraft:walk_under_water_one_cm":3722,"minecraft:jump":1358,"minecraft:walk_on_water_one_cm":8225,"minecraft:total_world_time":57861,"minecraft:fall_one_cm":46756},"minecraft:picked_up":{"minecraft:crafting_table":11,"minecraft:stone_slab":1,"minecraft:oak_log":4,"minecraft:shield":1,"minecraft:string":2,"minecraft:dirt":33,"minecraft:raw_copper":114,"minecraft:wheat_seeds":2,"minecraft:stone_pickaxe":1,"minecraft:oak_planks":4,"minecraft:furnace":7,"minecraft:egg":1,"minecraft:sweet_berries":4,"minecraft:copper_ingot":2,"minecraft:torch":3,"minecraft:porkchop":3,"minecraft:sand":1,"minecraft:spruce_log":24,"minecraft:carrot":42,"minecraft:dark_oak_log":6,"minecraft:mossy_cobblestone":2,"minecraft:arrow":1,"minecraft:rotten_flesh":2,"iceandfire:silver_sword":1,"minecraft:stone_axe":1,"minecraft:oak_sapling":1,"minecraft:coal":92,"alexsmobs:kangaroo_meat":1,"iceandfire:raw_silver":2,"minecraft:cobblestone":142,"minecraft:sunflower":1},"minecraft:killed_by":{"minecraft:player":1},"minecraft:dropped":{"minecraft:stone_axe":2,"minecraft:wheat_seeds":1,"minecraft:mossy_cobblestone":1,"minecraft:crafting_table":1,"minecraft:spruce_button":1,"minecraft:carrot":2,"minecraft:oak_button":1,"minecraft:spruce_planks":6,"iceandfire:silver_sword":2,"minecraft:oak_sapling":1,"minecraft:wooden_pickaxe":2,"minecraft:sunflower":1,"minecraft:stone_pickaxe":1,"immersive_melodies:triangle":1,"minecraft:string":1},"minecraft:used":{"minecraft:stone_sword":1,"iceandfire:armor_copper_metal_leggings":1,"minecraft:stone_pickaxe":229,"minecraft:shield":1,"minecraft:spruce_planks":11,"minecraft:wooden_pickaxe":21,"minecraft:wooden_shovel":16,"minecraft:torch":35,"minecraft:mossy_cobblestone":1,"iceandfire:armor_copper_metal_boots":1,"minecraft:sand":1,"minecraft:crafting_table":13,"minecraft:carrot":28,"iceandfire:armor_copper_metal_chestplate":1,"iceandfire:copper_shovel":3,"minecraft:stone_axe":51,"minecraft:cobblestone":19,"minecraft:sweet_berries":2,"minecraft:furnace":7,"iceandfire:armor_copper_metal_helmet":1,"alexsmobs:animal_dictionary":1,"minecraft:egg":1},"minecraft:killed":{"minecraft:pig":2,"alexsmobs:raccoon":1,"minecraft:spider":1,"minecraft:creeper":1,"minecraft:skeleton":1,"minecraft:zombie":3,"alexsmobs:kangaroo":1}},"DataVersion":3465}