{"stats":{"minecraft:crafted":{"iceandfire:silver_axe":1,"minecraft:oak_planks":16,"minecraft:wooden_shovel":2,"iceandfire:silver_ingot":10,"minecraft:crafting_table":6,"minecraft:spruce_planks":96,"minecraft:spruce_button":1,"minecraft:wooden_pickaxe":3,"minecraft:iron_sword":3,"minecraft:furnace":4,"iceandfire:armor_copper_metal_leggings":2,"minecraft:copper_ingot":60,"minecraft:bucket":3,"minecraft:stone_axe":3,"iceandfire:armor_copper_metal_boots":2,"minecraft:air":0,"iceandfire:armor_copper_metal_helmet":1,"iceandfire:copper_shovel":1,"minecraft:white_wool":6,"minecraft:stick":84,"minecraft:iron_pickaxe":3,"minecraft:iron_ingot":24,"iceandfire:armor_copper_metal_chestplate":2,"minecraft:stone_pickaxe":5,"minecraft:white_bed":2,"minecraft:stone_sword":1,"minecraft:oak_button":1,"minecraft:spruce_boat":1,"minecraft:dark_oak_planks":24,"minecraft:torch":108,"iceandfire:silver_sword":1},"minecraft:mined":{"iceandfire:silver_ore":2,"minecraft:mossy_cobblestone":3,"minecraft:dark_oak_log":5,"minecraft:crafting_table":15,"minecraft:grass_block":6,"minecraft:copper_ore":24,"minecraft:tall_grass":5,"minecraft:cobblestone":21,"minecraft:spruce_leaves":3,"minecraft:oak_planks":4,"minecraft:furnace":15,"minecraft:iron_ore":14,"minecraft:sweet_berry_bush":2,"minecraft:spruce_log":24,"minecraft:andesite":43,"minecraft:grass":18,"minecraft:oak_log":22,"minecraft:coal_ore":118,"minecraft:sunflower":4,"minecraft:sand":1,"minecraft:dirt":19,"minecraft:cobweb":26,"minecraft:stone":149,"minecraft:oak_leaves":1,"luckytntmod:gunpowder_ore":17},"minecraft:broken":{"minecraft:stone_pickaxe":2},"minecraft:custom":{"minecraft:interact_with_furnace":61,"minecraft:mob_kills":28,"minecraft:interact_with_crafting_table":30,"minecraft:leave_game":3,"minecraft:time_since_death":51643,"minecraft:climb_one_cm":2783,"minecraft:time_since_rest":51669,"minecraft:waystone_activated":1,"minecraft:sprint_one_cm":250746,"minecraft:damage_taken":3071,"minecraft:walk_one_cm":161771,"minecraft:damage_blocked_by_shield":1140,"minecraft:drop":41,"minecraft:damage_dealt":5976,"minecraft:swim_one_cm":32394,"minecraft:fly_one_cm":310171,"minecraft:open_chest":3,"minecraft:crouch_one_cm":49939,"minecraft:play_time":81005,"minecraft:deaths":5,"minecraft:sneak_time":12266,"minecraft:walk_under_water_one_cm":6210,"minecraft:jump":1909,"minecraft:walk_on_water_one_cm":14983,"minecraft:total_world_time":81005,"minecraft:fall_one_cm":67236},"minecraft:picked_up":{"minecraft:crafting_table":15,"minecraft:andesite":32,"minecraft:stone_slab":1,"minecraft:oak_log":21,"minecraft:shield":2,"minecraft:gunpowder":73,"minecraft:dirt":40,"minecraft:string":28,"minecraft:raw_copper":117,"minecraft:bone":3,"minecraft:wheat_seeds":2,"minecraft:stone_pickaxe":1,"minecraft:iron_sword":2,"minecraft:oak_planks":4,"minecraft:furnace":15,"minecraft:egg":1,"minecraft:raw_iron":14,"minecraft:sweet_berries":4,"minecraft:copper_ingot":3,"minecraft:torch":3,"minecraft:porkchop":3,"minecraft:sand":1,"minecraft:spruce_log":24,"minecraft:carrot":42,"minecraft:dark_oak_log":6,"minecraft:mossy_cobblestone":2,"iceandfire:silver_ingot":1,"iceandfire:copper_shovel":1,"minecraft:arrow":4,"minecraft:rotten_flesh":7,"minecraft:stone_axe":1,"iceandfire:silver_sword":1,"minecraft:oak_sapling":2,"minecraft:coal":163,"alexsmobs:kangaroo_meat":1,"iceandfire:raw_silver":2,"minecraft:cobblestone":179,"minecraft:sunflower":1},"minecraft:killed_by":{"minecraft:player":1},"minecraft:dropped":{"minecraft:iron_sword":4,"minecraft:stone_axe":2,"minecraft:wheat_seeds":2,"minecraft:mossy_cobblestone":1,"minecraft:crafting_table":1,"iceandfire:armor_copper_metal_chestplate":1,"minecraft:spruce_button":1,"iceandfire:copper_shovel":1,"minecraft:carrot":2,"minecraft:shield":1,"minecraft:oak_button":1,"minecraft:spruce_planks":6,"iceandfire:silver_sword":2,"iceandfire:silver_ingot":6,"minecraft:oak_sapling":2,"iceandfire:armor_copper_metal_boots":1,"minecraft:sunflower":1,"minecraft:wooden_pickaxe":2,"minecraft:stone_pickaxe":2,"immersive_melodies:triangle":1,"minecraft:iron_pickaxe":2,"iceandfire:armor_copper_metal_leggings":1,"minecraft:string":1,"minecraft:bucket":2},"minecraft:used":{"minecraft:stone_sword":1,"iceandfire:armor_copper_metal_leggings":1,"minecraft:stone_pickaxe":329,"minecraft:wooden_pickaxe":21,"minecraft:spruce_planks":11,"minecraft:shield":17,"minecraft:iron_sword":38,"minecraft:wooden_shovel":16,"minecraft:torch":95,"iceandfire:armor_copper_metal_boots":1,"minecraft:mossy_cobblestone":1,"minecraft:sand":1,"minecraft:crafting_table":17,"minecraft:carrot":58,"iceandfire:silver_axe":21,"iceandfire:armor_copper_metal_chestplate":1,"iceandfire:copper_shovel":7,"minecraft:iron_pickaxe":66,"minecraft:cobblestone":30,"minecraft:stone_axe":84,"minecraft:sweet_berries":2,"minecraft:furnace":15,"iceandfire:armor_copper_metal_helmet":1,"minecraft:andesite":14,"alexsmobs:animal_dictionary":1,"minecraft:egg":1},"minecraft:killed":{"minecraft:pig":2,"alexsmobs:raccoon":1,"minecraft:spider":3,"minecraft:creeper":5,"minecraft:skeleton":6,"minecraft:zombie":10,"alexsmobs:kangaroo":1}},"DataVersion":3465}