{"stats":{"minecraft:crafted":{"minecraft:stone_shovel":1,"minecraft:oak_planks":96,"minecraft:dark_oak_boat":2,"minecraft:spyglass":3,"minecraft:spruce_button":1,"minecraft:furnace":11,"iceandfire:armor_copper_metal_leggings":2,"minecraft:cooked_mutton":6,"iceandfire:armor_copper_metal_helmet":1,"iceandfire:armor_copper_metal_boots":2,"minecraft:oak_trapdoor":2,"iceandfire:copper_shovel":1,"minecraft:stone_pickaxe":9,"iceandfire:armor_copper_metal_chestplate":2,"minecraft:chest":2,"minecraft:oak_button":1,"minecraft:spruce_boat":1,"minecraft:dark_oak_planks":100,"iceandfire:silver_axe":1,"minecraft:cooked_beef":1,"minecraft:wooden_shovel":4,"minecraft:cooked_porkchop":4,"iceandfire:silver_ingot":10,"minecraft:crafting_table":13,"minecraft:spruce_planks":200,"minecraft:wooden_pickaxe":5,"minecraft:iron_sword":3,"minecraft:copper_ingot":60,"minecraft:bucket":3,"minecraft:stone_axe":6,"minecraft:air":0,"minecraft:oak_boat":1,"minecraft:white_wool":8,"minecraft:stick":120,"minecraft:iron_ingot":24,"minecraft:iron_pickaxe":3,"minecraft:stone_sword":1,"minecraft:white_bed":2,"minecraft:torch":144,"iceandfire:silver_sword":1},"minecraft:mined":{"minecraft:white_bed":3,"iceandfire:silver_ore":2,"minecraft:dark_oak_leaves":1,"minecraft:mossy_cobblestone":3,"minecraft:dark_oak_log":6,"iceandfire:frozen_stone":3,"minecraft:grass_block":16,"minecraft:spruce_leaves":13,"minecraft:furnace":19,"minecraft:iron_ore":15,"minecraft:andesite":45,"minecraft:pumpkin":2,"fossilsorigins:fossilised_sand":1,"minecraft:stone":225,"minecraft:red_bed":1,"minecraft:amethyst_cluster":1,"iceandfire:dragon_ice_spikes":1,"minecraft:clay":1,"minecraft:crafting_table":21,"minecraft:stone_slab":1,"minecraft:cobblestone":21,"minecraft:tall_grass":22,"minecraft:copper_ore":24,"minecraft:sugar_cane":2,"minecraft:oak_planks":4,"minecraft:pink_petals":1,"minecraft:seagrass":1,"minecraft:ice":1,"minecraft:sweet_berry_bush":5,"minecraft:spruce_log":56,"minecraft:grass":49,"minecraft:coal_ore":129,"minecraft:oak_log":25,"minecraft:cherry_leaves":2,"minecraft:dirt":91,"minecraft:sunflower":7,"minecraft:sand":1,"minecraft:cobweb":28,"minecraft:cracked_stone_bricks":1,"minecraft:stone_bricks":8,"minecraft:mossy_stone_bricks":1,"minecraft:oak_leaves":6,"luckytntmod:gunpowder_ore":70},"minecraft:broken":{"minecraft:stone_pickaxe":2},"minecraft:custom":{"minecraft:interact_with_smithing_table":1,"minecraft:mob_kills":48,"minecraft:interact_with_crafting_table":59,"minecraft:open_barrel":1,"minecraft:damage_dealt_resisted":13,"minecraft:leave_game":3,"minecraft:time_since_death":1218,"minecraft:climb_one_cm":3031,"minecraft:sprint_one_cm":440327,"minecraft:walk_one_cm":279269,"minecraft:damage_blocked_by_shield":1140,"minecraft:drop":81,"minecraft:talked_to_villager":1,"minecraft:play_time":153005,"minecraft:deaths":15,"minecraft:sneak_time":20319,"minecraft:walk_under_water_one_cm":23468,"minecraft:boat_one_cm":250745,"minecraft:jump":3665,"minecraft:walk_on_water_one_cm":30735,"minecraft:total_world_time":153005,"minecraft:interact_with_furnace":79,"minecraft:sleep_in_bed":5,"minecraft:time_since_rest":1247,"minecraft:waystone_activated":1,"minecraft:damage_taken":2147483647,"minecraft:damage_dealt":8983,"minecraft:swim_one_cm":106250,"minecraft:fly_one_cm":603701,"minecraft:open_chest":23,"minecraft:crouch_one_cm":84694,"minecraft:fall_one_cm":115877},"minecraft:picked_up":{"minecraft:birch_door":1,"minecraft:crafting_table":20,"minecraft:wooden_pickaxe":1,"minecraft:iron_trapdoor":1,"minecraft:clay_ball":4,"minecraft:golden_pickaxe":1,"minecraft:stone_slab":2,"iceandfire:armor_copper_metal_chestplate":2,"minecraft:enchanted_book":2,"alexsmobs:gazelle_horn":2,"minecraft:shield":4,"iceandfire:frozen_stone":6,"minecraft:waxed_cut_copper_slab":1,"minecraft:stone_stairs":1,"iceandfire:frozen_grass":1,"minecraft:red_bed":2,"immersive_melodies:lute":1,"minecraft:oak_trapdoor":1,"minecraft:string":75,"minecraft:dark_oak_trapdoor":1,"minecraft:raw_copper":151,"minecraft:iron_leggings":1,"artifacts:fire_gauntlet":1,"minecraft:cracked_stone_bricks":1,"minecraft:gold_nugget":8,"minecraft:spruce_planks":45,"minecraft:beef":1,"minecraft:oak_boat":2,"iceandfire:dread_shard":1,"minecraft:calcite":5,"minecraft:iron_pickaxe":3,"hangglider:hang_glider":1,"minecraft:sugar_cane":6,"minecraft:egg":1,"minecraft:furnace":21,"minecraft:golden_helmet":1,"minecraft:stick":3,"minecraft:raw_iron":15,"iceandfire:armor_copper_metal_leggings":2,"minecraft:copper_ingot":16,"minecraft:torch":47,"minecraft:spruce_stairs":1,"minecraft:fire_charge":1,"minecraft:porkchop":3,"iceandfire:armor_copper_metal_boots":3,"minecraft:carrot":101,"minecraft:arrow":17,"iceandfire:silver_ingot":7,"minecraft:rotten_flesh":9,"minecraft:peony":1,"minecraft:mutton":6,"alexsmobs:kangaroo_meat":1,"minecraft:white_wool":4,"minecraft:cobblestone":541,"iceandfire:silver_axe":2,"minecraft:pink_petals":3,"minecraft:feather":15,"minecraft:salmon":1,"minecraft:water_bucket":3,"minecraft:andesite":74,"minecraft:dark_oak_boat":1,"minecraft:leather":1,"minecraft:smoker":1,"minecraft:oak_log":28,"iceandfire:armor_copper_metal_helmet":1,"minecraft:gunpowder":956,"minecraft:dirt":123,"minecraft:name_tag":1,"minecraft:cooked_mutton":2,"minecraft:bone":73,"minecraft:stone_bricks":5,"minecraft:wheat_seeds":9,"minecraft:raw_gold":34,"minecraft:iron_ingot":2,"minecraft:stone_pickaxe":3,"minecraft:mossy_stone_bricks":1,"minecraft:oak_planks":58,"minecraft:iron_sword":6,"minecraft:dark_oak_slab":1,"minecraft:pumpkin":2,"minecraft:sweet_berries":8,"minecraft:spyglass":2,"minecraft:sand":1,"minecraft:amethyst_shard":20,"minecraft:spruce_sapling":2,"minecraft:ink_sac":3,"minecraft:white_bed":5,"minecraft:spruce_log":95,"minecraft:spider_eye":1,"minecraft:red_terracotta":2,"minecraft:dark_oak_log":26,"alexsmobs:animal_dictionary":1,"minecraft:mossy_cobblestone":2,"minecraft:diamond_shovel":1,"minecraft:spruce_boat":1,"iceandfire:silver_sword":1,"iceandfire:copper_shovel":1,"minecraft:stone_axe":2,"minecraft:cherry_sapling":1,"minecraft:spruce_sign":1,"minecraft:chainmail_helmet":1,"minecraft:oak_sapling":3,"minecraft:coal":231,"iceandfire:raw_silver":14,"minecraft:sunflower":6},"minecraft:killed_by":{"minecraft:player":1,"iceandfire:gorgon":1,"iceandfire:ice_dragon":2},"minecraft:dropped":{"minecraft:moss_block":4,"minecraft:iron_sword":5,"minecraft:wheat_seeds":4,"iceandfire:silver_axe":1,"minecraft:mossy_cobblestone":1,"minecraft:crafting_table":1,"minecraft:cooked_porkchop":2,"iceandfire:armor_copper_metal_chestplate":1,"minecraft:spruce_button":1,"minecraft:emerald":1,"minecraft:dirt":2,"iceandfire:silver_sword":2,"minecraft:dark_oak_trapdoor":1,"iceandfire:armor_copper_metal_boots":1,"minecraft:sunflower":6,"immersive_melodies:triangle":1,"minecraft:iron_pickaxe":2,"minecraft:string":1,"minecraft:white_wool":2,"minecraft:bucket":2,"minecraft:stone_axe":3,"minecraft:spyglass":1,"minecraft:oak_trapdoor":2,"minecraft:cherry_sapling":1,"minecraft:rotten_flesh":3,"minecraft:clay_ball":4,"minecraft:stone_slab":2,"minecraft:cooked_mutton":3,"iceandfire:copper_shovel":1,"minecraft:carrot":2,"minecraft:shield":1,"minecraft:oak_button":1,"minecraft:spruce_planks":10,"iceandfire:silver_ingot":6,"minecraft:oak_sapling":3,"minecraft:stone_pickaxe":2,"minecraft:wooden_pickaxe":4,"iceandfire:armor_copper_metal_leggings":1},"minecraft:used":{"minecraft:oak_trapdoor":1,"minecraft:stone_sword":1,"iceandfire:armor_copper_metal_leggings":1,"minecraft:chest":2,"minecraft:shield":17,"minecraft:spruce_planks":11,"minecraft:iron_sword":58,"minecraft:wooden_shovel":21,"minecraft:rotten_flesh":6,"minecraft:torch":104,"iceandfire:armor_copper_metal_boots":1,"minecraft:dirt":11,"minecraft:spyglass":16,"minecraft:carrot":83,"minecraft:spruce_boat":2,"minecraft:dark_oak_boat":2,"minecraft:sweet_berries":6,"minecraft:furnace":23,"iceandfire:armor_copper_metal_helmet":1,"minecraft:egg":1,"minecraft:cooked_beef":1,"minecraft:cooked_mutton":4,"minecraft:water_bucket":1,"minecraft:stone_pickaxe":395,"minecraft:wooden_pickaxe":27,"minecraft:leather_boots":1,"minecraft:mossy_cobblestone":1,"minecraft:sand":1,"minecraft:crafting_table":28,"minecraft:red_bed":1,"minecraft:white_bed":4,"iceandfire:silver_axe":26,"minecraft:spruce_log":5,"iceandfire:armor_copper_metal_chestplate":1,"iceandfire:copper_shovel":7,"minecraft:iron_pickaxe":156,"minecraft:stone_axe":151,"minecraft:cobblestone":38,"minecraft:cooked_porkchop":2,"minecraft:andesite":14,"minecraft:bucket":2,"minecraft:oak_boat":2,"alexsmobs:animal_dictionary":1,"minecraft:golden_pickaxe":3},"minecraft:killed":{"alexsmobs:hummingbird":1,"alexsmobs:raccoon":2,"minecraft:spider":4,"minecraft:horse":1,"minecraft:skeleton":8,"iceandfire:dread_thrall":1,"alexsmobs:kangaroo":1,"minecraft:pig":2,"minecraft:salmon":1,"alexsmobs:seal":3,"minecraft:creeper":5,"minecraft:sheep":2,"minecraft:zombie":13,"alexsmobs:gazelle":2,"alexsmobs:crow":1}},"DataVersion":3465}