{"stats":{"minecraft:crafted":{"minecraft:oak_planks":16,"minecraft:wooden_shovel":2,"minecraft:crafting_table":6,"minecraft:spruce_planks":96,"minecraft:stick":36,"minecraft:spruce_button":1,"minecraft:wooden_pickaxe":3,"minecraft:stone_pickaxe":3,"minecraft:stone_sword":1,"minecraft:oak_button":1,"minecraft:dark_oak_planks":24,"minecraft:stone_axe":2},"minecraft:mined":{"minecraft:sweet_berry_bush":2,"minecraft:spruce_log":24,"minecraft:dark_oak_log":5,"minecraft:coal_ore":9,"minecraft:grass":15,"minecraft:grass_block":3,"minecraft:oak_log":4,"minecraft:sand":1,"minecraft:dirt":10,"minecraft:sunflower":4,"minecraft:tall_grass":5,"minecraft:spruce_leaves":3,"minecraft:stone":34,"minecraft:oak_planks":4,"minecraft:oak_leaves":1},"minecraft:custom":{"minecraft:time_since_rest":4525,"minecraft:waystone_activated":1,"minecraft:sprint_one_cm":87638,"minecraft:damage_taken":2341,"minecraft:walk_one_cm":69193,"minecraft:mob_kills":4,"minecraft:drop":10,"minecraft:damage_dealt":1035,"minecraft:swim_one_cm":23013,"minecraft:interact_with_crafting_table":9,"minecraft:fly_one_cm":137868,"minecraft:open_chest":3,"minecraft:crouch_one_cm":11342,"minecraft:play_time":33861,"minecraft:deaths":5,"minecraft:sneak_time":2692,"minecraft:walk_under_water_one_cm":3317,"minecraft:jump":830,"minecraft:walk_on_water_one_cm":6976,"minecraft:leave_game":2,"minecraft:time_since_death":4499,"minecraft:total_world_time":33861,"minecraft:fall_one_cm":34718},"minecraft:picked_up":{"minecraft:sweet_berries":4,"minecraft:porkchop":3,"minecraft:sand":1,"minecraft:oak_log":4,"minecraft:carrot":42,"minecraft:spruce_log":24,"minecraft:dark_oak_log":6,"minecraft:dirt":28,"minecraft:stone_axe":1,"minecraft:wheat_seeds":1,"minecraft:oak_sapling":1,"minecraft:oak_planks":4,"minecraft:coal":10,"alexsmobs:kangaroo_meat":1,"minecraft:sunflower":1,"minecraft:cobblestone":33,"minecraft:egg":1},"minecraft:killed_by":{"minecraft:player":1},"minecraft:dropped":{"minecraft:stone_axe":1,"minecraft:wheat_seeds":1,"minecraft:oak_button":1,"minecraft:oak_sapling":1,"minecraft:stone_pickaxe":1,"minecraft:sunflower":1,"immersive_melodies:triangle":1,"minecraft:spruce_button":1,"minecraft:wooden_pickaxe":2},"minecraft:used":{"minecraft:stone_sword":1,"minecraft:stone_pickaxe":23,"minecraft:wooden_pickaxe":21,"minecraft:wooden_shovel":16,"minecraft:stone_axe":23,"minecraft:sweet_berries":2,"minecraft:sand":1,"minecraft:cobblestone":1,"minecraft:crafting_table":4,"minecraft:carrot":11,"alexsmobs:animal_dictionary":1,"minecraft:egg":1},"minecraft:killed":{"minecraft:pig":2,"alexsmobs:raccoon":1,"alexsmobs:kangaroo":1}},"DataVersion":3465}