{"stats":{"minecraft:mined":{"minecraft:red_carpet":1},"minecraft:custom":{"minecraft:time_since_rest":3552,"minecraft:open_chest":3,"minecraft:deaths":1,"minecraft:interact_with_furnace":1,"minecraft:crouch_one_cm":9768,"minecraft:play_time":40915,"minecraft:sprint_one_cm":920,"minecraft:damage_taken":2385,"minecraft:walk_one_cm":106651,"minecraft:sneak_time":3742,"minecraft:walk_under_water_one_cm":764,"minecraft:mob_kills":1,"minecraft:jump":275,"minecraft:damage_dealt":128,"minecraft:walk_on_water_one_cm":5,"minecraft:time_since_death":3473,"minecraft:total_world_time":40915,"minecraft:fall_one_cm":15031,"minecraft:fly_one_cm":60396},"minecraft:picked_up":{"luckytntmod:animal_dynamite":1,"minecraft:red_carpet":1,"minecraft:sweet_berries":1,"minecraft:torch":1,"minecraft:lead":2,"immersive_melodies:tiny_drum":1,"luckytntmod:dynamite_x5":1,"alexsmobs:raccoon_tail":1,"minecraft:carrot":25,"hangglider:hang_glider":1,"minecraft:string":2},"minecraft:used":{"minecraft:red_carpet":1,"minecraft:sweet_berries":3,"minecraft:string":2,"minecraft:carrot":79,"alexsmobs:animal_dictionary":1}},"DataVersion":3465}