{"stats":{"minecraft:crafted":{"minecraft:cherry_planks":4,"minecraft:stone_shovel":1,"minecraft:crafting_table":1,"minecraft:spruce_planks":108,"minecraft:stick":8,"minecraft:stone_pickaxe":1,"minecraft:stone_axe":1},"minecraft:mined":{"minecraft:large_fern":1,"minecraft:red_carpet":1,"iceandfire:silver_ore":1,"minecraft:cherry_log":4,"minecraft:dark_oak_log":8,"minecraft:spruce_log":25,"minecraft:clay":4,"minecraft:grass":6,"minecraft:grass_block":18,"minecraft:coal_ore":23,"minecraft:cherry_leaves":104,"minecraft:dirt":24,"minecraft:stone_slab":1,"minecraft:spruce_leaves":4,"minecraft:stone":23},"minecraft:custom":{"minecraft:time_since_rest":27552,"minecraft:interact_with_furnace":1,"minecraft:sprint_one_cm":20477,"minecraft:damage_taken":2525,"minecraft:walk_one_cm":179658,"minecraft:mob_kills":5,"minecraft:drop":1,"minecraft:damage_dealt":441,"minecraft:interact_with_crafting_table":3,"minecraft:fly_one_cm":101647,"minecraft:open_chest":4,"minecraft:crouch_one_cm":12400,"minecraft:play_time":64915,"minecraft:deaths":1,"minecraft:sneak_time":5225,"minecraft:walk_under_water_one_cm":764,"minecraft:jump":2232,"minecraft:time_since_death":27473,"minecraft:walk_on_water_one_cm":5,"minecraft:total_world_time":64915,"minecraft:fall_one_cm":17886},"minecraft:picked_up":{"minecraft:pink_petals":2,"minecraft:stick":5,"minecraft:feather":3,"minecraft:chicken":2,"minecraft:clay_ball":16,"minecraft:sweet_berries":1,"minecraft:lead":2,"minecraft:torch":1,"minecraft:stone_slab":1,"immersive_melodies:tiny_drum":1,"minecraft:wooden_pickaxe":1,"minecraft:cherry_log":4,"minecraft:spruce_sapling":2,"minecraft:spruce_log":28,"minecraft:carrot":25,"minecraft:dark_oak_log":9,"minecraft:dirt":39,"minecraft:string":2,"luckytntmod:animal_dynamite":1,"minecraft:red_carpet":1,"minecraft:peony":1,"minecraft:wheat_seeds":4,"luckytntmod:dynamite_x5":1,"minecraft:cherry_sapling":5,"alexsmobs:raccoon_tail":1,"hangglider:hang_glider":1,"iceandfire:raw_silver":1,"minecraft:mutton":1,"minecraft:phantom_membrane":1,"minecraft:coal":24,"minecraft:sunflower":2,"minecraft:white_wool":1,"minecraft:cobblestone":23,"minecraft:egg":1},"minecraft:dropped":{"minecraft:phantom_membrane":1},"minecraft:used":{"minecraft:stone_shovel":46,"minecraft:stone_pickaxe":31,"minecraft:string":2,"minecraft:wooden_pickaxe":18,"minecraft:stone_axe":55,"minecraft:red_carpet":1,"minecraft:sweet_berries":3,"minecraft:crafting_table":1,"minecraft:carrot":89,"alexsmobs:animal_dictionary":1},"minecraft:killed":{"minecraft:sheep":1,"minecraft:chicken":2,"alexsmobs:raccoon":1}},"DataVersion":3465}