{"stats":{"minecraft:crafted":{"minecraft:cherry_planks":4,"minecraft:stone_shovel":1,"minecraft:crafting_table":1,"minecraft:spruce_planks":108,"minecraft:stone_axe":1,"minecraft:stick":8,"minecraft:stone_pickaxe":1,"minecraft:chest":2},"minecraft:mined":{"minecraft:red_nether_brick_slab":3,"minecraft:red_carpet":1,"iceandfire:silver_ore":1,"minecraft:cherry_log":4,"minecraft:red_nether_bricks":11,"minecraft:dark_oak_log":8,"minecraft:clay":5,"minecraft:grass_block":52,"minecraft:calcite":1,"minecraft:stone_slab":2,"minecraft:tall_grass":1,"minecraft:spruce_leaves":4,"minecraft:cyan_bed":2,"minecraft:diorite":1,"minecraft:large_fern":1,"minecraft:red_nether_brick_stairs":5,"minecraft:spruce_log":25,"minecraft:stripped_dark_oak_wood":1,"minecraft:polished_deepslate":2,"minecraft:grass":10,"minecraft:coal_ore":24,"minecraft:cherry_leaves":104,"minecraft:dirt":36,"minecraft:stripped_mangrove_wood":3,"minecraft:stone":38},"minecraft:custom":{"minecraft:interact_with_furnace":1,"minecraft:mob_kills":5,"minecraft:interact_with_crafting_table":6,"minecraft:open_barrel":2,"minecraft:interact_with_loom":1,"minecraft:leave_game":1,"minecraft:time_since_death":1649,"minecraft:sleep_in_bed":1,"minecraft:time_since_rest":1714,"minecraft:sprint_one_cm":21192,"minecraft:damage_taken":3720,"minecraft:walk_one_cm":252871,"minecraft:drop":25,"minecraft:damage_dealt":493,"minecraft:fly_one_cm":142222,"minecraft:open_chest":9,"minecraft:crouch_one_cm":15070,"minecraft:play_time":95275,"minecraft:deaths":4,"minecraft:sneak_time":7278,"minecraft:walk_under_water_one_cm":764,"minecraft:jump":3026,"minecraft:interact_with_blast_furnace":3,"minecraft:walk_on_water_one_cm":5,"minecraft:total_world_time":95275,"minecraft:fall_one_cm":21452},"minecraft:picked_up":{"minecraft:pink_petals":17,"minecraft:shelter_pottery_sherd":1,"minecraft:iron_chestplate":1,"minecraft:feather":3,"minecraft:chicken":4,"minecraft:cherry_planks":32,"minecraft:clay_ball":20,"minecraft:stone_slab":4,"minecraft:lead":2,"minecraft:wooden_pickaxe":4,"minecraft:oak_log":1,"minecraft:polished_deepslate":2,"minecraft:string":2,"minecraft:dirt":133,"minecraft:iron_axe":1,"minecraft:red_nether_bricks":4,"luckytntmod:animal_dynamite":1,"minecraft:iron_leggings":1,"minecraft:red_carpet":1,"minecraft:red_nether_brick_stairs":2,"minecraft:apple":6,"minecraft:beetroot":8,"minecraft:wheat_seeds":8,"minecraft:spruce_planks":64,"minecraft:stone_pickaxe":3,"minecraft:calcite":1,"alexsmobs:raccoon_tail":1,"hangglider:hang_glider":4,"minecraft:phantom_membrane":1,"minecraft:egg":2,"minecraft:stick":10,"minecraft:stripped_mangrove_wood":3,"minecraft:sheaf_pottery_sherd":1,"minecraft:sweet_berries":1,"minecraft:torch":1,"immersive_melodies:tiny_drum":2,"minecraft:cherry_log":7,"minecraft:spruce_sapling":2,"minecraft:diorite":2,"minecraft:carrot":220,"minecraft:spruce_log":37,"minecraft:cyan_bed":2,"minecraft:dark_oak_log":16,"minecraft:snort_pottery_sherd":1,"minecraft:rotten_flesh":7,"minecraft:stone_shovel":2,"minecraft:pumpkin_pie":2,"minecraft:peony":1,"luckytntmod:dynamite_x5":1,"minecraft:cherry_sapling":20,"minecraft:spruce_sign":4,"minecraft:red_nether_brick_slab":3,"minecraft:mutton":1,"minecraft:coal":63,"minecraft:white_wool":1,"iceandfire:raw_silver":5,"minecraft:cobblestone":37,"minecraft:sunflower":6},"minecraft:dropped":{"minecraft:spruce_sign":2,"hangglider:hang_glider":1,"minecraft:shelter_pottery_sherd":1,"minecraft:oak_log":1,"minecraft:beetroot":4,"minecraft:cherry_sapling":8,"minecraft:rotten_flesh":7,"minecraft:stone_slab":2,"minecraft:sheaf_pottery_sherd":1,"minecraft:stick":5,"minecraft:diorite":1,"minecraft:iron_chestplate":1,"minecraft:red_nether_bricks":1,"minecraft:iron_leggings":1,"minecraft:sunflower":2,"minecraft:snort_pottery_sherd":1,"minecraft:pumpkin_pie":2,"minecraft:phantom_membrane":1,"minecraft:wooden_pickaxe":1,"minecraft:iron_axe":1,"minecraft:stone_pickaxe":1,"minecraft:pink_petals":10,"minecraft:egg":1},"minecraft:used":{"minecraft:stone_shovel":70,"minecraft:stone_pickaxe":79,"minecraft:red_nether_bricks":2,"minecraft:chest":2,"minecraft:wooden_pickaxe":18,"minecraft:dirt":39,"minecraft:crafting_table":1,"minecraft:carrot":127,"minecraft:apple":3,"minecraft:string":2,"minecraft:cobblestone":2,"minecraft:stone_axe":55,"minecraft:red_carpet":1,"minecraft:sweet_berries":3,"alexsmobs:animal_dictionary":1},"minecraft:killed":{"alexsmobs:raccoon":1,"minecraft:sheep":1,"minecraft:chicken":2}},"DataVersion":3465}