{"stats":{"minecraft:crafted":{"minecraft:crafting_table":1,"minecraft:spruce_planks":4,"minecraft:wooden_pickaxe":1,"minecraft:stick":4,"minecraft:dark_oak_planks":12},"minecraft:mined":{"minecraft:tuff":1,"minecraft:dark_oak_leaves":1,"minecraft:dark_oak_log":4,"minecraft:crafting_table":2,"minecraft:glow_lichen":2,"minecraft:grass_block":18,"minecraft:poppy":2,"minecraft:tall_grass":9,"minecraft:cobblestone":1,"minecraft:spruce_leaves":16,"minecraft:wall_torch":1,"minecraft:sticky_piston":1,"minecraft:stripped_spruce_log":1,"minecraft:spruce_log":7,"minecraft:andesite":2,"minecraft:grass":44,"minecraft:coal_ore":16,"minecraft:dirt":8,"minecraft:sunflower":3,"minecraft:stone":23,"minecraft:netherrack":1},"minecraft:broken":{"minecraft:golden_pickaxe":1},"minecraft:custom":{"minecraft:interact_with_furnace":7,"minecraft:mob_kills":9,"minecraft:interact_with_crafting_table":17,"minecraft:leave_game":4,"minecraft:time_since_death":3550,"minecraft:climb_one_cm":2557,"minecraft:time_since_rest":3592,"minecraft:sprint_one_cm":244380,"minecraft:damage_taken":2147483647,"minecraft:walk_one_cm":540851,"minecraft:drop":13,"minecraft:damage_dealt":1070,"minecraft:fly_one_cm":303723,"minecraft:open_chest":2,"minecraft:crouch_one_cm":4270,"minecraft:play_time":116232,"minecraft:deaths":11,"minecraft:sneak_time":787,"minecraft:walk_under_water_one_cm":11781,"minecraft:boat_one_cm":273814,"minecraft:jump":2450,"minecraft:walk_on_water_one_cm":10615,"minecraft:total_world_time":116232,"minecraft:fall_one_cm":60928},"minecraft:picked_up":{"iceandfire:dread_stone_bricks":1,"minecraft:crafting_table":5,"minecraft:andesite":5,"minecraft:golden_pickaxe":1,"minecraft:leather":1,"minecraft:wooden_pickaxe":3,"iceandfire:armor_copper_metal_chestplate":1,"minecraft:filled_map":1,"minecraft:tuff":1,"minecraft:oak_log":5,"minecraft:shield":3,"iceandfire:armor_copper_metal_helmet":2,"alexsmobs:gazelle_horn":2,"minecraft:dirt":33,"minecraft:cooked_mutton":9,"minecraft:sticky_piston":2,"minecraft:apple":1,"minecraft:stone_bricks":17,"minecraft:cracked_stone_bricks":4,"minecraft:wheat_seeds":8,"minecraft:bucket":1,"minecraft:spruce_planks":69,"minecraft:stone_pickaxe":4,"minecraft:beef":6,"minecraft:cooked_chicken":1,"minecraft:oak_boat":1,"immersive_melodies:trumpet":1,"minecraft:wooden_shovel":1,"minecraft:mossy_stone_bricks":6,"minecraft:poppy":1,"minecraft:iron_pickaxe":1,"minecraft:sugar_cane":6,"immersive_melodies:triangle":1,"minecraft:iron_sword":1,"minecraft:furnace":2,"minecraft:stick":14,"minecraft:raw_iron":2,"iceandfire:armor_copper_metal_leggings":1,"minecraft:torch":4,"minecraft:stone_brick_slab":1,"minecraft:porkchop":4,"minecraft:stripped_spruce_log":1,"minecraft:carrot":118,"minecraft:spruce_sapling":6,"minecraft:ink_sac":4,"iceandfire:armor_copper_metal_boots":1,"minecraft:spruce_log":13,"minecraft:dark_oak_log":23,"alexsmobs:animal_dictionary":1,"minecraft:dark_oak_planks":9,"minecraft:arrow":3,"minecraft:rotten_flesh":2,"minecraft:stone_axe":3,"iceandfire:silver_sword":1,"minecraft:gray_wool":1,"minecraft:oak_button":2,"alexsmobs:banana_slug_slime":1,"minecraft:oak_sapling":2,"minecraft:netherrack":1,"minecraft:coal":17,"iceandfire:raw_silver":2,"minecraft:cobblestone":46},"minecraft:killed_by":{"iceandfire:gorgon":1},"minecraft:dropped":{"minecraft:wheat_seeds":2,"alexsmobs:animal_dictionary":1,"immersive_melodies:trumpet":2,"minecraft:rotten_flesh":2,"minecraft:cooked_mutton":2,"minecraft:carrot":26,"minecraft:shield":1,"minecraft:oak_sapling":1,"minecraft:stone_pickaxe":1},"minecraft:used":{"minecraft:cooked_mutton":3,"iceandfire:silver_sword":4,"minecraft:stone_pickaxe":16,"minecraft:wooden_pickaxe":32,"minecraft:cooked_chicken":1,"minecraft:dirt":18,"minecraft:crafting_table":3,"minecraft:carrot":25,"minecraft:oak_log":1,"minecraft:cornflower":1,"minecraft:apple":1,"minecraft:dark_oak_log":1,"minecraft:spruce_sapling":2,"minecraft:stone_axe":26,"minecraft:cobblestone":27,"minecraft:andesite":2,"minecraft:golden_pickaxe":5},"minecraft:killed":{"minecraft:pig":2,"alexsmobs:seal":3,"alexsmobs:banana_slug":1,"minecraft:chicken":1,"minecraft:cow":2}},"DataVersion":3465}