{"stats":{"minecraft:crafted":{"minecraft:crafting_table":1,"minecraft:stick":4},"minecraft:mined":{"minecraft:spruce_log":4,"minecraft:andesite":2,"minecraft:glow_lichen":2,"minecraft:grass":3,"minecraft:grass_block":12,"minecraft:coal_ore":16,"minecraft:sunflower":2,"minecraft:dirt":7,"minecraft:cobblestone":1,"minecraft:spruce_leaves":7,"minecraft:stone":16},"minecraft:broken":{"minecraft:golden_pickaxe":1},"minecraft:custom":{"minecraft:time_since_rest":6626,"minecraft:interact_with_furnace":4,"minecraft:sprint_one_cm":116555,"minecraft:damage_taken":1364,"minecraft:walk_one_cm":266559,"minecraft:drop":7,"minecraft:damage_dealt":105,"minecraft:interact_with_crafting_table":6,"minecraft:fly_one_cm":68808,"minecraft:open_chest":1,"minecraft:crouch_one_cm":967,"minecraft:play_time":50781,"minecraft:deaths":4,"minecraft:sneak_time":243,"minecraft:walk_under_water_one_cm":1955,"minecraft:jump":1145,"minecraft:leave_game":1,"minecraft:time_since_death":6553,"minecraft:walk_on_water_one_cm":1464,"minecraft:total_world_time":50781,"minecraft:climb_one_cm":1876,"minecraft:fall_one_cm":29794},"minecraft:picked_up":{"minecraft:crafting_table":2,"minecraft:raw_iron":2,"iceandfire:armor_copper_metal_leggings":1,"minecraft:andesite":5,"minecraft:golden_pickaxe":1,"minecraft:wooden_pickaxe":2,"iceandfire:armor_copper_metal_chestplate":1,"minecraft:carrot":105,"minecraft:shield":2,"iceandfire:armor_copper_metal_boots":1,"minecraft:spruce_log":4,"iceandfire:armor_copper_metal_helmet":2,"alexsmobs:animal_dictionary":1,"minecraft:dirt":19,"minecraft:arrow":1,"minecraft:rotten_flesh":2,"minecraft:spruce_planks":6,"minecraft:stone_pickaxe":1,"minecraft:cooked_chicken":1,"minecraft:oak_button":1,"minecraft:oak_sapling":1,"immersive_melodies:triangle":1,"minecraft:coal":16,"iceandfire:raw_silver":2,"minecraft:cobblestone":28},"minecraft:dropped":{"minecraft:shield":1,"alexsmobs:animal_dictionary":1,"minecraft:oak_sapling":1,"minecraft:rotten_flesh":2,"minecraft:stone_pickaxe":1,"minecraft:carrot":26},"minecraft:used":{"minecraft:stone_pickaxe":7,"minecraft:wooden_pickaxe":29,"minecraft:cooked_chicken":1,"minecraft:dirt":14,"minecraft:cobblestone":21,"minecraft:crafting_table":1,"minecraft:carrot":20,"minecraft:andesite":2,"minecraft:golden_pickaxe":5}},"DataVersion":3465}