{"stats":{"minecraft:crafted":{"minecraft:crafting_table":1,"minecraft:stick":4},"minecraft:mined":{"minecraft:dark_oak_leaves":1,"minecraft:dark_oak_log":4,"minecraft:crafting_table":2,"minecraft:glow_lichen":2,"minecraft:grass_block":17,"minecraft:poppy":2,"minecraft:cobblestone":1,"minecraft:tall_grass":8,"minecraft:spruce_leaves":14,"minecraft:spruce_log":4,"minecraft:andesite":2,"minecraft:grass":39,"minecraft:coal_ore":16,"minecraft:sunflower":2,"minecraft:dirt":8,"minecraft:stone":23},"minecraft:broken":{"minecraft:golden_pickaxe":1},"minecraft:custom":{"minecraft:interact_with_furnace":7,"minecraft:mob_kills":6,"minecraft:interact_with_crafting_table":15,"minecraft:leave_game":3,"minecraft:time_since_death":11266,"minecraft:climb_one_cm":2005,"minecraft:time_since_rest":11321,"minecraft:sprint_one_cm":179462,"minecraft:damage_taken":2069,"minecraft:walk_one_cm":405938,"minecraft:drop":7,"minecraft:damage_dealt":596,"minecraft:fly_one_cm":131387,"minecraft:open_chest":1,"minecraft:crouch_one_cm":3858,"minecraft:play_time":80771,"minecraft:deaths":6,"minecraft:sneak_time":763,"minecraft:walk_under_water_one_cm":10096,"minecraft:jump":1803,"minecraft:walk_on_water_one_cm":7315,"minecraft:total_world_time":80771,"minecraft:fall_one_cm":43865},"minecraft:picked_up":{"minecraft:crafting_table":4,"minecraft:andesite":5,"minecraft:golden_pickaxe":1,"minecraft:leather":1,"minecraft:wooden_pickaxe":2,"iceandfire:armor_copper_metal_chestplate":1,"minecraft:oak_log":1,"minecraft:shield":3,"iceandfire:armor_copper_metal_helmet":2,"minecraft:dirt":25,"minecraft:cooked_mutton":2,"minecraft:apple":1,"minecraft:wheat_seeds":4,"minecraft:bucket":1,"minecraft:spruce_planks":6,"minecraft:beef":3,"minecraft:stone_pickaxe":2,"minecraft:cooked_chicken":1,"minecraft:poppy":1,"minecraft:iron_pickaxe":1,"immersive_melodies:triangle":1,"minecraft:iron_sword":1,"minecraft:stick":4,"minecraft:raw_iron":2,"iceandfire:armor_copper_metal_leggings":1,"minecraft:porkchop":4,"minecraft:spruce_log":4,"minecraft:spruce_sapling":1,"minecraft:ink_sac":4,"iceandfire:armor_copper_metal_boots":1,"minecraft:carrot":118,"minecraft:dark_oak_log":4,"alexsmobs:animal_dictionary":1,"minecraft:arrow":1,"minecraft:rotten_flesh":2,"minecraft:stone_axe":1,"iceandfire:silver_sword":1,"minecraft:oak_button":2,"alexsmobs:banana_slug_slime":1,"minecraft:oak_sapling":2,"minecraft:coal":16,"iceandfire:raw_silver":2,"minecraft:cobblestone":35},"minecraft:dropped":{"alexsmobs:animal_dictionary":1,"minecraft:rotten_flesh":2,"minecraft:carrot":26,"minecraft:shield":1,"minecraft:oak_sapling":1,"minecraft:stone_pickaxe":1},"minecraft:used":{"iceandfire:silver_sword":4,"minecraft:stone_pickaxe":16,"minecraft:wooden_pickaxe":29,"minecraft:cooked_chicken":1,"minecraft:dirt":14,"minecraft:crafting_table":3,"minecraft:carrot":25,"minecraft:oak_log":1,"minecraft:apple":1,"minecraft:dark_oak_log":1,"minecraft:cobblestone":27,"minecraft:andesite":2,"minecraft:golden_pickaxe":5},"minecraft:killed":{"minecraft:pig":2,"alexsmobs:banana_slug":1,"minecraft:chicken":1,"minecraft:cow":2}},"DataVersion":3465}