{"stats":{"minecraft:picked_up":{"minecraft:pink_petals":6,"minecraft:charcoal":2,"minecraft:crafting_table":1,"minecraft:repeater":1,"minecraft:leather":6,"minecraft:wooden_pickaxe":1,"minecraft:golden_boots":1,"minecraft:shield":1,"minecraft:oak_trapdoor":1,"minecraft:dirt":6,"minecraft:raw_copper":3,"minecraft:iron_axe":2,"minecraft:white_carpet":7,"minecraft:bone":4,"minecraft:wheat_seeds":1,"minecraft:spruce_planks":5,"minecraft:beef":7,"minecraft:redstone_torch":1,"minecraft:iron_pickaxe":1,"minecraft:iron_sword":1,"minecraft:book":15,"minecraft:furnace":1,"biomesoplenty:toadstool":2,"minecraft:stick":13,"minecraft:raw_iron":3,"minecraft:torch":1,"minecraft:gravel":1,"minecraft:sand":26,"minecraft:cherry_log":51,"minecraft:spruce_sapling":1,"minecraft:white_bed":1,"minecraft:spruce_log":24,"minecraft:redstone":1,"minecraft:golden_chestplate":1,"minecraft:dark_prismarine":7,"travelersbackpack:white_sleeping_bag":6,"travelersbackpack:standard":2,"minecraft:arrow":1,"minecraft:golden_hoe":1,"minecraft:hay_block":8,"minecraft:cherry_sapling":28,"alexsmobs:maggot":1,"minecraft:brick_stairs":1,"minecraft:oak_sapling":1,"minecraft:dark_oak_fence":1,"minecraft:bricks":1,"minecraft:mutton":4,"minecraft:coal":1,"minecraft:white_wool":2,"minecraft:cobblestone":7},"minecraft:killed":{"minecraft:sheep":2,"minecraft:cow":2},"minecraft:used":{"minecraft:golden_boots":1,"minecraft:wooden_pickaxe":4,"minecraft:shield":9,"minecraft:iron_sword":36,"minecraft:golden_hoe":3,"minecraft:dirt":4,"minecraft:sand":2,"minecraft:white_carpet":1,"minecraft:crafting_table":1,"minecraft:carrot":81,"minecraft:white_bed":1,"minecraft:golden_chestplate":1,"minecraft:iron_axe":38,"minecraft:iron_pickaxe":55,"travelersbackpack:white_sleeping_bag":4,"minecraft:gravel":1,"travelersbackpack:standard":2},"minecraft:dropped":{"minecraft:furnace":1,"travelersbackpack:standard":1,"minecraft:carrot":1,"travelersbackpack:white_sleeping_bag":2,"minecraft:iron_axe":1,"minecraft:wooden_pickaxe":2},"minecraft:custom":{"minecraft:interact_with_furnace":1,"minecraft:mob_kills":4,"minecraft:interact_with_crafting_table":7,"minecraft:time_since_death":170559,"minecraft:climb_one_cm":5108,"minecraft:sleep_in_bed":15,"minecraft:time_since_rest":10907,"minecraft:waystone_activated":2,"minecraft:sprint_one_cm":125044,"minecraft:damage_taken":1894,"minecraft:walk_one_cm":381809,"minecraft:damage_blocked_by_shield":563,"minecraft:drop":8,"minecraft:damage_dealt":1471,"minecraft:swim_one_cm":3714,"minecraft:talked_to_villager":4,"minecraft:fly_one_cm":123900,"minecraft:open_chest":12,"minecraft:crouch_one_cm":316,"minecraft:play_time":170559,"minecraft:sneak_time":409,"minecraft:walk_under_water_one_cm":10533,"minecraft:boat_one_cm":821010,"minecraft:jump":1594,"minecraft:walk_on_water_one_cm":16293,"minecraft:total_world_time":170559,"minecraft:fall_one_cm":53411},"minecraft:mined":{"minecraft:dark_prismarine":7,"minecraft:white_bed":1,"minecraft:cherry_log":31,"minecraft:dark_oak_log":1,"minecraft:powder_snow":5,"minecraft:grass_block":4,"minecraft:brick_stairs":1,"minecraft:campfire":1,"minecraft:redstone_wire":1,"travelersbackpack:white_sleeping_bag":4,"minecraft:tall_grass":1,"minecraft:spruce_leaves":1,"minecraft:bricks":1,"minecraft:pink_petals":2,"minecraft:large_fern":2,"minecraft:hay_block":8,"minecraft:repeater":1,"minecraft:oak_trapdoor":1,"biomesoplenty:toadstool":2,"minecraft:redstone_torch":1,"minecraft:spruce_log":24,"biomesoplenty:sea_oats":1,"minecraft:grass":10,"minecraft:bookshelf":5,"minecraft:coal_ore":1,"minecraft:cherry_leaves":2,"minecraft:sand":26,"minecraft:dirt":3,"minecraft:stone":4},"minecraft:crafted":{"minecraft:spruce_planks":12,"minecraft:wooden_pickaxe":2,"minecraft:stick":8,"minecraft:stone_pickaxe":1}},"DataVersion":3465}