{"stats":{"minecraft:picked_up":{"minecraft:crafting_table":1,"minecraft:stick":1,"minecraft:raw_iron":3,"minecraft:torch":1,"minecraft:wooden_pickaxe":1,"minecraft:gravel":1,"minecraft:golden_boots":1,"minecraft:spruce_sapling":1,"minecraft:shield":1,"minecraft:spruce_log":24,"minecraft:golden_chestplate":1,"minecraft:dirt":3,"minecraft:raw_copper":3,"travelersbackpack:white_sleeping_bag":4,"minecraft:white_carpet":7,"minecraft:spruce_planks":5,"minecraft:redstone_torch":1,"minecraft:iron_pickaxe":1,"minecraft:iron_sword":1,"minecraft:coal":1,"biomesoplenty:toadstool":2,"minecraft:cobblestone":4,"minecraft:furnace":1},"minecraft:used":{"minecraft:golden_boots":1,"travelersbackpack:white_sleeping_bag":2,"minecraft:shield":9,"minecraft:wooden_pickaxe":4,"minecraft:iron_sword":2,"minecraft:gravel":1,"minecraft:dirt":2,"minecraft:white_carpet":1,"minecraft:carrot":42,"minecraft:golden_chestplate":1},"minecraft:dropped":{"minecraft:furnace":1,"travelersbackpack:white_sleeping_bag":1,"minecraft:wooden_pickaxe":2},"minecraft:custom":{"minecraft:time_since_rest":3783,"minecraft:waystone_activated":1,"minecraft:sprint_one_cm":25286,"minecraft:damage_taken":1394,"minecraft:walk_one_cm":195873,"minecraft:damage_blocked_by_shield":563,"minecraft:drop":4,"minecraft:damage_dealt":248,"minecraft:interact_with_crafting_table":7,"minecraft:fly_one_cm":32586,"minecraft:open_chest":8,"minecraft:crouch_one_cm":316,"minecraft:play_time":74559,"minecraft:sneak_time":132,"minecraft:walk_under_water_one_cm":7558,"minecraft:boat_one_cm":482494,"minecraft:jump":665,"minecraft:walk_on_water_one_cm":7706,"minecraft:time_since_death":74559,"minecraft:sleep_in_bed":6,"minecraft:total_world_time":74559,"minecraft:fall_one_cm":34737},"minecraft:mined":{"minecraft:large_fern":2,"biomesoplenty:toadstool":2,"minecraft:redstone_torch":1,"minecraft:spruce_log":24,"minecraft:powder_snow":5,"minecraft:coal_ore":1,"minecraft:grass_block":2,"minecraft:dirt":2,"travelersbackpack:white_sleeping_bag":4,"minecraft:spruce_leaves":1,"minecraft:stone":3},"minecraft:crafted":{"minecraft:spruce_planks":12,"minecraft:stick":8,"minecraft:wooden_pickaxe":2,"minecraft:stone_pickaxe":1}},"DataVersion":3465}