{"stats":{"minecraft:picked_up":{"minecraft:crafting_table":1,"minecraft:leather":6,"minecraft:wooden_pickaxe":1,"minecraft:golden_boots":1,"minecraft:shield":1,"minecraft:oak_trapdoor":1,"minecraft:dirt":3,"minecraft:raw_copper":3,"minecraft:white_carpet":7,"minecraft:bone":4,"minecraft:wheat_seeds":1,"minecraft:spruce_planks":5,"minecraft:beef":7,"minecraft:redstone_torch":1,"minecraft:iron_pickaxe":1,"minecraft:iron_sword":1,"minecraft:book":15,"minecraft:furnace":1,"biomesoplenty:toadstool":2,"minecraft:stick":1,"minecraft:raw_iron":3,"minecraft:torch":1,"minecraft:gravel":1,"minecraft:sand":26,"minecraft:spruce_sapling":1,"minecraft:white_bed":1,"minecraft:spruce_log":24,"minecraft:golden_chestplate":1,"travelersbackpack:white_sleeping_bag":6,"travelersbackpack:standard":2,"minecraft:arrow":1,"minecraft:golden_hoe":1,"minecraft:hay_block":8,"alexsmobs:maggot":1,"minecraft:oak_sapling":1,"minecraft:mutton":4,"minecraft:coal":1,"minecraft:white_wool":2,"minecraft:cobblestone":4},"minecraft:killed":{"minecraft:sheep":2,"minecraft:cow":2},"minecraft:used":{"minecraft:golden_boots":1,"minecraft:wooden_pickaxe":4,"minecraft:shield":9,"minecraft:iron_sword":35,"minecraft:golden_hoe":3,"minecraft:dirt":2,"minecraft:sand":2,"minecraft:white_carpet":1,"minecraft:crafting_table":1,"minecraft:carrot":66,"minecraft:white_bed":1,"minecraft:golden_chestplate":1,"minecraft:iron_pickaxe":40,"travelersbackpack:white_sleeping_bag":4,"minecraft:gravel":1,"travelersbackpack:standard":2},"minecraft:dropped":{"minecraft:furnace":1,"travelersbackpack:standard":1,"minecraft:carrot":1,"travelersbackpack:white_sleeping_bag":2,"minecraft:wooden_pickaxe":2},"minecraft:custom":{"minecraft:interact_with_furnace":1,"minecraft:mob_kills":4,"minecraft:interact_with_crafting_table":7,"minecraft:time_since_death":146559,"minecraft:climb_one_cm":3562,"minecraft:sleep_in_bed":12,"minecraft:time_since_rest":4111,"minecraft:waystone_activated":2,"minecraft:sprint_one_cm":102201,"minecraft:damage_taken":1794,"minecraft:walk_one_cm":318941,"minecraft:damage_blocked_by_shield":563,"minecraft:drop":7,"minecraft:damage_dealt":1465,"minecraft:swim_one_cm":3714,"minecraft:talked_to_villager":4,"minecraft:fly_one_cm":89279,"minecraft:open_chest":11,"minecraft:crouch_one_cm":316,"minecraft:play_time":146559,"minecraft:sneak_time":217,"minecraft:walk_under_water_one_cm":9823,"minecraft:boat_one_cm":821010,"minecraft:jump":1196,"minecraft:walk_on_water_one_cm":13688,"minecraft:total_world_time":146559,"minecraft:fall_one_cm":46248},"minecraft:mined":{"minecraft:white_bed":1,"minecraft:powder_snow":5,"minecraft:grass_block":2,"travelersbackpack:white_sleeping_bag":4,"minecraft:tall_grass":1,"minecraft:spruce_leaves":1,"minecraft:large_fern":2,"minecraft:hay_block":8,"minecraft:oak_trapdoor":1,"biomesoplenty:toadstool":2,"minecraft:redstone_torch":1,"minecraft:spruce_log":24,"biomesoplenty:sea_oats":1,"minecraft:grass":8,"minecraft:bookshelf":5,"minecraft:coal_ore":1,"minecraft:sand":26,"minecraft:dirt":2,"minecraft:stone":3},"minecraft:crafted":{"minecraft:spruce_planks":12,"minecraft:wooden_pickaxe":2,"minecraft:stick":8,"minecraft:stone_pickaxe":1}},"DataVersion":3465}