{"stats":{"minecraft:crafted":{"minecraft:cherry_planks":48,"minecraft:iron_axe":1,"minecraft:stone_pickaxe":1,"minecraft:chest":1,"minecraft:cooked_porkchop":6,"minecraft:diamond_axe":1,"minecraft:crafting_table":2,"minecraft:wooden_pickaxe":1,"minecraft:stone_axe":1,"minecraft:air":0,"minecraft:iron_chestplate":1,"minecraft:stick":4,"minecraft:iron_ingot":18,"minecraft:wooden_axe":1,"minecraft:iron_leggings":1},"minecraft:mined":{"minecraft:dark_oak_planks":4,"minecraft:spruce_planks":1,"iceandfire:silver_ore":2,"minecraft:cherry_log":4,"minecraft:purple_terracotta":3,"minecraft:grass_block":2,"minecraft:decorated_pot":1,"minecraft:coal_block":7,"minecraft:spawner":3,"minecraft:large_fern":1,"minecraft:hay_block":7,"minecraft:iron_ore":18,"movingelevators:elevator_block":1,"minecraft:bookshelf":6,"minecraft:vine":1,"minecraft:quartz_slab":1,"minecraft:stripped_mangrove_wood":2,"minecraft:stone":11,"minecraft:blast_furnace":6,"minecraft:calcite":6,"minecraft:tall_grass":2,"minecraft:cyan_bed":3,"minecraft:diorite":2,"minecraft:sweet_berry_bush":1,"minecraft:grass":10,"minecraft:coal_ore":15,"minecraft:cherry_leaves":3,"minecraft:sunflower":1,"minecraft:dirt":2,"minecraft:crimson_planks":11,"minecraft:oak_leaves":1},"minecraft:broken":{"immersive_armors:wooden_boots":1},"minecraft:custom":{"minecraft:mob_kills":42,"minecraft:interact_with_crafting_table":13,"minecraft:open_barrel":14,"minecraft:eat_cake_slice":10,"minecraft:leave_game":5,"minecraft:time_since_death":2042,"minecraft:climb_one_cm":3462,"minecraft:sprint_one_cm":224124,"minecraft:walk_one_cm":386150,"minecraft:drop":63,"minecraft:play_time":235008,"minecraft:sneak_time":8094,"minecraft:deaths":6,"minecraft:walk_under_water_one_cm":25288,"minecraft:interact_with_lectern":1,"minecraft:jump":2282,"minecraft:interact_with_blast_furnace":10,"minecraft:walk_on_water_one_cm":17882,"minecraft:total_world_time":235008,"minecraft:interact_with_furnace":8,"minecraft:tune_noteblock":2,"minecraft:interact_with_loom":1,"minecraft:sleep_in_bed":5,"minecraft:time_since_rest":2073,"minecraft:damage_taken":7113,"minecraft:damage_dealt":7159,"minecraft:interact_with_beacon":4,"minecraft:swim_one_cm":47777,"minecraft:fly_one_cm":1164542,"minecraft:open_chest":39,"minecraft:crouch_one_cm":17206,"minecraft:fall_one_cm":51727,"minecraft:inspect_dispenser":3},"minecraft:picked_up":{"minecraft:shelter_pottery_sherd":1,"minecraft:iron_chestplate":4,"minecraft:wheat":5,"minecraft:chicken":2,"minecraft:ladder":2,"minecraft:clay_ball":20,"minecraft:stone_slab":7,"minecraft:wooden_pickaxe":6,"minecraft:oak_stairs":2,"minecraft:potion":4,"minecraft:crimson_planks":14,"minecraft:quartz_slab":4,"minecraft:iron_axe":5,"minecraft:raw_copper":63,"minecraft:item_frame":9,"minecraft:iron_leggings":6,"minecraft:cyan_carpet":1,"minecraft:beetroot":4,"minecraft:spruce_planks":188,"minecraft:beef":9,"minecraft:written_book":1,"immersive_melodies:trumpet":4,"minecraft:calcite":19,"hangglider:hang_glider":8,"minecraft:coal_block":9,"minecraft:phantom_membrane":5,"minecraft:egg":2,"minecraft:stripped_mangrove_wood":2,"minecraft:stick":17,"minecraft:raw_iron":18,"minecraft:sheaf_pottery_sherd":1,"minecraft:oak_door":1,"minecraft:torch":86,"immersive_melodies:tiny_drum":4,"minecraft:cake":3,"minecraft:cherry_log":45,"minecraft:diorite":7,"minecraft:carrot":300,"minecraft:purple_terracotta":4,"minecraft:dark_oak_planks":8,"minecraft:arrow":23,"minecraft:rotten_flesh":16,"minecraft:stone_shovel":1,"minecraft:pumpkin_pie":14,"minecraft:peony":1,"minecraft:hay_block":14,"luckytntmod:dynamite_x5":1,"minecraft:gold_ingot":7,"minecraft:obsidian":3,"minecraft:mutton":1,"minecraft:skeleton_skull":1,"minecraft:white_wool":4,"minecraft:cobblestone":84,"minecraft:pink_petals":64,"minecraft:feather":3,"minecraft:water_bucket":1,"minecraft:tripwire_hook":2,"minecraft:glow_ink_sac":12,"minecraft:leather":8,"paraglider:spirit_orb":13,"minecraft:oak_log":5,"minecraft:dirt":250,"minecraft:bone":30,"minecraft:apple":24,"minecraft:wheat_seeds":7,"minecraft:iron_ingot":47,"minecraft:stone_pickaxe":5,"minecraft:bamboo":15,"minecraft:oak_planks":2,"minecraft:book":36,"minecraft:pumpkin":15,"minecraft:sweet_berries":8,"movingelevators:elevator_block":1,"minecraft:blast_furnace":9,"minecraft:spruce_sapling":6,"minecraft:white_bed":1,"minecraft:spruce_log":9,"minecraft:cyan_bed":6,"minecraft:dark_oak_log":9,"minecraft:spider_eye":1,"alexsmobs:animal_dictionary":7,"minecraft:diamond":6,"minecraft:snort_pottery_sherd":1,"minecraft:angler_pottery_sherd":2,"minecraft:stone_axe":3,"minecraft:diamond_axe":1,"minecraft:cherry_sapling":18,"alexsmobs:maggot":2,"immersive_armors:wooden_boots":1,"minecraft:coal":96,"iceandfire:raw_silver":6,"minecraft:sunflower":3},"minecraft:dropped":{"iceandfire:raw_silver":6,"minecraft:wheat_seeds":1,"immersive_melodies:trumpet":2,"minecraft:feather":3,"minecraft:lead":1,"immersive_melodies:lute":2,"luckytntmod:dynamite_x5":2,"paraglider:spirit_orb":1,"immersive_melodies:piano":1,"minecraft:mutton":1,"minecraft:wooden_axe":1,"minecraft:potion":1,"minecraft:iron_leggings":2,"minecraft:sunflower":2,"minecraft:iron_axe":1,"immersive_melodies:triangle":1,"minecraft:pink_petals":64,"minecraft:stone_axe":4,"minecraft:sweet_berries":6,"hangglider:hang_glider":4,"alexsmobs:animal_dictionary":1,"immersive_melodies:bagpipe":1,"immersive_melodies:flute":1,"minecraft:stone_shovel":1,"minecraft:beetroot":4,"minecraft:rotten_flesh":7,"minecraft:clay_ball":20,"minecraft:stone_slab":4,"minecraft:carrot":153,"minecraft:peony":1,"fossilsorigins:mosasaurus_egg":1,"luckytntmod:animal_dynamite":1,"immersive_melodies:didgeridoo":1,"minecraft:stone_pickaxe":2,"minecraft:wooden_pickaxe":3,"immersive_melodies:tiny_drum":3},"minecraft:used":{"minecraft:oak_fence":19,"minecraft:flint_and_steel":5,"minecraft:spruce_planks":20,"minecraft:chest":3,"minecraft:white_terracotta":3,"minecraft:stone":1,"minecraft:oak_door":2,"minecraft:torch":14,"minecraft:dirt":90,"minecraft:carrot":190,"another_furniture:cherry_chair":10,"movingelevators:display_block":13,"another_furniture:cherry_table":12,"luckytntmod:woodhouse_tnt":1,"minecraft:oak_fence_gate":5,"minecraft:wooden_axe":5,"iceandfire:dread_torch":1,"minecraft:iron_axe":51,"minecraft:grass_block":58,"minecraft:oak_stairs":22,"minecraft:crimson_planks":11,"minecraft:glowstone":9,"minecraft:bow":28,"minecraft:gold_block":32,"immersive_aircraft:biplane":3,"minecraft:cherry_log":2,"minecraft:iron_leggings":1,"minecraft:calcite":7,"alexsmobs:spawn_egg_raccoon":2,"minecraft:water_bucket":10,"minecraft:diorite":3,"minecraft:stone_pickaxe":71,"minecraft:oak_planks":16,"minecraft:wooden_pickaxe":14,"minecraft:diamond_axe":37,"minecraft:beacon":6,"minecraft:white_wool":3,"minecraft:golden_apple":2,"minecraft:stripped_mangrove_wood":2,"minecraft:tnt":4,"minecraft:crafting_table":2,"minecraft:blast_furnace":4,"minecraft:white_bed":1,"minecraft:purple_terracotta":3,"minecraft:cake":2,"alexsmobs:spawn_egg_kangaroo":1,"minecraft:deepslate_tile_wall":26,"minecraft:oak_log":12,"minecraft:black_terracotta":7,"minecraft:black_wool":90,"minecraft:dark_oak_log":2,"minecraft:sunflower":1,"minecraft:cyan_bed":4,"minecraft:cyan_carpet":1,"another_furniture:red_lamp":8,"minecraft:stone_axe":30,"minecraft:cooked_porkchop":6,"minecraft:cobblestone":116,"movingelevators:elevator_block":18,"minecraft:stripped_oak_wood":92,"minecraft:bucket":9,"immersive_aircraft:gyrodyne":9,"minecraft:glass_pane":28,"minecraft:pumpkin_pie":6,"alexsmobs:animal_dictionary":4,"minecraft:stripped_oak_log":7},"minecraft:killed":{"alexsmobs:hummingbird":2,"minecraft:vindicator":1,"fossilsorigins:mosasaurus":1,"alexsmobs:raccoon":3,"minecraft:spider":1,"iceandfire:dread_beast":1,"minecraft:phantom":6,"minecraft:skeleton":7,"minecraft:drowned":2,"minecraft:sheep":2,"minecraft:pillager":3,"minecraft:zombie":12,"minecraft:villager":1}},"DataVersion":3465}