{"stats":{"minecraft:picked_up":{"minecraft:mud":2,"minecraft:crafting_table":9,"minecraft:wheat":3,"minecraft:turtle_helmet":1,"minecraft:brown_mushroom":1,"minecraft:diamond_sword":2,"minecraft:wooden_pickaxe":3,"biomesoplenty:rainbow_birch_sapling":3,"cfm:stripped_mangrove_table":2,"minecraft:string":40,"immersive_melodies:lute":3,"minecraft:white_carpet":3,"minecraft:armor_stand":1,"minecraft:cyan_carpet":1,"minecraft:cracked_stone_bricks":4,"minecraft:cobbled_deepslate":22,"minecraft:gold_nugget":6,"minecraft:spruce_planks":52,"minecraft:beef":25,"minecraft:rose_bush":1,"immersive_melodies:trumpet":3,"minecraft:calcite":4,"minecraft:poppy":2,"minecraft:light_gray_wool":3,"hangglider:hang_glider":41,"immersive_melodies:triangle":3,"minecraft:sugar_cane":32,"minecraft:chest":2,"minecraft:spruce_trapdoor":1,"minecraft:furnace":4,"minecraft:raw_iron":36,"cfm:flowering_azalea_hedge":2,"minecraft:stick":13,"minecraft:stone":4,"minecraft:torch":61,"immersive_melodies:tiny_drum":3,"minecraft:spruce_stairs":1,"minecraft:note_block":1,"minecraft:porkchop":5,"minecraft:cherry_log":14,"minecraft:diorite":2,"minecraft:carrot":309,"minecraft:dark_oak_planks":1,"minecraft:arrow":32,"minecraft:rotten_flesh":28,"minecraft:hay_block":7,"immersive_melodies:flute":2,"paraglider:horned_statue":1,"minecraft:snowball":22,"minecraft:white_wool":3,"minecraft:cobblestone":45,"minecraft:birch_log":32,"minecraft:leather_chestplate":1,"minecraft:cooked_beef":9,"minecraft:golden_carrot":6,"minecraft:birch_planks":2,"minecraft:black_bed":1,"minecraft:leather":7,"minecraft:smoker":1,"minecraft:potato":7,"alexsmobs:bison_fur":2,"paraglider:spirit_orb":12,"immersive_melodies:bagpipe":3,"minecraft:oak_log":8,"alexscaves:lanternfish":1,"minecraft:dirt":25,"minecraft:mangrove_fence":1,"minecraft:bone":27,"minecraft:bow":2,"minecraft:wheat_seeds":4,"cfm:oak_park_bench":2,"minecraft:iron_ingot":7,"minecraft:stone_pickaxe":3,"cfm:post_box":2,"minecraft:oak_planks":18,"minecraft:dark_oak_stairs":1,"minecraft:book":249,"minecraft:smooth_basalt":3,"cfm:light_gray_sofa":2,"minecraft:sand":20,"cfm:oak_upgraded_fence":1,"minecraft:stripped_spruce_log":1,"minecraft:spruce_sapling":15,"minecraft:blast_furnace":1,"minecraft:spruce_log":19,"alexsmobs:animal_dictionary":7,"travelersbackpack:standard":2,"travelersbackpack:white_sleeping_bag":585,"biomesoplenty:maple_sapling":2,"minecraft:diamond":2,"immersive_melodies:piano":4,"cfm:oak_kitchen_drawer":2,"luckytntmod:cobblestone_house_tnt":2,"waystones:waystone":3,"minecraft:writable_book":1,"minecraft:painting":1,"minecraft:golden_apple":2,"alexsmobs:maggot":25,"minecraft:coal":121,"cfm:trampoline":2,"minecraft:wooden_axe":4},"minecraft:broken":{"minecraft:golden_sword":1,"minecraft:stone_axe":1,"minecraft:iron_sword":1,"minecraft:wooden_axe":1},"minecraft:killed":{"minecraft:cave_spider":1,"minecraft:spider":3,"alexsmobs:froststalker":1,"minecraft:skeleton":19,"alexsmobs:bison":1,"minecraft:pig":3,"minecraft:husk":15,"alexsmobs:seal":1,"minecraft:iron_golem":1,"minecraft:zombie":11,"alexsmobs:fly":9,"minecraft:cow":6},"minecraft:used":{"cfm:white_grill":2,"alexscaves:bioluminescent_torch":39,"minecraft:cherry_sapling":5,"minecraft:writable_book":1,"cfm:post_box":2,"minecraft:flint_and_steel":1,"minecraft:poppy":2,"minecraft:chest":9,"minecraft:spruce_planks":34,"minecraft:stone":2,"minecraft:iron_sword":198,"minecraft:rotten_flesh":2,"minecraft:torch":25,"minecraft:dirt":260,"cfm:trampoline":9,"minecraft:carrot":85,"movingelevators:display_block":2,"alexscaves:radon_lamp_light_gray":8,"minecraft:snowball":6,"minecraft:dark_oak_planks":1,"minecraft:glass":32,"minecraft:wooden_axe":42,"cfm:flowering_azalea_hedge":20,"minecraft:grass_block":40,"cfm:brown_sofa":8,"minecraft:smooth_basalt":3,"alexsmobs:spawn_egg_stradpole":2,"minecraft:golden_sword":155,"minecraft:golden_carrot":3,"cfm:fridge_light":2,"minecraft:furnace":2,"alexscaves:lanternfish_bucket":2,"minecraft:cooked_beef":7,"cfm:black_kitchen_counter":4,"minecraft:cobbled_deepslate":11,"luckytntmod:cobblestone_house_tnt":1,"minecraft:beetroot_soup":1,"minecraft:water_bucket":25,"minecraft:cobblestone_stairs":308,"minecraft:birch_planks":124,"cfm:oak_park_bench":7,"minecraft:baked_potato":7,"minecraft:stone_pickaxe":117,"cfm:black_cooler":4,"minecraft:wooden_pickaxe":5,"cfm:oak_kitchen_drawer":4,"minecraft:crafting_table":9,"minecraft:blast_furnace":1,"minecraft:sponge":3,"minecraft:painting":16,"minecraft:cake":1,"minecraft:smoker":1,"cfm:oak_kitchen_counter":1,"waystones:waystone":4,"minecraft:mud":2,"minecraft:cherry_door":2,"cfm:oak_kitchen_sink_dark":1,"minecraft:iron_pickaxe":14,"minecraft:bread":9,"travelersbackpack:white_sleeping_bag":6,"cfm:oak_upgraded_fence":26,"minecraft:spruce_trapdoor":1,"travelersbackpack:standard":7,"minecraft:stone_axe":62,"minecraft:diamond_sword":13,"minecraft:cobblestone":277,"cfm:spruce_park_bench":4,"movingelevators:elevator_block":3,"minecraft:stripped_oak_wood":154,"cfm:stripped_mangrove_table":4,"cfm:light_gray_sofa":15,"minecraft:bucket":14,"minecraft:glass_pane":45,"cfm:oak_upgraded_gate":4,"minecraft:pumpkin_pie":13,"alexscaves:radon_lamp_white":40,"alexsmobs:animal_dictionary":1,"minecraft:bone_meal":18},"minecraft:custom":{"minecraft:mob_kills":72,"minecraft:interact_with_crafting_table":34,"minecraft:open_barrel":23,"minecraft:bell_ring":3,"minecraft:eat_cake_slice":3,"minecraft:leave_game":5,"minecraft:time_since_death":128272,"minecraft:climb_one_cm":6072,"minecraft:damage_resisted":20,"minecraft:sprint_one_cm":480705,"minecraft:walk_one_cm":520226,"minecraft:drop":68,"minecraft:play_noteblock":2,"minecraft:play_time":269615,"minecraft:deaths":6,"minecraft:sneak_time":7596,"minecraft:walk_under_water_one_cm":9350,"minecraft:interact_with_lectern":1,"minecraft:interact_with_brewingstand":1,"minecraft:jump":3030,"minecraft:interact_with_blast_furnace":11,"minecraft:walk_on_water_one_cm":23186,"minecraft:total_world_time":269615,"minecraft:interact_with_furnace":34,"minecraft:interact_with_cartography_table":1,"minecraft:tune_noteblock":1,"minecraft:sleep_in_bed":12,"minecraft:time_since_rest":11043,"minecraft:waystone_activated":4,"minecraft:damage_taken":6183,"minecraft:damage_dealt":13407,"minecraft:swim_one_cm":13233,"minecraft:fly_one_cm":1463273,"minecraft:open_chest":86,"minecraft:crouch_one_cm":17519,"minecraft:interact_with_smoker":5,"minecraft:fall_one_cm":75322},"minecraft:dropped":{"minecraft:bread":2,"minecraft:wheat_seeds":2,"minecraft:cooked_beef":7,"minecraft:cherry_log":3,"minecraft:cobblestone":9,"immersive_melodies:lute":1,"minecraft:cracked_stone_bricks":2,"minecraft:coal":7,"alexsmobs:bison_fur":2,"minecraft:stick":11,"immersive_melodies:piano":3,"minecraft:wooden_axe":1,"minecraft:rose_bush":1,"minecraft:snowball":16,"minecraft:potion":1,"minecraft:gold_nugget":2,"minecraft:writable_book":1,"immersive_melodies:triangle":1,"minecraft:glistering_melon_slice":7,"travelersbackpack:backpack_tank":2,"minecraft:note_block":1,"hangglider:hang_glider":11,"alexsmobs:animal_dictionary":1,"minecraft:cobbled_deepslate":1,"immersive_melodies:bagpipe":1,"minecraft:raw_iron":9,"minecraft:rotten_flesh":11,"minecraft:oak_planks":2,"minecraft:carrot":64,"minecraft:mangrove_fence":1,"minecraft:leather_chestplate":1,"travelersbackpack:white_sleeping_bag":3,"minecraft:spruce_planks":2,"minecraft:painting":1,"minecraft:stone_pickaxe":1,"minecraft:bow":2,"minecraft:wooden_pickaxe":1,"immersive_melodies:tiny_drum":1,"minecraft:calcite":2,"minecraft:written_book":1},"minecraft:mined":{"minecraft:spruce_planks":9,"minecraft:deepslate_diamond_ore":2,"minecraft:granite":1,"minecraft:grass_block":4,"minecraft:mangrove_fence":1,"travelersbackpack:white_sleeping_bag":6,"minecraft:spruce_leaves":3,"minecraft:spawner":6,"minecraft:large_fern":1,"minecraft:hay_block":7,"minecraft:black_stained_glass_pane":2,"minecraft:furnace":2,"minecraft:iron_ore":27,"minecraft:stripped_spruce_log":1,"minecraft:dark_oak_stairs":1,"minecraft:bookshelf":23,"minecraft:potatoes":7,"biomesoplenty:spider_egg":1,"minecraft:stone":26,"minecraft:cherry_planks":1,"minecraft:smoker":1,"travelersbackpack:standard":2,"minecraft:powder_snow":35,"minecraft:crafting_table":6,"minecraft:torch":1,"minecraft:note_block":1,"minecraft:blast_furnace":1,"minecraft:calcite":2,"minecraft:dead_bush":1,"minecraft:oak_planks":16,"minecraft:sugar_cane":4,"minecraft:spruce_stairs":1,"minecraft:birch_planks":2,"paraglider:horned_statue":1,"minecraft:spruce_log":7,"minecraft:black_bed":1,"minecraft:grass":3,"minecraft:coal_ore":30,"minecraft:cobweb":36,"minecraft:smooth_basalt":3,"minecraft:cyan_carpet":1,"minecraft:sand":20,"minecraft:dirt":8,"minecraft:cracked_stone_bricks":2,"minecraft:deepslate":22,"minecraft:fern":2},"minecraft:crafted":{"minecraft:golden_carrot":3,"minecraft:oak_planks":32,"minecraft:furnace":1,"minecraft:flint_and_steel":1,"minecraft:glass":45,"travelersbackpack:white_sleeping_bag":1,"minecraft:stone_pickaxe":1,"minecraft:chest":2,"minecraft:cooked_beef":8,"minecraft:crafting_table":4,"minecraft:spruce_planks":52,"travelersbackpack:standard":1,"travelersbackpack:backpack_tank":4,"minecraft:wooden_pickaxe":1,"minecraft:baked_potato":7,"minecraft:iron_sword":1,"minecraft:birch_planks":124,"minecraft:stone_axe":1,"minecraft:air":0,"minecraft:white_wool":9,"minecraft:iron_chestplate":1,"minecraft:gold_nugget":18,"minecraft:stick":28,"minecraft:iron_ingot":24,"minecraft:iron_pickaxe":1,"minecraft:wooden_axe":1,"minecraft:iron_leggings":1,"minecraft:torch":12}},"DataVersion":3465}