{"stats":{"minecraft:mined":{"movingelevators:elevator_block":1,"minecraft:grass":1,"minecraft:grass_block":1},"minecraft:custom":{"minecraft:time_since_rest":45745,"minecraft:sprint_one_cm":13687,"minecraft:walk_one_cm":124275,"minecraft:damage_taken":300,"minecraft:mob_kills":6,"minecraft:drop":4,"minecraft:damage_dealt":321,"minecraft:fly_one_cm":411495,"minecraft:open_chest":9,"minecraft:crouch_one_cm":8517,"minecraft:play_time":91008,"minecraft:deaths":1,"minecraft:sneak_time":3995,"minecraft:walk_under_water_one_cm":3640,"minecraft:jump":294,"minecraft:leave_game":5,"minecraft:walk_on_water_one_cm":239,"minecraft:time_since_death":45688,"minecraft:total_world_time":91008,"minecraft:fall_one_cm":5726},"minecraft:picked_up":{"minecraft:torch":1,"movingelevators:elevator_block":1,"minecraft:dirt":181,"hangglider:hang_glider":1,"minecraft:white_wool":1,"minecraft:cobblestone":15},"minecraft:dropped":{"hangglider:hang_glider":1,"fossilsorigins:mosasaurus_egg":1,"immersive_melodies:lute":1,"immersive_melodies:tiny_drum":1},"minecraft:used":{"minecraft:deepslate_tile_wall":26,"minecraft:oak_log":2,"minecraft:black_terracotta":7,"minecraft:oak_fence":15,"iceandfire:dread_torch":1,"minecraft:black_wool":90,"minecraft:flint_and_steel":5,"minecraft:grass_block":17,"minecraft:oak_stairs":13,"minecraft:oak_planks":6,"minecraft:chest":2,"another_furniture:red_lamp":6,"minecraft:white_terracotta":3,"minecraft:stone":1,"minecraft:oak_door":1,"minecraft:white_wool":3,"minecraft:torch":11,"minecraft:glowstone":9,"minecraft:dirt":71,"minecraft:cobblestone":103,"minecraft:tnt":4,"movingelevators:elevator_block":17,"minecraft:stripped_oak_wood":92,"immersive_aircraft:gyrodyne":4,"another_furniture:cherry_chair":10,"movingelevators:display_block":12,"minecraft:stripped_oak_log":7,"immersive_aircraft:biplane":3,"another_furniture:cherry_table":12,"luckytntmod:woodhouse_tnt":1,"minecraft:oak_fence_gate":4},"minecraft:killed":{"minecraft:sheep":2,"alexsmobs:hummingbird":1,"minecraft:zombie":2,"fossilsorigins:mosasaurus":1}},"DataVersion":3465}