{"stats":{"minecraft:mined":{"minecraft:grass_block":1,"movingelevators:elevator_block":1,"minecraft:grass":1},"minecraft:custom":{"minecraft:mob_kills":10,"minecraft:leave_game":5,"minecraft:time_since_death":81688,"minecraft:climb_one_cm":16,"minecraft:time_since_rest":81745,"minecraft:sprint_one_cm":24337,"minecraft:damage_taken":300,"minecraft:walk_one_cm":195297,"minecraft:drop":17,"minecraft:damage_dealt":480,"minecraft:interact_with_beacon":4,"minecraft:swim_one_cm":9605,"minecraft:fly_one_cm":562633,"minecraft:open_chest":13,"minecraft:crouch_one_cm":12268,"minecraft:play_time":127008,"minecraft:deaths":1,"minecraft:sneak_time":5678,"minecraft:walk_under_water_one_cm":6682,"minecraft:jump":409,"minecraft:walk_on_water_one_cm":1365,"minecraft:total_world_time":127008,"minecraft:fall_one_cm":5726},"minecraft:picked_up":{"minecraft:leather":2,"minecraft:oak_stairs":2,"minecraft:oak_log":4,"minecraft:dirt":188,"minecraft:beef":3,"hangglider:hang_glider":1,"minecraft:oak_planks":2,"minecraft:oak_door":1,"minecraft:torch":2,"movingelevators:elevator_block":1,"minecraft:spider_eye":1,"luckytntmod:dynamite_x5":1,"minecraft:gold_ingot":2,"alexsmobs:maggot":2,"minecraft:white_wool":1,"minecraft:cobblestone":15},"minecraft:dropped":{"hangglider:hang_glider":1,"immersive_melodies:trumpet":2,"immersive_melodies:bagpipe":1,"immersive_melodies:flute":1,"minecraft:lead":1,"immersive_melodies:lute":2,"luckytntmod:dynamite_x5":2,"immersive_melodies:piano":1,"fossilsorigins:mosasaurus_egg":1,"luckytntmod:animal_dynamite":1,"immersive_melodies:didgeridoo":1,"immersive_melodies:triangle":1,"immersive_melodies:tiny_drum":2},"minecraft:used":{"minecraft:oak_fence":19,"alexsmobs:spawn_egg_raccoon":2,"minecraft:water_bucket":1,"minecraft:flint_and_steel":5,"minecraft:oak_planks":16,"minecraft:chest":2,"minecraft:white_terracotta":3,"minecraft:stone":1,"minecraft:beacon":1,"minecraft:torch":12,"minecraft:oak_door":2,"minecraft:white_wool":3,"minecraft:dirt":71,"minecraft:tnt":4,"movingelevators:display_block":12,"another_furniture:cherry_chair":10,"another_furniture:cherry_table":12,"luckytntmod:woodhouse_tnt":1,"minecraft:oak_fence_gate":5,"alexsmobs:spawn_egg_kangaroo":1,"minecraft:deepslate_tile_wall":26,"minecraft:oak_log":12,"minecraft:black_terracotta":7,"iceandfire:dread_torch":1,"minecraft:black_wool":90,"minecraft:oak_stairs":22,"minecraft:grass_block":58,"another_furniture:red_lamp":8,"minecraft:glowstone":9,"minecraft:cobblestone":103,"minecraft:bow":11,"movingelevators:elevator_block":17,"minecraft:stripped_oak_wood":92,"immersive_aircraft:gyrodyne":6,"minecraft:glass_pane":28,"minecraft:gold_block":11,"alexsmobs:animal_dictionary":4,"immersive_aircraft:biplane":3,"minecraft:stripped_oak_log":7},"minecraft:killed":{"alexsmobs:hummingbird":1,"fossilsorigins:mosasaurus":1,"alexsmobs:raccoon":1,"minecraft:spider":1,"minecraft:sheep":2,"minecraft:zombie":4}},"DataVersion":3465}