{"stats":{"minecraft:crafted":{"minecraft:cherry_planks":36,"minecraft:crafting_table":1,"minecraft:wooden_pickaxe":1,"minecraft:stone_axe":1,"minecraft:stick":4,"minecraft:stone_pickaxe":1,"minecraft:wooden_axe":1},"minecraft:mined":{"iceandfire:silver_ore":2,"minecraft:cherry_log":4,"minecraft:grass_block":1,"minecraft:large_fern":1,"minecraft:sweet_berry_bush":1,"movingelevators:elevator_block":1,"minecraft:grass":1,"minecraft:coal_ore":8,"minecraft:vine":1,"minecraft:cherry_leaves":3,"minecraft:sunflower":1,"minecraft:stone":9,"minecraft:oak_leaves":1},"minecraft:custom":{"minecraft:mob_kills":15,"minecraft:interact_with_crafting_table":5,"minecraft:leave_game":5,"minecraft:time_since_death":105688,"minecraft:climb_one_cm":44,"minecraft:time_since_rest":105745,"minecraft:sprint_one_cm":46475,"minecraft:damage_taken":545,"minecraft:walk_one_cm":230056,"minecraft:drop":23,"minecraft:damage_dealt":1355,"minecraft:interact_with_beacon":4,"minecraft:swim_one_cm":9605,"minecraft:fly_one_cm":702989,"minecraft:open_chest":15,"minecraft:crouch_one_cm":12937,"minecraft:play_time":151008,"minecraft:deaths":1,"minecraft:sneak_time":6331,"minecraft:walk_under_water_one_cm":6682,"minecraft:jump":642,"minecraft:walk_on_water_one_cm":1365,"minecraft:total_world_time":151008,"minecraft:fall_one_cm":11061},"minecraft:picked_up":{"minecraft:leather":2,"minecraft:oak_stairs":2,"minecraft:oak_log":5,"minecraft:dirt":188,"minecraft:beef":3,"hangglider:hang_glider":1,"minecraft:oak_planks":2,"minecraft:egg":1,"minecraft:stick":4,"minecraft:oak_door":1,"minecraft:sweet_berries":7,"minecraft:torch":2,"movingelevators:elevator_block":1,"minecraft:cherry_log":14,"minecraft:spruce_log":9,"minecraft:spider_eye":1,"minecraft:rotten_flesh":4,"luckytntmod:dynamite_x5":1,"minecraft:cherry_sapling":9,"minecraft:gold_ingot":2,"alexsmobs:maggot":2,"minecraft:coal":8,"iceandfire:raw_silver":2,"minecraft:white_wool":1,"minecraft:cobblestone":24,"minecraft:sunflower":1},"minecraft:dropped":{"minecraft:sweet_berries":5,"hangglider:hang_glider":1,"immersive_melodies:trumpet":2,"immersive_melodies:bagpipe":1,"immersive_melodies:flute":1,"minecraft:lead":1,"immersive_melodies:lute":2,"luckytntmod:dynamite_x5":2,"immersive_melodies:piano":1,"fossilsorigins:mosasaurus_egg":1,"luckytntmod:animal_dynamite":1,"immersive_melodies:didgeridoo":1,"minecraft:wooden_pickaxe":1,"immersive_melodies:triangle":1,"immersive_melodies:tiny_drum":2},"minecraft:used":{"minecraft:oak_fence":19,"alexsmobs:spawn_egg_raccoon":2,"minecraft:water_bucket":1,"minecraft:flint_and_steel":5,"minecraft:stone_pickaxe":15,"minecraft:oak_planks":16,"minecraft:chest":2,"minecraft:wooden_pickaxe":7,"minecraft:white_terracotta":3,"minecraft:stone":1,"minecraft:beacon":6,"minecraft:torch":12,"minecraft:oak_door":2,"minecraft:white_wool":3,"minecraft:golden_apple":2,"minecraft:dirt":77,"minecraft:tnt":4,"minecraft:crafting_table":1,"minecraft:carrot":12,"movingelevators:display_block":13,"another_furniture:cherry_chair":10,"another_furniture:cherry_table":12,"luckytntmod:woodhouse_tnt":1,"minecraft:oak_fence_gate":5,"alexsmobs:spawn_egg_kangaroo":1,"minecraft:deepslate_tile_wall":26,"minecraft:oak_log":12,"minecraft:black_terracotta":7,"minecraft:wooden_axe":5,"iceandfire:dread_torch":1,"minecraft:black_wool":90,"minecraft:sunflower":1,"minecraft:oak_stairs":22,"minecraft:grass_block":58,"another_furniture:red_lamp":8,"minecraft:stone_axe":9,"minecraft:glowstone":9,"minecraft:cobblestone":103,"minecraft:bow":28,"movingelevators:elevator_block":18,"minecraft:stripped_oak_wood":92,"immersive_aircraft:gyrodyne":9,"minecraft:glass_pane":28,"minecraft:gold_block":32,"alexsmobs:animal_dictionary":4,"immersive_aircraft:biplane":3,"minecraft:stripped_oak_log":7,"minecraft:cherry_log":2},"minecraft:killed":{"alexsmobs:hummingbird":1,"fossilsorigins:mosasaurus":1,"alexsmobs:raccoon":1,"minecraft:spider":1,"minecraft:sheep":2,"minecraft:skeleton":1,"minecraft:zombie":8}},"DataVersion":3465}