{"stats":{"minecraft:crafted":{"minecraft:cherry_planks":48,"minecraft:crafting_table":1,"minecraft:wooden_pickaxe":1,"minecraft:stone_axe":1,"minecraft:stick":4,"minecraft:stone_pickaxe":1,"minecraft:wooden_axe":1},"minecraft:mined":{"iceandfire:silver_ore":2,"minecraft:cherry_log":4,"minecraft:grass_block":1,"minecraft:decorated_pot":1,"minecraft:large_fern":1,"minecraft:iron_ore":18,"minecraft:sweet_berry_bush":1,"movingelevators:elevator_block":1,"minecraft:grass":2,"minecraft:coal_ore":15,"minecraft:vine":1,"minecraft:cherry_leaves":3,"minecraft:sunflower":1,"minecraft:stone":10,"minecraft:oak_leaves":1},"minecraft:custom":{"minecraft:mob_kills":25,"minecraft:interact_with_crafting_table":6,"minecraft:leave_game":5,"minecraft:time_since_death":117688,"minecraft:climb_one_cm":44,"minecraft:time_since_rest":117745,"minecraft:sprint_one_cm":79468,"minecraft:damage_taken":995,"minecraft:walk_one_cm":265333,"minecraft:drop":24,"minecraft:damage_dealt":2858,"minecraft:interact_with_beacon":4,"minecraft:swim_one_cm":9605,"minecraft:fly_one_cm":766974,"minecraft:open_chest":15,"minecraft:crouch_one_cm":13402,"minecraft:play_time":163008,"minecraft:deaths":1,"minecraft:sneak_time":6668,"minecraft:walk_under_water_one_cm":6682,"minecraft:jump":919,"minecraft:walk_on_water_one_cm":1365,"minecraft:total_world_time":163008,"minecraft:fall_one_cm":18392},"minecraft:picked_up":{"minecraft:pink_petals":3,"minecraft:shelter_pottery_sherd":1,"minecraft:stone_slab":2,"minecraft:leather":2,"minecraft:oak_stairs":2,"minecraft:oak_log":5,"minecraft:dirt":188,"minecraft:beef":3,"hangglider:hang_glider":1,"minecraft:oak_planks":2,"minecraft:phantom_membrane":2,"minecraft:raw_iron":18,"minecraft:egg":1,"minecraft:stick":4,"minecraft:sheaf_pottery_sherd":1,"minecraft:oak_door":1,"minecraft:sweet_berries":7,"minecraft:torch":2,"minecraft:spruce_sapling":1,"movingelevators:elevator_block":1,"minecraft:cherry_log":14,"minecraft:spruce_log":9,"minecraft:spider_eye":1,"minecraft:rotten_flesh":7,"minecraft:snort_pottery_sherd":1,"minecraft:angler_pottery_sherd":1,"luckytntmod:dynamite_x5":1,"minecraft:cherry_sapling":10,"minecraft:gold_ingot":2,"alexsmobs:maggot":2,"immersive_armors:wooden_boots":1,"minecraft:coal":15,"iceandfire:raw_silver":2,"minecraft:white_wool":1,"minecraft:cobblestone":25,"minecraft:sunflower":1},"minecraft:dropped":{"minecraft:sweet_berries":5,"hangglider:hang_glider":1,"immersive_melodies:trumpet":2,"immersive_melodies:bagpipe":1,"immersive_melodies:flute":1,"minecraft:lead":1,"immersive_melodies:lute":2,"luckytntmod:dynamite_x5":2,"minecraft:wooden_axe":1,"immersive_melodies:piano":1,"fossilsorigins:mosasaurus_egg":1,"luckytntmod:animal_dynamite":1,"immersive_melodies:didgeridoo":1,"minecraft:wooden_pickaxe":1,"immersive_melodies:triangle":1,"immersive_melodies:tiny_drum":2},"minecraft:used":{"minecraft:oak_fence":19,"alexsmobs:spawn_egg_raccoon":2,"minecraft:water_bucket":1,"minecraft:flint_and_steel":5,"minecraft:stone_pickaxe":42,"minecraft:oak_planks":16,"minecraft:chest":2,"minecraft:wooden_pickaxe":7,"minecraft:white_terracotta":3,"minecraft:stone":1,"minecraft:beacon":6,"minecraft:torch":12,"minecraft:oak_door":2,"minecraft:white_wool":3,"minecraft:golden_apple":2,"minecraft:dirt":77,"minecraft:tnt":4,"minecraft:crafting_table":1,"minecraft:carrot":29,"movingelevators:display_block":13,"another_furniture:cherry_chair":10,"another_furniture:cherry_table":12,"luckytntmod:woodhouse_tnt":1,"minecraft:oak_fence_gate":5,"alexsmobs:spawn_egg_kangaroo":1,"minecraft:deepslate_tile_wall":26,"minecraft:oak_log":12,"minecraft:black_terracotta":7,"minecraft:wooden_axe":5,"iceandfire:dread_torch":1,"minecraft:black_wool":90,"minecraft:sunflower":1,"minecraft:oak_stairs":22,"minecraft:grass_block":58,"another_furniture:red_lamp":8,"minecraft:stone_axe":28,"minecraft:glowstone":9,"minecraft:cobblestone":103,"minecraft:bow":28,"movingelevators:elevator_block":18,"minecraft:stripped_oak_wood":92,"immersive_aircraft:gyrodyne":9,"minecraft:glass_pane":28,"minecraft:gold_block":32,"alexsmobs:animal_dictionary":4,"immersive_aircraft:biplane":3,"minecraft:stripped_oak_log":7,"minecraft:cherry_log":2},"minecraft:killed":{"alexsmobs:hummingbird":2,"fossilsorigins:mosasaurus":1,"alexsmobs:raccoon":2,"minecraft:spider":1,"minecraft:phantom":4,"minecraft:sheep":2,"minecraft:skeleton":1,"minecraft:zombie":11,"minecraft:villager":1}},"DataVersion":3465}