{"stats":{"minecraft:picked_up":{"minecraft:wooden_axe":4,"minecraft:wheat":9,"minecraft:diamond_sword":2,"biomesoplenty:rainbow_birch_sapling":3,"cfm:stripped_mangrove_table":2,"minecraft:string":43,"minecraft:armor_stand":1,"minecraft:gold_nugget":6,"minecraft:cobbled_deepslate":22,"minecraft:spruce_planks":52,"minecraft:rose_bush":1,"minecraft:calcite":4,"hangglider:hang_glider":41,"immersive_melodies:triangle":3,"minecraft:furnace":4,"minecraft:stick":13,"minecraft:oak_fence":19,"minecraft:torch":62,"minecraft:spruce_stairs":1,"minecraft:porkchop":8,"minecraft:cherry_log":14,"minecraft:diorite":2,"minecraft:rotten_flesh":34,"immersive_melodies:flute":2,"minecraft:iron_bars":2,"minecraft:snowball":22,"minecraft:cobblestone":47,"minecraft:birch_log":32,"minecraft:leather_chestplate":1,"minecraft:cooked_beef":9,"minecraft:black_bed":1,"paraglider:spirit_orb":12,"minecraft:smoker":1,"minecraft:potato":7,"alexsmobs:bison_fur":2,"minecraft:cherry_fence":11,"alexscaves:lanternfish":1,"minecraft:dirt":32,"minecraft:mangrove_fence":1,"minecraft:bone":27,"minecraft:bow":2,"minecraft:wheat_seeds":20,"cfm:oak_park_bench":2,"cfm:post_box":2,"minecraft:oak_planks":20,"minecraft:sand":20,"cfm:oak_upgraded_fence":1,"minecraft:stripped_spruce_log":1,"alexsmobs:animal_dictionary":7,"minecraft:mossy_cobblestone":15,"travelersbackpack:white_sleeping_bag":585,"immersive_melodies:piano":4,"cfm:oak_kitchen_drawer":2,"luckytntmod:cobblestone_house_tnt":2,"minecraft:diamond":2,"waystones:waystone":3,"minecraft:writable_book":1,"minecraft:golden_apple":2,"alexsmobs:maggot":25,"minecraft:mud":2,"minecraft:crafting_table":10,"minecraft:splash_potion":2,"minecraft:turtle_helmet":1,"minecraft:brown_mushroom":1,"minecraft:wooden_pickaxe":3,"immersive_melodies:lute":3,"minecraft:white_carpet":3,"minecraft:cyan_carpet":1,"minecraft:cracked_stone_bricks":4,"minecraft:beef":25,"immersive_melodies:trumpet":3,"minecraft:poppy":2,"minecraft:light_gray_wool":3,"minecraft:sugar_cane":32,"minecraft:chest":2,"minecraft:spruce_trapdoor":1,"minecraft:egg":5,"cfm:flowering_azalea_hedge":2,"minecraft:raw_iron":36,"minecraft:stone":4,"immersive_melodies:tiny_drum":3,"minecraft:note_block":1,"minecraft:carrot":309,"minecraft:dark_oak_planks":1,"minecraft:arrow":32,"minecraft:hay_block":7,"paraglider:horned_statue":1,"minecraft:white_wool":3,"minecraft:golden_carrot":6,"minecraft:leather":7,"minecraft:birch_planks":2,"immersive_melodies:bagpipe":3,"minecraft:oak_log":8,"minecraft:gunpowder":94,"alexsmobs:cockroach_wing_fragment":1,"minecraft:iron_ingot":10,"minecraft:stone_pickaxe":3,"minecraft:dark_oak_stairs":1,"minecraft:book":249,"minecraft:smooth_basalt":3,"cfm:light_gray_sofa":2,"minecraft:spruce_sapling":15,"minecraft:blast_furnace":1,"minecraft:spruce_log":19,"travelersbackpack:standard":5,"biomesoplenty:maple_sapling":2,"minecraft:painting":1,"cfm:trampoline":2,"minecraft:coal":121},"minecraft:broken":{"minecraft:golden_sword":1,"minecraft:stone_axe":1,"minecraft:iron_sword":1,"minecraft:wooden_axe":1},"minecraft:killed":{"minecraft:cave_spider":1,"minecraft:spider":3,"alexsmobs:froststalker":1,"minecraft:skeleton":19,"minecraft:pig":5,"alexsmobs:seal":1,"minecraft:iron_golem":1,"minecraft:zombie":14,"alexsmobs:fly":9,"minecraft:cow":6,"alexsmobs:bison":1,"minecraft:husk":15,"alexsmobs:cockroach":1},"minecraft:used":{"cfm:white_grill":2,"alexscaves:bioluminescent_torch":39,"minecraft:cherry_sapling":5,"minecraft:writable_book":1,"minecraft:poppy":2,"minecraft:chest":9,"minecraft:stone":2,"minecraft:iron_sword":221,"minecraft:rotten_flesh":2,"minecraft:carrot":96,"minecraft:snowball":6,"alexscaves:radon_lamp_light_gray":8,"minecraft:glass":32,"minecraft:grass_block":40,"cfm:brown_sofa":8,"alexsmobs:spawn_egg_stradpole":2,"minecraft:golden_sword":155,"minecraft:furnace":2,"alexscaves:lanternfish_bucket":2,"minecraft:egg":5,"luckytntmod:cobblestone_house_tnt":1,"cfm:oak_park_bench":7,"minecraft:stone_pickaxe":117,"minecraft:oak_planks":4,"cfm:black_cooler":4,"minecraft:wooden_pickaxe":5,"cfm:oak_kitchen_drawer":4,"minecraft:blast_furnace":1,"minecraft:sponge":3,"cfm:oak_kitchen_counter":1,"waystones:waystone":4,"cfm:oak_kitchen_sink_dark":1,"minecraft:bread":9,"cfm:oak_upgraded_fence":26,"minecraft:diamond_sword":13,"movingelevators:elevator_block":3,"minecraft:stripped_oak_wood":154,"cfm:oak_upgraded_gate":4,"alexscaves:radon_lamp_white":40,"minecraft:bone_meal":18,"minecraft:oak_fence":28,"cfm:post_box":2,"minecraft:flint_and_steel":1,"minecraft:spruce_planks":34,"minecraft:torch":26,"minecraft:dirt":268,"minecraft:white_carpet":3,"cfm:trampoline":9,"movingelevators:display_block":2,"biomesoplenty:maple_sapling":2,"minecraft:wooden_axe":42,"minecraft:dark_oak_planks":1,"paraglider:horned_statue":1,"cfm:flowering_azalea_hedge":20,"minecraft:iron_axe":37,"minecraft:smooth_basalt":3,"minecraft:golden_carrot":3,"cfm:fridge_light":2,"cfm:black_kitchen_counter":4,"minecraft:cooked_beef":10,"minecraft:cobbled_deepslate":11,"minecraft:cherry_fence":20,"minecraft:beetroot_soup":1,"minecraft:water_bucket":44,"minecraft:cobblestone_stairs":308,"minecraft:birch_planks":124,"minecraft:baked_potato":7,"minecraft:crafting_table":10,"minecraft:white_bed":1,"minecraft:painting":16,"minecraft:cake":1,"minecraft:smoker":1,"minecraft:mud":2,"minecraft:cherry_door":2,"minecraft:iron_pickaxe":55,"travelersbackpack:white_sleeping_bag":6,"minecraft:spruce_trapdoor":1,"minecraft:stone_axe":62,"minecraft:cobblestone":279,"travelersbackpack:standard":13,"cfm:spruce_park_bench":4,"minecraft:bucket":33,"minecraft:glass_pane":45,"cfm:stripped_mangrove_table":4,"minecraft:pumpkin_pie":13,"cfm:light_gray_sofa":15,"alexsmobs:animal_dictionary":1,"minecraft:splash_potion":1},"minecraft:dropped":{"minecraft:cooked_beef":7,"immersive_melodies:lute":1,"minecraft:cracked_stone_bricks":2,"alexsmobs:bison_fur":2,"immersive_melodies:piano":3,"minecraft:snowball":16,"minecraft:gold_nugget":2,"minecraft:writable_book":1,"minecraft:bone_meal":75,"immersive_melodies:triangle":1,"minecraft:glistering_melon_slice":7,"travelersbackpack:backpack_tank":2,"minecraft:note_block":1,"hangglider:hang_glider":11,"minecraft:cobbled_deepslate":1,"alexsmobs:animal_dictionary":1,"minecraft:rotten_flesh":11,"minecraft:oak_planks":2,"minecraft:carrot":64,"minecraft:mangrove_fence":1,"minecraft:leather_chestplate":1,"travelersbackpack:white_sleeping_bag":3,"minecraft:painting":1,"immersive_melodies:tiny_drum":1,"minecraft:written_book":1,"minecraft:iron_ingot":3,"minecraft:bread":2,"minecraft:wheat_seeds":5,"minecraft:cherry_log":3,"minecraft:cobblestone":9,"minecraft:coal":7,"minecraft:stick":11,"minecraft:wooden_axe":1,"minecraft:rose_bush":1,"minecraft:potion":1,"immersive_melodies:bagpipe":1,"minecraft:raw_iron":9,"minecraft:potato":32,"alexsmobs:cockroach_wing_fragment":1,"minecraft:spruce_planks":2,"minecraft:bow":2,"minecraft:stone_pickaxe":1,"minecraft:wooden_pickaxe":1,"minecraft:calcite":2},"minecraft:custom":{"minecraft:animals_bred":1,"minecraft:interact_with_crafting_table":39,"minecraft:open_barrel":23,"minecraft:bell_ring":3,"minecraft:eat_cake_slice":3,"minecraft:leave_game":6,"minecraft:time_since_death":167470,"minecraft:damage_resisted":20,"minecraft:sprint_one_cm":559047,"minecraft:drop":76,"minecraft:play_noteblock":2,"minecraft:play_time":308813,"minecraft:deaths":6,"minecraft:jump":3931,"minecraft:interact_with_brewingstand":1,"minecraft:walk_on_water_one_cm":26059,"minecraft:interact_with_furnace":34,"minecraft:interact_with_cartography_table":1,"minecraft:sleep_in_bed":17,"minecraft:waystone_activated":4,"minecraft:damage_dealt":14146,"minecraft:crouch_one_cm":22363,"minecraft:interact_with_smoker":5,"minecraft:use_cauldron":1,"minecraft:mob_kills":78,"minecraft:fill_cauldron":1,"minecraft:climb_one_cm":13561,"minecraft:walk_one_cm":599596,"minecraft:sneak_time":9077,"minecraft:walk_under_water_one_cm":13245,"minecraft:interact_with_lectern":1,"minecraft:interact_with_blast_furnace":11,"minecraft:total_world_time":308813,"minecraft:tune_noteblock":1,"minecraft:time_since_rest":8659,"minecraft:damage_taken":6504,"minecraft:swim_one_cm":15348,"minecraft:fly_one_cm":1663327,"minecraft:open_chest":97,"minecraft:fall_one_cm":101103},"minecraft:mined":{"minecraft:spruce_planks":9,"minecraft:granite":1,"minecraft:grass_block":13,"minecraft:mangrove_fence":1,"minecraft:spawner":6,"minecraft:iron_ore":27,"minecraft:dark_oak_stairs":1,"minecraft:iron_bars":2,"minecraft:smoker":1,"minecraft:powder_snow":35,"minecraft:torch":1,"minecraft:note_block":1,"minecraft:blast_furnace":1,"minecraft:calcite":2,"minecraft:dead_bush":1,"minecraft:cobblestone":2,"minecraft:sugar_cane":4,"minecraft:oak_planks":18,"minecraft:cherry_fence":11,"paraglider:horned_statue":1,"minecraft:black_bed":1,"minecraft:grass":10,"minecraft:sand":20,"minecraft:dirt":12,"minecraft:smooth_basalt":3,"minecraft:deepslate":22,"minecraft:mossy_cobblestone":10,"minecraft:deepslate_diamond_ore":2,"travelersbackpack:white_sleeping_bag":7,"minecraft:spruce_leaves":3,"minecraft:large_fern":2,"minecraft:hay_block":7,"minecraft:black_stained_glass_pane":2,"minecraft:furnace":2,"minecraft:stripped_spruce_log":1,"minecraft:bookshelf":23,"minecraft:potatoes":7,"biomesoplenty:spider_egg":1,"minecraft:stone":26,"minecraft:cherry_planks":1,"travelersbackpack:standard":5,"minecraft:oak_fence":19,"minecraft:crafting_table":7,"biomesoplenty:sprout":3,"minecraft:spruce_stairs":1,"minecraft:birch_planks":2,"minecraft:spruce_log":7,"minecraft:coal_ore":30,"minecraft:cyan_carpet":1,"minecraft:cobweb":39,"minecraft:cracked_stone_bricks":2,"minecraft:fern":2,"luckytntmod:gunpowder_ore":24},"minecraft:crafted":{"minecraft:oak_planks":32,"minecraft:glass":45,"minecraft:chest":2,"minecraft:oak_fence":9,"minecraft:cherry_fence":9,"minecraft:crafting_table":4,"minecraft:spruce_planks":52,"minecraft:wooden_pickaxe":1,"minecraft:baked_potato":7,"travelersbackpack:standard":1,"minecraft:birch_planks":124,"minecraft:iron_chestplate":1,"minecraft:stick":44,"minecraft:iron_ingot":24,"minecraft:iron_pickaxe":1,"minecraft:golden_carrot":3,"minecraft:cherry_planks":44,"minecraft:furnace":1,"minecraft:bone_meal":75,"minecraft:white_carpet":3,"minecraft:flint_and_steel":1,"travelersbackpack:white_sleeping_bag":1,"minecraft:iron_axe":1,"minecraft:stone_pickaxe":1,"minecraft:cooked_beef":8,"travelersbackpack:backpack_tank":4,"minecraft:iron_sword":2,"minecraft:stone_axe":1,"minecraft:air":0,"minecraft:white_wool":9,"minecraft:gold_nugget":18,"minecraft:wooden_axe":1,"minecraft:iron_leggings":1,"minecraft:white_bed":1,"minecraft:torch":12}},"DataVersion":3465}