{"stats":{"minecraft:picked_up":{"minecraft:mud":2,"minecraft:crafting_table":7,"minecraft:turtle_helmet":1,"minecraft:brown_mushroom":1,"minecraft:diamond_sword":2,"minecraft:wooden_pickaxe":3,"biomesoplenty:rainbow_birch_sapling":3,"cfm:stripped_mangrove_table":2,"minecraft:string":3,"immersive_melodies:lute":3,"minecraft:armor_stand":1,"minecraft:white_carpet":3,"minecraft:cyan_carpet":1,"minecraft:cracked_stone_bricks":4,"minecraft:gold_nugget":6,"minecraft:spruce_planks":49,"minecraft:rose_bush":1,"minecraft:calcite":4,"immersive_melodies:trumpet":3,"minecraft:poppy":2,"minecraft:light_gray_wool":3,"hangglider:hang_glider":41,"immersive_melodies:triangle":3,"minecraft:sugar_cane":32,"minecraft:chest":2,"minecraft:spruce_trapdoor":1,"minecraft:furnace":3,"cfm:flowering_azalea_hedge":2,"minecraft:stick":6,"minecraft:stone":4,"minecraft:torch":59,"immersive_melodies:tiny_drum":3,"minecraft:spruce_stairs":1,"minecraft:note_block":1,"minecraft:cherry_log":14,"minecraft:diorite":2,"minecraft:carrot":309,"minecraft:dark_oak_planks":1,"minecraft:arrow":19,"minecraft:rotten_flesh":23,"minecraft:hay_block":7,"immersive_melodies:flute":2,"minecraft:snowball":22,"minecraft:white_wool":3,"minecraft:cobblestone":36,"minecraft:birch_log":32,"minecraft:leather_chestplate":1,"minecraft:golden_carrot":6,"minecraft:black_bed":1,"minecraft:smoker":1,"minecraft:potato":7,"paraglider:spirit_orb":12,"immersive_melodies:bagpipe":3,"alexscaves:lanternfish":1,"minecraft:dirt":23,"minecraft:bone":22,"minecraft:wheat_seeds":3,"cfm:oak_park_bench":2,"minecraft:iron_ingot":7,"minecraft:stone_pickaxe":3,"cfm:post_box":2,"minecraft:dark_oak_stairs":1,"minecraft:book":249,"cfm:light_gray_sofa":2,"cfm:oak_upgraded_fence":1,"minecraft:stripped_spruce_log":1,"minecraft:spruce_sapling":15,"minecraft:blast_furnace":1,"minecraft:spruce_log":19,"alexsmobs:animal_dictionary":6,"travelersbackpack:white_sleeping_bag":584,"immersive_melodies:piano":4,"cfm:oak_kitchen_drawer":2,"luckytntmod:cobblestone_house_tnt":2,"waystones:waystone":3,"minecraft:writable_book":1,"minecraft:golden_apple":2,"minecraft:painting":1,"alexsmobs:maggot":25,"minecraft:coal":111,"cfm:trampoline":2,"minecraft:wooden_axe":4},"minecraft:broken":{"minecraft:golden_sword":1,"minecraft:wooden_axe":1},"minecraft:killed":{"minecraft:spider":2,"alexsmobs:froststalker":1,"minecraft:skeleton":14,"minecraft:husk":15,"alexsmobs:seal":1,"minecraft:iron_golem":1,"minecraft:zombie":7,"alexsmobs:fly":9},"minecraft:used":{"cfm:white_grill":2,"alexscaves:bioluminescent_torch":39,"minecraft:cherry_sapling":5,"minecraft:writable_book":1,"cfm:post_box":2,"minecraft:flint_and_steel":1,"minecraft:poppy":2,"minecraft:chest":8,"minecraft:spruce_planks":28,"minecraft:stone":2,"minecraft:iron_sword":72,"minecraft:rotten_flesh":2,"minecraft:torch":16,"minecraft:dirt":260,"cfm:trampoline":9,"minecraft:carrot":74,"movingelevators:display_block":2,"alexscaves:radon_lamp_light_gray":8,"minecraft:snowball":6,"minecraft:glass":32,"minecraft:dark_oak_planks":1,"minecraft:wooden_axe":42,"cfm:flowering_azalea_hedge":20,"minecraft:grass_block":40,"cfm:brown_sofa":8,"alexsmobs:spawn_egg_stradpole":2,"minecraft:golden_sword":155,"minecraft:golden_carrot":3,"cfm:fridge_light":2,"minecraft:furnace":1,"alexscaves:lanternfish_bucket":2,"cfm:black_kitchen_counter":4,"luckytntmod:cobblestone_house_tnt":1,"minecraft:beetroot_soup":1,"minecraft:water_bucket":16,"minecraft:cobblestone_stairs":308,"minecraft:birch_planks":124,"cfm:oak_park_bench":7,"minecraft:stone_pickaxe":61,"minecraft:baked_potato":7,"cfm:black_cooler":4,"minecraft:wooden_pickaxe":5,"cfm:oak_kitchen_drawer":4,"minecraft:crafting_table":6,"minecraft:sponge":3,"minecraft:painting":16,"minecraft:cake":1,"cfm:oak_kitchen_counter":1,"waystones:waystone":4,"minecraft:mud":2,"minecraft:cherry_door":2,"cfm:oak_kitchen_sink_dark":1,"minecraft:bread":2,"travelersbackpack:white_sleeping_bag":6,"cfm:oak_upgraded_fence":26,"minecraft:spruce_trapdoor":1,"minecraft:stone_axe":37,"minecraft:diamond_sword":13,"minecraft:cobblestone":277,"cfm:spruce_park_bench":4,"movingelevators:elevator_block":3,"minecraft:stripped_oak_wood":154,"minecraft:pumpkin_pie":7,"minecraft:bucket":5,"cfm:stripped_mangrove_table":4,"minecraft:glass_pane":45,"cfm:light_gray_sofa":15,"cfm:oak_upgraded_gate":4,"alexscaves:radon_lamp_white":40,"alexsmobs:animal_dictionary":1,"minecraft:bone_meal":18},"minecraft:dropped":{"minecraft:wheat_seeds":1,"minecraft:cherry_log":3,"immersive_melodies:lute":1,"minecraft:cracked_stone_bricks":2,"minecraft:stick":1,"immersive_melodies:piano":3,"minecraft:wooden_axe":1,"minecraft:rose_bush":1,"minecraft:snowball":16,"minecraft:gold_nugget":2,"minecraft:writable_book":1,"minecraft:glistering_melon_slice":7,"immersive_melodies:triangle":1,"minecraft:note_block":1,"hangglider:hang_glider":11,"immersive_melodies:bagpipe":1,"minecraft:rotten_flesh":8,"minecraft:carrot":64,"travelersbackpack:white_sleeping_bag":2,"minecraft:painting":1,"minecraft:wooden_pickaxe":1,"immersive_melodies:tiny_drum":1,"minecraft:calcite":2,"minecraft:written_book":1},"minecraft:custom":{"minecraft:mob_kills":51,"minecraft:interact_with_crafting_table":8,"minecraft:open_barrel":23,"minecraft:bell_ring":3,"minecraft:eat_cake_slice":3,"minecraft:leave_game":4,"minecraft:time_since_death":81085,"minecraft:climb_one_cm":2118,"minecraft:damage_resisted":20,"minecraft:sprint_one_cm":325079,"minecraft:walk_one_cm":446978,"minecraft:drop":39,"minecraft:play_noteblock":2,"minecraft:play_time":222428,"minecraft:deaths":6,"minecraft:sneak_time":5206,"minecraft:walk_under_water_one_cm":7435,"minecraft:interact_with_lectern":1,"minecraft:jump":1982,"minecraft:interact_with_blast_furnace":3,"minecraft:walk_on_water_one_cm":17688,"minecraft:total_world_time":222428,"minecraft:interact_with_furnace":7,"minecraft:interact_with_cartography_table":1,"minecraft:tune_noteblock":1,"minecraft:sleep_in_bed":10,"minecraft:time_since_rest":699,"minecraft:waystone_activated":4,"minecraft:damage_taken":5259,"minecraft:damage_dealt":9756,"minecraft:swim_one_cm":9783,"minecraft:fly_one_cm":1126580,"minecraft:open_chest":66,"minecraft:crouch_one_cm":10800,"minecraft:fall_one_cm":48640},"minecraft:mined":{"minecraft:spruce_planks":8,"minecraft:grass_block":4,"travelersbackpack:white_sleeping_bag":6,"minecraft:spruce_leaves":3,"minecraft:spawner":6,"minecraft:large_fern":1,"minecraft:hay_block":7,"minecraft:furnace":1,"minecraft:stripped_spruce_log":1,"minecraft:dark_oak_stairs":1,"minecraft:bookshelf":23,"minecraft:potatoes":7,"minecraft:stone":16,"minecraft:cherry_planks":1,"minecraft:smoker":1,"minecraft:powder_snow":35,"minecraft:crafting_table":5,"minecraft:note_block":1,"minecraft:blast_furnace":1,"minecraft:calcite":2,"minecraft:dead_bush":1,"minecraft:sugar_cane":4,"minecraft:spruce_stairs":1,"minecraft:spruce_log":7,"minecraft:black_bed":1,"minecraft:grass":1,"minecraft:coal_ore":30,"minecraft:cyan_carpet":1,"minecraft:dirt":6,"minecraft:cracked_stone_bricks":2},"minecraft:crafted":{"minecraft:golden_carrot":3,"minecraft:flint_and_steel":1,"minecraft:stone_pickaxe":1,"minecraft:crafting_table":2,"minecraft:spruce_planks":52,"minecraft:wooden_pickaxe":1,"minecraft:baked_potato":7,"minecraft:iron_sword":1,"minecraft:birch_planks":124,"minecraft:stone_axe":1,"minecraft:air":0,"minecraft:gold_nugget":18,"minecraft:stick":16,"minecraft:wooden_axe":1,"minecraft:torch":12}},"DataVersion":3465}