{"stats":{"minecraft:crafted":{"minecraft:cooked_mutton":6,"minecraft:chest":1,"minecraft:cooked_porkchop":6,"minecraft:diamond_axe":1,"minecraft:crafting_table":3,"minecraft:wooden_pickaxe":1,"minecraft:iron_chestplate":1,"minecraft:diamond_pickaxe":1,"minecraft:stick":4,"minecraft:iron_ingot":18,"minecraft:gold_ingot":18,"minecraft:cherry_planks":48,"minecraft:coal":36,"minecraft:furnace":1,"minecraft:flint_and_steel":1,"minecraft:iron_axe":1,"minecraft:stone_pickaxe":1,"minecraft:diamond_boots":1,"minecraft:dark_oak_planks":88,"minecraft:wheat":63,"minecraft:cooked_beef":9,"minecraft:stone_axe":1,"minecraft:bread":22,"minecraft:air":0,"minecraft:wooden_axe":1,"minecraft:iron_leggings":1,"minecraft:white_bed":1,"minecraft:diamond_chestplate":1},"minecraft:mined":{"minecraft:dark_oak_planks":4,"minecraft:spruce_planks":3,"minecraft:cherry_log":4,"minecraft:budding_amethyst":1,"minecraft:grass_block":2,"minecraft:coal_block":11,"minecraft:spawner":7,"minecraft:glowstone":19,"minecraft:iron_ore":25,"movingelevators:elevator_block":1,"minecraft:quartz_slab":1,"minecraft:stripped_mangrove_wood":2,"minecraft:spruce_slab":2,"minecraft:tripwire":2,"minecraft:soul_fire":2,"minecraft:torch":3,"minecraft:blast_furnace":6,"minecraft:calcite":6,"minecraft:oxidized_copper":1,"minecraft:white_stained_glass_pane":1,"minecraft:cyan_bed":5,"minecraft:oak_planks":4,"minecraft:wall_torch":2,"minecraft:chain":1,"minecraft:grass":10,"minecraft:dirt":2,"minecraft:smooth_quartz":2,"minecraft:crimson_planks":11,"minecraft:netherrack":102,"minecraft:ancient_debris":1,"minecraft:piston":2,"minecraft:oak_leaves":1,"minecraft:tuff":2,"minecraft:light_gray_stained_glass_pane":5,"iceandfire:silver_ore":2,"minecraft:potted_wither_rose":1,"minecraft:deepslate_diamond_ore":4,"minecraft:purple_terracotta":3,"minecraft:spruce_fence":1,"minecraft:decorated_pot":2,"minecraft:large_fern":1,"minecraft:hay_block":16,"minecraft:black_stained_glass_pane":1,"minecraft:furnace":2,"minecraft:gold_block":2,"minecraft:bookshelf":6,"minecraft:vine":1,"minecraft:stone":53,"minecraft:scaffolding":6,"minecraft:gray_concrete":1,"minecraft:magenta_stained_glass":1,"minecraft:crafting_table":3,"minecraft:oak_wood":1,"minecraft:tall_grass":2,"minecraft:diorite":2,"minecraft:purple_stained_glass":1,"minecraft:sweet_berry_bush":1,"minecraft:coal_ore":23,"minecraft:cherry_leaves":3,"minecraft:sunflower":1,"minecraft:gravel":22,"minecraft:polished_andesite":1},"minecraft:broken":{"immersive_armors:wooden_boots":1},"minecraft:custom":{"minecraft:interact_with_crafting_table":23,"minecraft:open_barrel":14,"minecraft:eat_cake_slice":16,"minecraft:leave_game":8,"minecraft:time_since_death":88618,"minecraft:sprint_one_cm":380884,"minecraft:drop":98,"minecraft:play_time":331930,"minecraft:deaths":9,"minecraft:jump":3915,"minecraft:interact_with_brewingstand":1,"minecraft:walk_on_water_one_cm":29558,"minecraft:interact_with_furnace":22,"minecraft:interact_with_loom":1,"minecraft:sleep_in_bed":9,"minecraft:waystone_activated":2,"minecraft:damage_dealt":17039,"minecraft:interact_with_beacon":4,"minecraft:crouch_one_cm":28293,"minecraft:inspect_dispenser":6,"minecraft:mob_kills":97,"minecraft:climb_one_cm":38985,"minecraft:walk_one_cm":568816,"minecraft:sneak_time":11446,"minecraft:walk_under_water_one_cm":40912,"minecraft:interact_with_lectern":1,"minecraft:interact_with_blast_furnace":10,"minecraft:total_world_time":331930,"minecraft:tune_noteblock":2,"minecraft:time_since_rest":26496,"minecraft:damage_taken":12576,"minecraft:damage_absorbed":39,"minecraft:swim_one_cm":78326,"minecraft:fly_one_cm":1634320,"minecraft:open_chest":82,"minecraft:fall_one_cm":98978},"minecraft:picked_up":{"minecraft:iron_chestplate":8,"minecraft:wheat":20,"minecraft:stone_slab":7,"minecraft:oak_stairs":2,"minecraft:wither_rose":1,"minecraft:potion":4,"minecraft:crimson_planks":14,"minecraft:string":4,"minecraft:raw_copper":63,"minecraft:iron_leggings":12,"minecraft:beetroot":4,"minecraft:bucket":1,"minecraft:spruce_planks":190,"minecraft:calcite":19,"minecraft:redstone_torch":1,"minecraft:written_book":4,"minecraft:smooth_quartz":2,"hangglider:hang_glider":11,"minecraft:coal_block":13,"minecraft:iron_boots":1,"minecraft:furnace":2,"minecraft:stick":19,"minecraft:sheaf_pottery_sherd":1,"minecraft:torch":154,"minecraft:cherry_log":45,"minecraft:diorite":7,"minecraft:rotten_flesh":23,"minecraft:red_tulip":12,"minecraft:blaze_rod":1,"minecraft:obsidian":12,"minecraft:cobblestone":124,"minecraft:pink_petals":64,"minecraft:feather":3,"minecraft:iron_door":2,"minecraft:water_bucket":3,"paraglider:spirit_orb":37,"minecraft:flint":1,"minecraft:danger_pottery_sherd":1,"minecraft:gray_concrete":1,"minecraft:dirt":250,"minecraft:bone":58,"minecraft:bow":2,"minecraft:orange_tulip":8,"minecraft:wheat_seeds":11,"minecraft:glowstone_dust":53,"minecraft:bamboo":30,"minecraft:oak_planks":6,"minecraft:cooked_porkchop":3,"minecraft:cyan_bed":11,"minecraft:dark_oak_log":31,"alexsmobs:animal_dictionary":10,"minecraft:polished_andesite":1,"minecraft:diamond":22,"minecraft:angler_pottery_sherd":2,"waystones:waystone":1,"minecraft:emerald":2,"alexsmobs:maggot":2,"minecraft:netherrack":96,"iceandfire:raw_silver":6,"minecraft:shelter_pottery_sherd":1,"minecraft:crafting_table":3,"iceandfire:witherbone":3,"minecraft:chicken":2,"minecraft:ladder":2,"minecraft:clay_ball":20,"minecraft:wooden_pickaxe":6,"minecraft:gold_block":2,"minecraft:brick":3,"minecraft:iron_axe":8,"minecraft:quartz_slab":4,"minecraft:item_frame":9,"minecraft:iron_shovel":1,"minecraft:cyan_carpet":1,"minecraft:beef":30,"immersive_melodies:trumpet":7,"minecraft:spruce_slab":1,"minecraft:piston":1,"minecraft:phantom_membrane":5,"minecraft:egg":2,"minecraft:dark_oak_sapling":1,"minecraft:raw_iron":20,"minecraft:stripped_mangrove_wood":2,"minecraft:oak_door":1,"immersive_melodies:tiny_drum":7,"minecraft:spruce_fence":1,"minecraft:cake":6,"minecraft:carrot":400,"minecraft:purple_terracotta":4,"minecraft:dark_oak_planks":53,"minecraft:stone_shovel":1,"minecraft:arrow":70,"minecraft:pumpkin_pie":14,"minecraft:peony":1,"minecraft:hay_block":44,"luckytntmod:dynamite_x5":1,"minecraft:totem_of_undying":1,"minecraft:gold_ingot":55,"minecraft:mutton":7,"minecraft:skeleton_skull":4,"minecraft:white_wool":7,"minecraft:tripwire_hook":2,"minecraft:glow_ink_sac":21,"minecraft:leather":12,"minecraft:oak_log":5,"minecraft:ancient_debris":1,"minecraft:apple":48,"minecraft:iron_ingot":125,"minecraft:stone_pickaxe":8,"minecraft:glass_bottle":8,"minecraft:book":36,"minecraft:scaffolding":24,"minecraft:pumpkin":15,"minecraft:sweet_berries":8,"minecraft:gravel":21,"movingelevators:elevator_block":1,"minecraft:spruce_sapling":6,"minecraft:blast_furnace":9,"minecraft:white_bed":1,"minecraft:spruce_log":9,"minecraft:spider_eye":1,"minecraft:oak_wood":1,"minecraft:snort_pottery_sherd":1,"minecraft:stone_axe":3,"minecraft:iron_helmet":1,"minecraft:diamond_axe":4,"minecraft:cherry_sapling":18,"minecraft:coal":101,"immersive_armors:wooden_boots":1,"minecraft:sunflower":3},"minecraft:killed_by":{"minecraft:vex":1},"minecraft:dropped":{"iceandfire:raw_silver":6,"minecraft:piston":13,"minecraft:glow_ink_sac":3,"immersive_melodies:trumpet":2,"minecraft:glass_bottle":2,"minecraft:crafting_table":1,"immersive_melodies:lute":2,"luckytntmod:dynamite_x5":2,"minecraft:saddle":1,"paraglider:spirit_orb":1,"immersive_melodies:piano":1,"minecraft:mutton":1,"minecraft:sunflower":2,"immersive_melodies:triangle":1,"minecraft:gold_ingot":33,"minecraft:stone_axe":4,"hangglider:hang_glider":5,"alexsmobs:animal_dictionary":1,"minecraft:wheat":2,"immersive_melodies:flute":1,"minecraft:beetroot":4,"minecraft:rotten_flesh":11,"minecraft:white_bed":1,"minecraft:carrot":153,"luckytntmod:animal_dynamite":1,"immersive_melodies:didgeridoo":1,"minecraft:arrow":8,"immersive_melodies:tiny_drum":3,"minecraft:scaffolding":18,"minecraft:written_book":1,"minecraft:wheat_seeds":4,"minecraft:lead":1,"minecraft:feather":3,"minecraft:coal":1,"minecraft:wooden_axe":1,"minecraft:iron_door":2,"minecraft:potion":1,"minecraft:iron_leggings":3,"minecraft:iron_axe":1,"minecraft:string":2,"minecraft:pink_petals":64,"minecraft:sweet_berries":6,"immersive_melodies:bagpipe":1,"minecraft:stone_shovel":1,"minecraft:clay_ball":20,"minecraft:stone_slab":4,"minecraft:filled_map":1,"minecraft:peony":1,"minecraft:iron_chestplate":1,"fossilsorigins:mosasaurus_egg":1,"minecraft:oak_sapling":3,"minecraft:bow":1,"minecraft:stone_pickaxe":3,"minecraft:wooden_pickaxe":3,"minecraft:red_tulip":12,"minecraft:brick":3},"minecraft:used":{"minecraft:iron_shovel":20,"minecraft:chest":3,"minecraft:white_terracotta":3,"minecraft:stone":1,"minecraft:iron_sword":55,"minecraft:carrot":230,"another_furniture:cherry_chair":10,"minecraft:obsidian":12,"iceandfire:dread_torch":1,"minecraft:grass_block":58,"minecraft:iron_helmet":1,"minecraft:bow":53,"minecraft:hay_block":9,"minecraft:scaffolding":6,"minecraft:furnace":3,"minecraft:gold_block":32,"minecraft:skeleton_skull":1,"immersive_aircraft:biplane":3,"alexsmobs:spawn_egg_raccoon":2,"minecraft:diorite":3,"minecraft:oak_planks":16,"minecraft:stone_pickaxe":76,"minecraft:wooden_pickaxe":14,"minecraft:diamond_axe":186,"minecraft:white_wool":3,"minecraft:stripped_mangrove_wood":2,"minecraft:golden_apple":3,"minecraft:blast_furnace":4,"minecraft:purple_terracotta":3,"minecraft:redstone_torch":1,"minecraft:black_terracotta":7,"waystones:waystone":1,"minecraft:dark_oak_log":2,"minecraft:cyan_bed":7,"minecraft:bread":30,"minecraft:cyan_carpet":1,"minecraft:gravel":21,"movingelevators:elevator_block":18,"minecraft:stripped_oak_wood":92,"immersive_aircraft:gyrodyne":9,"minecraft:oak_fence":19,"minecraft:flint_and_steel":6,"minecraft:spruce_planks":22,"minecraft:netherrack":66,"minecraft:oak_door":2,"minecraft:torch":26,"minecraft:dirt":90,"movingelevators:display_block":13,"minecraft:oak_wood":1,"minecraft:spruce_fence":1,"another_furniture:cherry_table":12,"luckytntmod:woodhouse_tnt":1,"minecraft:oak_fence_gate":5,"minecraft:dark_oak_planks":72,"minecraft:wooden_axe":5,"minecraft:iron_axe":51,"minecraft:oak_stairs":22,"minecraft:smooth_quartz":1,"minecraft:totem_of_undying":1,"minecraft:crimson_planks":11,"minecraft:glowstone":9,"minecraft:cooked_beef":9,"minecraft:cherry_log":2,"minecraft:iron_leggings":1,"minecraft:calcite":7,"minecraft:cooked_mutton":6,"minecraft:water_bucket":36,"minecraft:polished_andesite":1,"minecraft:beacon":6,"minecraft:tnt":4,"minecraft:crafting_table":5,"minecraft:white_bed":1,"minecraft:cake":3,"alexsmobs:spawn_egg_kangaroo":1,"minecraft:deepslate_tile_wall":26,"minecraft:oak_log":12,"minecraft:black_wool":90,"minecraft:diamond_pickaxe":209,"minecraft:apple":14,"minecraft:sunflower":1,"another_furniture:red_lamp":8,"minecraft:stone_axe":30,"minecraft:cobblestone":147,"minecraft:cooked_porkchop":9,"minecraft:bucket":35,"minecraft:glass_pane":28,"minecraft:pumpkin_pie":6,"alexsmobs:animal_dictionary":5,"minecraft:stripped_oak_log":7},"minecraft:killed":{"alexsmobs:hummingbird":2,"minecraft:witch":1,"fossilsorigins:mosasaurus":1,"minecraft:spider":1,"minecraft:skeleton":32,"minecraft:magma_cube":3,"minecraft:piglin":1,"minecraft:sheep":5,"minecraft:pillager":5,"minecraft:zombie":21,"minecraft:blaze":1,"minecraft:cow":2,"minecraft:evoker":1,"alexsmobs:raccoon":3,"minecraft:vindicator":2,"iceandfire:dread_beast":1,"minecraft:phantom":6,"minecraft:drowned":2,"minecraft:wither_skeleton":5,"minecraft:villager":1}},"DataVersion":3465}