{"stats":{"minecraft:crafted":{"minecraft:oak_planks":172,"minecraft:lever":1,"minecraft:cooked_mutton":6,"minecraft:diamond_helmet":1,"minecraft:bow":1,"minecraft:chest":4,"minecraft:cooked_porkchop":6,"minecraft:diamond_axe":1,"minecraft:crafting_table":3,"minecraft:wooden_pickaxe":1,"minecraft:dispenser":3,"minecraft:wooden_hoe":1,"minecraft:iron_chestplate":1,"minecraft:diamond_pickaxe":1,"minecraft:stick":141,"minecraft:iron_ingot":18,"minecraft:gold_ingot":27,"minecraft:redstone_torch":1,"minecraft:shears":1,"minecraft:golden_carrot":43,"minecraft:cherry_planks":56,"minecraft:coal":54,"minecraft:tripwire_hook":4,"minecraft:furnace":1,"minecraft:bone_meal":174,"minecraft:flint_and_steel":1,"minecraft:cherry_trapdoor":2,"minecraft:iron_axe":1,"minecraft:stone_pickaxe":1,"minecraft:diamond_boots":1,"minecraft:dark_oak_planks":88,"minecraft:wheat":63,"minecraft:cooked_beef":9,"minecraft:stone_axe":1,"minecraft:bread":22,"minecraft:air":0,"minecraft:gold_nugget":351,"minecraft:wooden_axe":1,"minecraft:iron_leggings":2,"minecraft:white_bed":1,"minecraft:acacia_planks":72,"minecraft:torch":256,"minecraft:diamond_chestplate":1},"minecraft:mined":{"minecraft:dark_oak_planks":4,"minecraft:spruce_planks":3,"minecraft:white_bed":1,"minecraft:cherry_log":4,"minecraft:budding_amethyst":1,"minecraft:grass_block":54,"minecraft:coal_block":11,"minecraft:spawner":7,"luckytntmod:deepslate_uranium_ore":6,"minecraft:glowstone":19,"minecraft:iron_ore":45,"movingelevators:elevator_block":1,"minecraft:flowering_azalea_leaves":1,"minecraft:oak_stairs":1,"minecraft:quartz_slab":1,"minecraft:stripped_mangrove_wood":2,"minecraft:spruce_slab":2,"minecraft:tripwire":10,"minecraft:deepslate_redstone_ore":4,"minecraft:soul_fire":2,"minecraft:torch":5,"minecraft:blast_furnace":9,"minecraft:calcite":6,"minecraft:oxidized_copper":1,"minecraft:beacon":1,"minecraft:chest":2,"minecraft:white_stained_glass_pane":1,"minecraft:cobblestone":9,"minecraft:cyan_bed":6,"minecraft:oak_planks":7,"minecraft:wall_torch":3,"minecraft:chain":1,"minecraft:grass":18,"minecraft:dirt":46,"minecraft:smooth_quartz":2,"minecraft:crimson_planks":11,"minecraft:dispenser":2,"minecraft:tripwire_hook":6,"minecraft:netherrack":128,"minecraft:ancient_debris":1,"minecraft:piston":2,"minecraft:oak_leaves":1,"minecraft:deepslate":11,"minecraft:tuff":2,"minecraft:light_gray_stained_glass_pane":5,"iceandfire:silver_ore":3,"minecraft:dark_oak_leaves":2,"minecraft:mossy_cobblestone":2,"minecraft:potted_wither_rose":1,"minecraft:deepslate_diamond_ore":17,"minecraft:lever":3,"minecraft:purple_terracotta":3,"minecraft:spruce_fence":1,"minecraft:decorated_pot":3,"iceandfire:deepslate_silver_ore":2,"minecraft:large_fern":1,"minecraft:hay_block":16,"minecraft:black_stained_glass_pane":1,"minecraft:furnace":3,"minecraft:andesite":24,"minecraft:gold_block":11,"minecraft:deepslate_iron_ore":36,"minecraft:bookshelf":6,"minecraft:vine":1,"minecraft:stone":244,"minecraft:white_tulip":3,"minecraft:scaffolding":6,"minecraft:gray_concrete":1,"minecraft:glass_pane":1,"minecraft:magenta_stained_glass":1,"minecraft:lily_of_the_valley":1,"minecraft:crafting_table":4,"minecraft:cornflower":2,"minecraft:oak_wood":1,"minecraft:copper_ore":2,"minecraft:tall_grass":4,"minecraft:deepslate_gold_ore":3,"minecraft:diorite":2,"minecraft:purple_stained_glass":1,"minecraft:sweet_berry_bush":1,"minecraft:bee_nest":1,"minecraft:coal_ore":56,"minecraft:cherry_leaves":11,"minecraft:sunflower":1,"minecraft:gravel":50,"minecraft:cobweb":6,"minecraft:acacia_planks":1,"minecraft:polished_andesite":1,"minecraft:gold_ore":8,"minecraft:infested_stone":3,"luckytntmod:gunpowder_ore":20},"minecraft:broken":{"minecraft:iron_leggings":1,"immersive_armors:wooden_boots":1,"minecraft:iron_helmet":1},"minecraft:custom":{"minecraft:interact_with_crafting_table":39,"minecraft:open_barrel":17,"minecraft:eat_cake_slice":16,"minecraft:leave_game":11,"minecraft:time_since_death":4646,"minecraft:sprint_one_cm":698785,"minecraft:drop":150,"minecraft:talked_to_villager":1,"minecraft:play_time":470536,"minecraft:deaths":12,"minecraft:jump":6458,"minecraft:interact_with_brewingstand":1,"minecraft:walk_on_water_one_cm":60668,"minecraft:interact_with_furnace":24,"minecraft:interact_with_loom":1,"minecraft:sleep_in_bed":14,"minecraft:waystone_activated":3,"minecraft:damage_dealt":24101,"minecraft:interact_with_beacon":4,"minecraft:player_kills":1,"minecraft:crouch_one_cm":42743,"minecraft:inspect_dispenser":17,"minecraft:mob_kills":130,"minecraft:climb_one_cm":39488,"minecraft:walk_one_cm":795503,"minecraft:sneak_time":17148,"minecraft:walk_under_water_one_cm":51200,"minecraft:interact_with_lectern":1,"minecraft:interact_with_blast_furnace":17,"minecraft:total_world_time":470536,"minecraft:tune_noteblock":2,"minecraft:time_since_rest":179,"minecraft:damage_taken":17982,"minecraft:damage_absorbed":39,"minecraft:swim_one_cm":90502,"minecraft:fly_one_cm":2189652,"minecraft:open_chest":173,"minecraft:fall_one_cm":191248},"minecraft:picked_up":{"minecraft:iron_chestplate":8,"minecraft:wheat":21,"minecraft:stone_slab":7,"minecraft:oak_stairs":3,"minecraft:wither_rose":1,"minecraft:potion":5,"minecraft:crimson_planks":14,"minecraft:music_disc_cat":2,"minecraft:string":34,"minecraft:raw_copper":71,"minecraft:iron_leggings":16,"minecraft:sticky_piston":12,"minecraft:beetroot":7,"minecraft:cobbled_deepslate":27,"minecraft:bucket":3,"minecraft:spruce_planks":190,"minecraft:white_tulip":6,"minecraft:redstone_torch":1,"minecraft:written_book":4,"minecraft:calcite":19,"minecraft:azalea":12,"minecraft:smooth_quartz":2,"minecraft:iron_pickaxe":3,"hangglider:hang_glider":12,"minecraft:coal_block":13,"minecraft:furnace":3,"minecraft:iron_boots":1,"minecraft:stick":20,"minecraft:sheaf_pottery_sherd":1,"minecraft:torch":532,"minecraft:cherry_log":96,"minecraft:diorite":7,"minecraft:rotten_flesh":47,"minecraft:red_tulip":12,"minecraft:blaze_rod":1,"minecraft:obsidian":12,"minecraft:cobblestone":327,"minecraft:pink_petals":64,"minecraft:feather":3,"minecraft:iron_door":2,"minecraft:water_bucket":4,"minecraft:andesite":26,"minecraft:beacon":1,"paraglider:spirit_orb":45,"minecraft:flint":4,"minecraft:danger_pottery_sherd":1,"minecraft:gray_concrete":1,"minecraft:dirt":393,"minecraft:name_tag":1,"minecraft:bone":120,"minecraft:acacia_planks":2,"minecraft:bow":4,"minecraft:orange_tulip":8,"minecraft:wheat_seeds":14,"minecraft:raw_gold":33,"minecraft:diamond_helmet":2,"minecraft:glowstone_dust":106,"minecraft:bamboo":35,"minecraft:oak_planks":26,"minecraft:cooked_porkchop":7,"minecraft:cyan_bed":12,"minecraft:lily_of_the_valley":4,"minecraft:dark_oak_log":31,"alexsmobs:animal_dictionary":12,"minecraft:mossy_cobblestone":2,"minecraft:polished_andesite":1,"minecraft:dispenser":2,"minecraft:diamond":87,"minecraft:angler_pottery_sherd":2,"minecraft:lever":4,"waystones:waystone":2,"minecraft:golden_horse_armor":3,"minecraft:emerald":7,"minecraft:spruce_sign":2,"minecraft:bread":26,"alexsmobs:maggot":2,"minecraft:netherrack":148,"iceandfire:raw_silver":9,"minecraft:diamond_pickaxe":7,"minecraft:coarse_dirt":3,"minecraft:shelter_pottery_sherd":2,"minecraft:crafting_table":4,"iceandfire:witherbone":6,"minecraft:chicken":2,"minecraft:ladder":2,"minecraft:clay_ball":20,"minecraft:wooden_pickaxe":7,"minecraft:gold_block":10,"minecraft:brick":6,"minecraft:cornflower":13,"minecraft:flint_and_steel":1,"minecraft:iron_axe":8,"minecraft:item_frame":9,"minecraft:quartz_slab":6,"minecraft:iron_shovel":4,"minecraft:cyan_carpet":1,"minecraft:beef":30,"immersive_melodies:trumpet":7,"minecraft:spruce_slab":1,"minecraft:chest":1,"minecraft:piston":29,"minecraft:phantom_membrane":5,"minecraft:egg":4,"minecraft:dark_oak_sapling":2,"minecraft:raw_iron":217,"minecraft:stripped_mangrove_wood":2,"minecraft:oak_door":1,"minecraft:copper_ingot":30,"immersive_melodies:tiny_drum":8,"minecraft:spruce_fence":1,"minecraft:cake":6,"minecraft:carrot":758,"minecraft:redstone":20,"minecraft:purple_terracotta":4,"minecraft:dark_oak_planks":66,"luckytntmod:deepslate_uranium_ore":7,"minecraft:stone_shovel":1,"minecraft:arrow":140,"minecraft:diamond_chestplate":4,"minecraft:pumpkin_pie":14,"minecraft:peony":1,"minecraft:diamond_boots":2,"minecraft:hay_block":44,"luckytntmod:dynamite_x5":1,"minecraft:totem_of_undying":1,"minecraft:gold_ingot":115,"minecraft:saddle":2,"minecraft:mutton":7,"minecraft:skeleton_skull":4,"minecraft:white_wool":8,"minecraft:golden_carrot":47,"minecraft:glow_ink_sac":27,"minecraft:tripwire_hook":9,"minecraft:leather":12,"minecraft:oak_log":60,"minecraft:ancient_debris":1,"minecraft:gunpowder":222,"minecraft:apple":48,"minecraft:iron_ingot":175,"minecraft:stone_pickaxe":8,"minecraft:cobweb":2,"minecraft:glass_bottle":8,"minecraft:iron_sword":1,"minecraft:book":36,"minecraft:scaffolding":24,"minecraft:pumpkin":20,"minecraft:sweet_berries":8,"minecraft:gravel":50,"movingelevators:elevator_block":1,"minecraft:spruce_sapling":6,"minecraft:blast_furnace":12,"minecraft:white_bed":2,"minecraft:spruce_log":9,"minecraft:spider_eye":3,"minecraft:oak_wood":1,"minecraft:snort_pottery_sherd":1,"minecraft:stone_axe":3,"minecraft:iron_helmet":2,"minecraft:diamond_axe":6,"minecraft:cherry_sapling":19,"immersive_armors:wooden_boots":1,"minecraft:coal":219,"minecraft:sunflower":5},"minecraft:killed_by":{"minecraft:vex":1},"minecraft:dropped":{"minecraft:spruce_sign":2,"iceandfire:raw_silver":6,"minecraft:piston":13,"minecraft:diamond_axe":1,"minecraft:oak_log":3,"minecraft:glow_ink_sac":3,"immersive_melodies:trumpet":2,"minecraft:glass_bottle":2,"minecraft:diamond":39,"minecraft:crafting_table":2,"immersive_melodies:lute":2,"luckytntmod:dynamite_x5":2,"minecraft:saddle":1,"minecraft:flint":3,"paraglider:spirit_orb":5,"minecraft:emerald":5,"minecraft:mutton":1,"immersive_melodies:piano":1,"minecraft:sunflower":4,"immersive_melodies:triangle":1,"minecraft:dark_oak_planks":4,"minecraft:white_wool":1,"minecraft:gold_ingot":63,"minecraft:gravel":5,"minecraft:white_tulip":2,"minecraft:stone_axe":4,"minecraft:lever":1,"hangglider:hang_glider":5,"minecraft:cobbled_deepslate":2,"alexsmobs:animal_dictionary":2,"minecraft:wheat":2,"immersive_melodies:flute":1,"minecraft:beetroot":7,"minecraft:rotten_flesh":27,"minecraft:white_bed":1,"minecraft:carrot":153,"luckytntmod:animal_dynamite":1,"minecraft:azalea":6,"immersive_melodies:didgeridoo":1,"minecraft:arrow":8,"immersive_melodies:tiny_drum":3,"minecraft:scaffolding":18,"minecraft:written_book":1,"minecraft:egg":1,"minecraft:wheat_seeds":4,"minecraft:feather":3,"minecraft:cobblestone":15,"minecraft:lead":1,"minecraft:coal":1,"minecraft:golden_carrot":24,"minecraft:torch":128,"minecraft:wooden_hoe":1,"minecraft:wooden_axe":1,"minecraft:iron_door":2,"minecraft:potion":1,"minecraft:iron_leggings":4,"minecraft:pumpkin":5,"minecraft:iron_axe":1,"minecraft:string":4,"minecraft:pink_petals":64,"minecraft:tripwire_hook":1,"minecraft:acacia_planks":1,"minecraft:redstone":20,"minecraft:sweet_berries":6,"minecraft:raw_copper":8,"immersive_melodies:bagpipe":1,"minecraft:sticky_piston":6,"minecraft:raw_iron":4,"minecraft:stone_shovel":1,"minecraft:clay_ball":20,"minecraft:stone_slab":4,"minecraft:filled_map":1,"minecraft:diamond_chestplate":2,"minecraft:peony":1,"minecraft:andesite":25,"minecraft:diamond_pickaxe":3,"minecraft:iron_chestplate":1,"fossilsorigins:mosasaurus_egg":1,"minecraft:oak_sapling":3,"minecraft:spider_eye":1,"minecraft:diamond_boots":1,"minecraft:raw_gold":11,"minecraft:bow":1,"minecraft:stone_pickaxe":3,"minecraft:wooden_pickaxe":4,"waystones:waystone":1,"minecraft:red_tulip":12,"minecraft:brick":6,"minecraft:quartz_slab":2},"minecraft:used":{"minecraft:cherry_sapling":1,"minecraft:iron_shovel":125,"minecraft:dispenser":5,"minecraft:chest":7,"minecraft:white_terracotta":3,"minecraft:stone":2,"minecraft:iron_sword":167,"minecraft:carrot":458,"another_furniture:cherry_chair":10,"minecraft:obsidian":12,"iceandfire:dread_torch":1,"minecraft:grass_block":58,"minecraft:iron_helmet":1,"minecraft:item_frame":3,"minecraft:bow":63,"minecraft:hay_block":9,"minecraft:scaffolding":6,"minecraft:furnace":4,"minecraft:gold_block":32,"minecraft:skeleton_skull":1,"minecraft:egg":1,"immersive_aircraft:biplane":3,"alexsmobs:spawn_egg_raccoon":2,"minecraft:diorite":3,"minecraft:oak_planks":183,"minecraft:stone_pickaxe":76,"minecraft:wooden_pickaxe":14,"minecraft:diamond_axe":237,"minecraft:white_wool":3,"minecraft:stripped_mangrove_wood":2,"minecraft:golden_apple":3,"minecraft:blast_furnace":8,"minecraft:purple_terracotta":3,"minecraft:shears":7,"minecraft:redstone_torch":3,"minecraft:black_terracotta":7,"waystones:waystone":2,"minecraft:lever":4,"minecraft:dark_oak_log":2,"minecraft:bread":63,"minecraft:cyan_bed":8,"minecraft:string":14,"minecraft:cyan_carpet":1,"minecraft:gravel":31,"movingelevators:elevator_block":18,"minecraft:stripped_oak_wood":92,"immersive_aircraft:gyrodyne":9,"minecraft:cobweb":6,"minecraft:oak_fence":19,"minecraft:flint_and_steel":6,"minecraft:redstone":5,"minecraft:spruce_planks":22,"minecraft:netherrack":93,"minecraft:oak_door":2,"minecraft:torch":110,"minecraft:dirt":179,"movingelevators:display_block":13,"minecraft:oak_wood":1,"minecraft:spruce_fence":1,"another_furniture:cherry_table":12,"luckytntmod:woodhouse_tnt":1,"minecraft:oak_fence_gate":5,"minecraft:dark_oak_planks":72,"minecraft:wooden_axe":5,"minecraft:iron_axe":51,"minecraft:oak_stairs":23,"minecraft:cherry_trapdoor":2,"minecraft:smooth_quartz":1,"minecraft:totem_of_undying":1,"minecraft:crimson_planks":11,"minecraft:tripwire_hook":6,"minecraft:glowstone":9,"minecraft:golden_carrot":21,"minecraft:cooked_beef":9,"minecraft:cobbled_deepslate":10,"minecraft:cherry_log":2,"minecraft:iron_leggings":1,"minecraft:calcite":7,"minecraft:cooked_mutton":6,"minecraft:water_bucket":72,"minecraft:polished_andesite":1,"minecraft:beacon":6,"minecraft:mossy_cobblestone":1,"minecraft:tnt":4,"minecraft:crafting_table":5,"minecraft:white_bed":2,"minecraft:cake":3,"alexsmobs:spawn_egg_kangaroo":1,"minecraft:deepslate_tile_wall":26,"minecraft:oak_log":18,"minecraft:piston":1,"minecraft:wooden_hoe":1,"minecraft:black_wool":90,"minecraft:diamond_pickaxe":655,"minecraft:apple":14,"minecraft:sunflower":1,"another_furniture:red_lamp":8,"minecraft:stone_axe":30,"minecraft:cobblestone":170,"minecraft:cooked_porkchop":11,"minecraft:bucket":70,"minecraft:glass_pane":28,"minecraft:pumpkin_pie":6,"alexsmobs:animal_dictionary":5,"minecraft:stripped_oak_log":7},"minecraft:killed":{"alexsmobs:hummingbird":3,"minecraft:cave_spider":2,"minecraft:witch":1,"fossilsorigins:mosasaurus":1,"minecraft:spider":7,"minecraft:skeleton":40,"minecraft:bee":2,"minecraft:silverfish":1,"minecraft:magma_cube":3,"minecraft:piglin":1,"alexsmobs:grizzly_bear":1,"minecraft:sheep":5,"minecraft:pillager":5,"minecraft:zombie":32,"minecraft:blaze":1,"minecraft:cow":2,"minecraft:evoker":1,"alexsmobs:raccoon":3,"minecraft:vindicator":2,"iceandfire:dread_beast":1,"minecraft:phantom":6,"minecraft:drowned":2,"minecraft:wither_skeleton":5,"minecraft:villager":1}},"DataVersion":3465}