{"stats":{"minecraft:crafted":{"minecraft:oak_planks":164,"minecraft:cooked_mutton":6,"minecraft:diamond_helmet":1,"minecraft:chest":2,"minecraft:cooked_porkchop":6,"minecraft:diamond_axe":1,"minecraft:crafting_table":3,"minecraft:wooden_pickaxe":1,"minecraft:iron_chestplate":1,"minecraft:diamond_pickaxe":1,"minecraft:stick":4,"minecraft:iron_ingot":18,"minecraft:gold_ingot":27,"minecraft:cherry_planks":48,"minecraft:coal":36,"minecraft:furnace":1,"minecraft:flint_and_steel":1,"minecraft:iron_axe":1,"minecraft:stone_pickaxe":1,"minecraft:diamond_boots":1,"minecraft:dark_oak_planks":88,"minecraft:wheat":63,"minecraft:cooked_beef":9,"minecraft:stone_axe":1,"minecraft:bread":22,"minecraft:air":0,"minecraft:wooden_axe":1,"minecraft:iron_leggings":2,"minecraft:white_bed":1,"minecraft:diamond_chestplate":1},"minecraft:mined":{"minecraft:dark_oak_planks":4,"minecraft:spruce_planks":3,"minecraft:cherry_log":4,"minecraft:budding_amethyst":1,"minecraft:grass_block":52,"minecraft:coal_block":11,"minecraft:spawner":7,"minecraft:glowstone":19,"minecraft:iron_ore":25,"movingelevators:elevator_block":1,"minecraft:flowering_azalea_leaves":1,"minecraft:quartz_slab":1,"minecraft:stripped_mangrove_wood":2,"minecraft:spruce_slab":2,"minecraft:tripwire":2,"minecraft:soul_fire":2,"minecraft:torch":4,"minecraft:blast_furnace":6,"minecraft:calcite":6,"minecraft:oxidized_copper":1,"minecraft:beacon":1,"minecraft:white_stained_glass_pane":1,"minecraft:cobblestone":8,"minecraft:cyan_bed":5,"minecraft:oak_planks":6,"minecraft:wall_torch":3,"minecraft:chain":1,"minecraft:grass":15,"minecraft:dirt":32,"minecraft:smooth_quartz":2,"minecraft:crimson_planks":11,"minecraft:netherrack":128,"minecraft:ancient_debris":1,"minecraft:piston":2,"minecraft:oak_leaves":1,"minecraft:tuff":2,"minecraft:dark_oak_leaves":2,"minecraft:light_gray_stained_glass_pane":5,"iceandfire:silver_ore":2,"minecraft:mossy_cobblestone":1,"minecraft:potted_wither_rose":1,"minecraft:deepslate_diamond_ore":4,"minecraft:purple_terracotta":3,"minecraft:spruce_fence":1,"minecraft:decorated_pot":2,"minecraft:large_fern":1,"minecraft:hay_block":16,"minecraft:black_stained_glass_pane":1,"minecraft:furnace":2,"minecraft:gold_block":11,"minecraft:bookshelf":6,"minecraft:vine":1,"minecraft:stone":62,"minecraft:white_tulip":3,"minecraft:scaffolding":6,"minecraft:gray_concrete":1,"minecraft:glass_pane":1,"minecraft:magenta_stained_glass":1,"minecraft:lily_of_the_valley":1,"minecraft:crafting_table":3,"minecraft:cornflower":2,"minecraft:oak_wood":1,"minecraft:tall_grass":3,"minecraft:diorite":2,"minecraft:purple_stained_glass":1,"minecraft:sweet_berry_bush":1,"minecraft:coal_ore":23,"minecraft:cherry_leaves":11,"minecraft:sunflower":1,"minecraft:gravel":22,"minecraft:acacia_planks":1,"minecraft:polished_andesite":1,"luckytntmod:gunpowder_ore":6},"minecraft:broken":{"minecraft:iron_leggings":1,"immersive_armors:wooden_boots":1,"minecraft:iron_helmet":1},"minecraft:custom":{"minecraft:interact_with_crafting_table":27,"minecraft:open_barrel":14,"minecraft:eat_cake_slice":16,"minecraft:leave_game":9,"minecraft:time_since_death":19486,"minecraft:sprint_one_cm":456431,"minecraft:drop":107,"minecraft:play_time":373642,"minecraft:deaths":10,"minecraft:jump":4677,"minecraft:interact_with_brewingstand":1,"minecraft:walk_on_water_one_cm":32771,"minecraft:interact_with_furnace":22,"minecraft:interact_with_loom":1,"minecraft:sleep_in_bed":9,"minecraft:waystone_activated":3,"minecraft:damage_dealt":18820,"minecraft:interact_with_beacon":4,"minecraft:player_kills":1,"minecraft:crouch_one_cm":33499,"minecraft:inspect_dispenser":6,"minecraft:mob_kills":101,"minecraft:climb_one_cm":38985,"minecraft:walk_one_cm":637310,"minecraft:sneak_time":13092,"minecraft:walk_under_water_one_cm":46789,"minecraft:interact_with_lectern":1,"minecraft:interact_with_blast_furnace":10,"minecraft:total_world_time":373642,"minecraft:tune_noteblock":2,"minecraft:time_since_rest":19511,"minecraft:damage_taken":14489,"minecraft:damage_absorbed":39,"minecraft:swim_one_cm":89258,"minecraft:fly_one_cm":1783305,"minecraft:open_chest":94,"minecraft:fall_one_cm":147835},"minecraft:picked_up":{"minecraft:iron_chestplate":8,"minecraft:wheat":20,"minecraft:stone_slab":7,"minecraft:oak_stairs":2,"minecraft:wither_rose":1,"minecraft:potion":4,"minecraft:crimson_planks":14,"minecraft:string":4,"minecraft:raw_copper":63,"minecraft:iron_leggings":13,"minecraft:sticky_piston":12,"minecraft:beetroot":4,"minecraft:bucket":1,"minecraft:spruce_planks":190,"minecraft:white_tulip":6,"minecraft:calcite":19,"minecraft:redstone_torch":1,"minecraft:written_book":4,"minecraft:azalea":12,"minecraft:smooth_quartz":2,"hangglider:hang_glider":12,"minecraft:coal_block":13,"minecraft:furnace":2,"minecraft:iron_boots":1,"minecraft:stick":20,"minecraft:sheaf_pottery_sherd":1,"minecraft:torch":158,"minecraft:cherry_log":56,"minecraft:diorite":7,"minecraft:rotten_flesh":23,"minecraft:red_tulip":12,"minecraft:blaze_rod":1,"minecraft:obsidian":12,"minecraft:cobblestone":142,"minecraft:pink_petals":64,"minecraft:feather":3,"minecraft:iron_door":2,"minecraft:water_bucket":4,"minecraft:beacon":1,"paraglider:spirit_orb":37,"minecraft:flint":1,"minecraft:danger_pottery_sherd":1,"minecraft:gray_concrete":1,"minecraft:dirt":368,"minecraft:name_tag":1,"minecraft:bone":93,"minecraft:acacia_planks":2,"minecraft:bow":3,"minecraft:orange_tulip":8,"minecraft:wheat_seeds":11,"minecraft:glowstone_dust":106,"minecraft:bamboo":35,"minecraft:oak_planks":25,"minecraft:cooked_porkchop":3,"minecraft:cyan_bed":11,"minecraft:lily_of_the_valley":4,"minecraft:dark_oak_log":31,"alexsmobs:animal_dictionary":11,"minecraft:mossy_cobblestone":1,"minecraft:polished_andesite":1,"minecraft:diamond":22,"minecraft:angler_pottery_sherd":2,"waystones:waystone":2,"minecraft:bread":23,"minecraft:emerald":2,"alexsmobs:maggot":2,"minecraft:netherrack":148,"iceandfire:raw_silver":6,"minecraft:diamond_pickaxe":1,"minecraft:shelter_pottery_sherd":1,"minecraft:crafting_table":3,"iceandfire:witherbone":6,"minecraft:chicken":2,"minecraft:ladder":2,"minecraft:clay_ball":20,"minecraft:wooden_pickaxe":6,"minecraft:gold_block":10,"minecraft:brick":3,"minecraft:cornflower":13,"minecraft:flint_and_steel":1,"minecraft:iron_axe":8,"minecraft:quartz_slab":4,"minecraft:item_frame":9,"minecraft:iron_shovel":2,"minecraft:cyan_carpet":1,"minecraft:beef":30,"immersive_melodies:trumpet":7,"minecraft:spruce_slab":1,"minecraft:piston":29,"minecraft:phantom_membrane":5,"minecraft:egg":2,"minecraft:dark_oak_sapling":2,"minecraft:raw_iron":20,"minecraft:stripped_mangrove_wood":2,"minecraft:oak_door":1,"immersive_melodies:tiny_drum":8,"minecraft:spruce_fence":1,"minecraft:cake":6,"minecraft:carrot":400,"minecraft:purple_terracotta":4,"minecraft:dark_oak_planks":62,"minecraft:diamond_chestplate":1,"minecraft:stone_shovel":1,"minecraft:arrow":134,"minecraft:pumpkin_pie":14,"minecraft:peony":1,"minecraft:diamond_boots":1,"minecraft:hay_block":44,"luckytntmod:dynamite_x5":1,"minecraft:saddle":2,"minecraft:totem_of_undying":1,"minecraft:gold_ingot":115,"minecraft:mutton":7,"minecraft:skeleton_skull":4,"minecraft:white_wool":7,"minecraft:tripwire_hook":2,"minecraft:glow_ink_sac":21,"minecraft:leather":12,"minecraft:oak_log":58,"minecraft:ancient_debris":1,"minecraft:gunpowder":36,"minecraft:apple":48,"minecraft:iron_ingot":174,"minecraft:stone_pickaxe":8,"minecraft:glass_bottle":8,"minecraft:iron_sword":1,"minecraft:book":36,"minecraft:scaffolding":24,"minecraft:pumpkin":15,"minecraft:sweet_berries":8,"minecraft:gravel":21,"movingelevators:elevator_block":1,"minecraft:spruce_sapling":6,"minecraft:blast_furnace":9,"minecraft:white_bed":1,"minecraft:spruce_log":9,"minecraft:spider_eye":1,"minecraft:oak_wood":1,"minecraft:snort_pottery_sherd":1,"minecraft:stone_axe":3,"minecraft:iron_helmet":2,"minecraft:diamond_axe":6,"minecraft:cherry_sapling":19,"minecraft:coal":167,"immersive_armors:wooden_boots":1,"minecraft:sunflower":3},"minecraft:killed_by":{"minecraft:vex":1},"minecraft:dropped":{"iceandfire:raw_silver":6,"minecraft:piston":13,"minecraft:diamond_axe":1,"minecraft:oak_log":3,"minecraft:glow_ink_sac":3,"immersive_melodies:trumpet":2,"minecraft:glass_bottle":2,"minecraft:crafting_table":1,"immersive_melodies:lute":2,"luckytntmod:dynamite_x5":2,"minecraft:saddle":1,"paraglider:spirit_orb":1,"immersive_melodies:piano":1,"minecraft:mutton":1,"minecraft:sunflower":2,"immersive_melodies:triangle":1,"minecraft:gold_ingot":63,"minecraft:white_tulip":2,"minecraft:stone_axe":4,"hangglider:hang_glider":5,"alexsmobs:animal_dictionary":1,"minecraft:wheat":2,"immersive_melodies:flute":1,"minecraft:beetroot":4,"minecraft:rotten_flesh":11,"minecraft:white_bed":1,"minecraft:carrot":153,"luckytntmod:animal_dynamite":1,"minecraft:azalea":6,"immersive_melodies:didgeridoo":1,"minecraft:arrow":8,"immersive_melodies:tiny_drum":3,"minecraft:scaffolding":18,"minecraft:written_book":1,"minecraft:wheat_seeds":4,"minecraft:cobblestone":7,"minecraft:lead":1,"minecraft:feather":3,"minecraft:coal":1,"minecraft:wooden_axe":1,"minecraft:iron_door":2,"minecraft:potion":1,"minecraft:iron_leggings":3,"minecraft:iron_axe":1,"minecraft:string":2,"minecraft:pink_petals":64,"minecraft:acacia_planks":1,"minecraft:sweet_berries":6,"immersive_melodies:bagpipe":1,"minecraft:sticky_piston":6,"minecraft:stone_shovel":1,"minecraft:clay_ball":20,"minecraft:stone_slab":4,"minecraft:filled_map":1,"minecraft:peony":1,"minecraft:iron_chestplate":1,"fossilsorigins:mosasaurus_egg":1,"minecraft:oak_sapling":3,"minecraft:bow":1,"minecraft:stone_pickaxe":3,"minecraft:wooden_pickaxe":3,"waystones:waystone":1,"minecraft:red_tulip":12,"minecraft:brick":3},"minecraft:used":{"minecraft:cherry_sapling":1,"minecraft:iron_shovel":103,"minecraft:chest":4,"minecraft:white_terracotta":3,"minecraft:stone":1,"minecraft:iron_sword":83,"minecraft:carrot":238,"another_furniture:cherry_chair":10,"minecraft:obsidian":12,"iceandfire:dread_torch":1,"minecraft:grass_block":58,"minecraft:iron_helmet":1,"minecraft:bow":57,"minecraft:hay_block":9,"minecraft:scaffolding":6,"minecraft:furnace":3,"minecraft:gold_block":32,"minecraft:skeleton_skull":1,"immersive_aircraft:biplane":3,"alexsmobs:spawn_egg_raccoon":2,"minecraft:diorite":3,"minecraft:oak_planks":182,"minecraft:stone_pickaxe":76,"minecraft:wooden_pickaxe":14,"minecraft:diamond_axe":217,"minecraft:white_wool":3,"minecraft:stripped_mangrove_wood":2,"minecraft:golden_apple":3,"minecraft:blast_furnace":4,"minecraft:purple_terracotta":3,"minecraft:redstone_torch":1,"minecraft:black_terracotta":7,"waystones:waystone":2,"minecraft:dark_oak_log":2,"minecraft:cyan_bed":7,"minecraft:bread":63,"minecraft:cyan_carpet":1,"minecraft:gravel":21,"movingelevators:elevator_block":18,"minecraft:stripped_oak_wood":92,"immersive_aircraft:gyrodyne":9,"minecraft:oak_fence":19,"minecraft:flint_and_steel":6,"minecraft:spruce_planks":22,"minecraft:netherrack":93,"minecraft:oak_door":2,"minecraft:torch":29,"minecraft:dirt":118,"movingelevators:display_block":13,"minecraft:oak_wood":1,"minecraft:spruce_fence":1,"another_furniture:cherry_table":12,"luckytntmod:woodhouse_tnt":1,"minecraft:oak_fence_gate":5,"minecraft:dark_oak_planks":72,"minecraft:wooden_axe":5,"minecraft:iron_axe":51,"minecraft:oak_stairs":22,"minecraft:smooth_quartz":1,"minecraft:totem_of_undying":1,"minecraft:crimson_planks":11,"minecraft:glowstone":9,"minecraft:cooked_beef":9,"minecraft:cherry_log":2,"minecraft:iron_leggings":1,"minecraft:calcite":7,"minecraft:cooked_mutton":6,"minecraft:water_bucket":41,"minecraft:polished_andesite":1,"minecraft:beacon":6,"minecraft:tnt":4,"minecraft:crafting_table":5,"minecraft:white_bed":1,"minecraft:cake":3,"alexsmobs:spawn_egg_kangaroo":1,"minecraft:deepslate_tile_wall":26,"minecraft:oak_log":18,"minecraft:black_wool":90,"minecraft:diamond_pickaxe":271,"minecraft:apple":14,"minecraft:sunflower":1,"another_furniture:red_lamp":8,"minecraft:stone_axe":30,"minecraft:cobblestone":147,"minecraft:cooked_porkchop":9,"minecraft:bucket":40,"minecraft:glass_pane":28,"minecraft:pumpkin_pie":6,"alexsmobs:animal_dictionary":5,"minecraft:stripped_oak_log":7},"minecraft:killed":{"alexsmobs:hummingbird":2,"minecraft:witch":1,"fossilsorigins:mosasaurus":1,"minecraft:spider":1,"minecraft:skeleton":33,"minecraft:magma_cube":3,"minecraft:piglin":1,"alexsmobs:grizzly_bear":1,"minecraft:sheep":5,"minecraft:pillager":5,"minecraft:zombie":23,"minecraft:blaze":1,"minecraft:cow":2,"minecraft:evoker":1,"alexsmobs:raccoon":3,"minecraft:vindicator":2,"iceandfire:dread_beast":1,"minecraft:phantom":6,"minecraft:drowned":2,"minecraft:wither_skeleton":5,"minecraft:villager":1}},"DataVersion":3465}