{"stats":{"minecraft:mined":{"movingelevators:elevator_block":1,"minecraft:grass":1,"minecraft:grass_block":1},"minecraft:custom":{"minecraft:time_since_rest":69745,"minecraft:sprint_one_cm":22550,"minecraft:walk_one_cm":170567,"minecraft:damage_taken":300,"minecraft:mob_kills":9,"minecraft:drop":16,"minecraft:damage_dealt":460,"minecraft:swim_one_cm":9605,"minecraft:fly_one_cm":520876,"minecraft:open_chest":12,"minecraft:crouch_one_cm":10566,"minecraft:play_time":115008,"minecraft:deaths":1,"minecraft:sneak_time":5038,"minecraft:walk_under_water_one_cm":6682,"minecraft:jump":384,"minecraft:leave_game":5,"minecraft:walk_on_water_one_cm":1365,"minecraft:time_since_death":69688,"minecraft:climb_one_cm":16,"minecraft:total_world_time":115008,"minecraft:fall_one_cm":5726},"minecraft:picked_up":{"minecraft:oak_door":1,"minecraft:leather":2,"minecraft:torch":1,"minecraft:oak_stairs":2,"movingelevators:elevator_block":1,"minecraft:oak_log":4,"minecraft:spider_eye":1,"minecraft:dirt":188,"luckytntmod:dynamite_x5":1,"minecraft:beef":3,"alexsmobs:maggot":2,"hangglider:hang_glider":1,"minecraft:oak_planks":2,"minecraft:white_wool":1,"minecraft:cobblestone":15},"minecraft:dropped":{"hangglider:hang_glider":1,"immersive_melodies:trumpet":2,"immersive_melodies:piano":1,"fossilsorigins:mosasaurus_egg":1,"immersive_melodies:bagpipe":1,"luckytntmod:animal_dynamite":1,"immersive_melodies:flute":1,"immersive_melodies:didgeridoo":1,"immersive_melodies:lute":2,"immersive_melodies:triangle":1,"luckytntmod:dynamite_x5":2,"immersive_melodies:tiny_drum":2},"minecraft:used":{"minecraft:deepslate_tile_wall":26,"minecraft:oak_log":12,"minecraft:black_terracotta":7,"minecraft:oak_fence":17,"iceandfire:dread_torch":1,"minecraft:black_wool":90,"minecraft:flint_and_steel":5,"minecraft:grass_block":58,"minecraft:oak_stairs":21,"minecraft:oak_planks":15,"minecraft:chest":2,"another_furniture:red_lamp":6,"minecraft:white_terracotta":3,"minecraft:stone":1,"minecraft:oak_door":2,"minecraft:white_wool":3,"minecraft:torch":11,"minecraft:glowstone":9,"minecraft:dirt":71,"minecraft:cobblestone":103,"minecraft:tnt":4,"movingelevators:elevator_block":17,"minecraft:stripped_oak_wood":92,"immersive_aircraft:gyrodyne":4,"minecraft:glass_pane":28,"another_furniture:cherry_chair":10,"movingelevators:display_block":12,"minecraft:stripped_oak_log":7,"immersive_aircraft:biplane":3,"another_furniture:cherry_table":12,"luckytntmod:woodhouse_tnt":1,"minecraft:oak_fence_gate":4},"minecraft:killed":{"minecraft:sheep":2,"alexsmobs:hummingbird":1,"minecraft:zombie":4,"fossilsorigins:mosasaurus":1,"minecraft:spider":1}},"DataVersion":3465}