{"stats":{"minecraft:picked_up":{"minecraft:mud":2,"minecraft:crafting_table":7,"minecraft:brown_mushroom":1,"minecraft:diamond_sword":2,"minecraft:wooden_pickaxe":3,"biomesoplenty:rainbow_birch_sapling":3,"cfm:stripped_mangrove_table":2,"minecraft:string":3,"immersive_melodies:lute":3,"minecraft:gold_nugget":6,"minecraft:spruce_planks":43,"immersive_melodies:trumpet":3,"minecraft:light_gray_wool":3,"minecraft:chest":2,"hangglider:hang_glider":41,"minecraft:sugar_cane":32,"immersive_melodies:triangle":3,"minecraft:furnace":3,"cfm:flowering_azalea_hedge":2,"minecraft:stick":6,"minecraft:stone":4,"minecraft:torch":59,"immersive_melodies:tiny_drum":3,"minecraft:note_block":1,"minecraft:cherry_log":14,"minecraft:carrot":309,"minecraft:rotten_flesh":11,"immersive_melodies:flute":2,"minecraft:snowball":22,"minecraft:white_wool":3,"minecraft:cobblestone":35,"minecraft:birch_log":32,"minecraft:golden_carrot":6,"minecraft:black_bed":1,"paraglider:spirit_orb":2,"immersive_melodies:bagpipe":3,"alexscaves:lanternfish":1,"minecraft:dirt":13,"minecraft:wheat_seeds":3,"cfm:oak_park_bench":2,"minecraft:iron_ingot":3,"minecraft:stone_pickaxe":3,"cfm:post_box":2,"minecraft:book":240,"cfm:light_gray_sofa":2,"cfm:oak_upgraded_fence":1,"minecraft:spruce_sapling":15,"minecraft:spruce_log":19,"alexsmobs:animal_dictionary":5,"travelersbackpack:white_sleeping_bag":582,"immersive_melodies:piano":4,"cfm:oak_kitchen_drawer":2,"luckytntmod:cobblestone_house_tnt":2,"waystones:waystone":3,"alexsmobs:maggot":25,"minecraft:coal":111,"cfm:trampoline":2,"minecraft:wooden_axe":4},"minecraft:broken":{"minecraft:wooden_axe":1},"minecraft:killed":{"minecraft:spider":1,"minecraft:skeleton":1,"alexsmobs:seal":1,"minecraft:zombie":4,"alexsmobs:fly":9},"minecraft:used":{"cfm:white_grill":2,"alexscaves:bioluminescent_torch":39,"minecraft:cherry_sapling":5,"minecraft:writable_book":1,"cfm:post_box":2,"minecraft:flint_and_steel":1,"minecraft:chest":8,"minecraft:spruce_planks":1,"minecraft:stone":2,"minecraft:rotten_flesh":2,"minecraft:torch":12,"minecraft:dirt":237,"cfm:trampoline":9,"minecraft:carrot":20,"movingelevators:display_block":2,"minecraft:snowball":6,"alexscaves:radon_lamp_light_gray":8,"minecraft:glass":32,"minecraft:wooden_axe":42,"cfm:flowering_azalea_hedge":20,"minecraft:grass_block":40,"cfm:brown_sofa":8,"alexsmobs:spawn_egg_stradpole":2,"minecraft:golden_sword":12,"minecraft:golden_carrot":3,"cfm:fridge_light":2,"alexscaves:lanternfish_bucket":2,"cfm:black_kitchen_counter":4,"luckytntmod:cobblestone_house_tnt":1,"minecraft:water_bucket":11,"minecraft:cobblestone_stairs":308,"minecraft:birch_planks":75,"cfm:oak_park_bench":7,"minecraft:stone_pickaxe":47,"cfm:black_cooler":4,"minecraft:wooden_pickaxe":5,"cfm:oak_kitchen_drawer":4,"minecraft:crafting_table":5,"minecraft:sponge":3,"minecraft:painting":16,"cfm:oak_kitchen_counter":1,"waystones:waystone":3,"minecraft:mud":2,"minecraft:cherry_door":2,"cfm:oak_kitchen_sink_dark":1,"travelersbackpack:white_sleeping_bag":4,"cfm:oak_upgraded_fence":26,"minecraft:stone_axe":5,"minecraft:diamond_sword":13,"minecraft:cobblestone":273,"cfm:spruce_park_bench":4,"movingelevators:elevator_block":3,"minecraft:stripped_oak_wood":154,"minecraft:glass_pane":45,"cfm:stripped_mangrove_table":4,"alexscaves:radon_lamp_white":40,"cfm:oak_upgraded_gate":4,"cfm:light_gray_sofa":15,"alexsmobs:animal_dictionary":1,"minecraft:bone_meal":18},"minecraft:dropped":{"minecraft:wheat_seeds":1,"minecraft:cherry_log":3,"immersive_melodies:lute":1,"minecraft:stick":1,"immersive_melodies:piano":3,"minecraft:wooden_axe":1,"minecraft:snowball":16,"minecraft:gold_nugget":2,"immersive_melodies:triangle":1,"minecraft:note_block":1,"hangglider:hang_glider":11,"immersive_melodies:bagpipe":1,"minecraft:rotten_flesh":1,"minecraft:carrot":64,"travelersbackpack:white_sleeping_bag":1,"minecraft:wooden_pickaxe":1,"immersive_melodies:tiny_drum":1,"minecraft:written_book":1},"minecraft:custom":{"minecraft:mob_kills":17,"minecraft:interact_with_crafting_table":7,"minecraft:open_barrel":6,"minecraft:leave_game":3,"minecraft:time_since_death":33689,"minecraft:climb_one_cm":1382,"minecraft:sprint_one_cm":226665,"minecraft:walk_one_cm":337117,"minecraft:drop":30,"minecraft:play_noteblock":2,"minecraft:play_time":175032,"minecraft:deaths":6,"minecraft:sneak_time":3346,"minecraft:walk_under_water_one_cm":7350,"minecraft:jump":1434,"minecraft:walk_on_water_one_cm":16540,"minecraft:total_world_time":175032,"minecraft:interact_with_furnace":2,"minecraft:tune_noteblock":1,"minecraft:sleep_in_bed":4,"minecraft:time_since_rest":11811,"minecraft:waystone_activated":3,"minecraft:damage_taken":3468,"minecraft:damage_dealt":1729,"minecraft:swim_one_cm":9783,"minecraft:fly_one_cm":972904,"minecraft:open_chest":46,"minecraft:crouch_one_cm":6442,"minecraft:fall_one_cm":39050},"minecraft:mined":{"minecraft:spruce_planks":1,"travelersbackpack:white_sleeping_bag":4,"minecraft:spruce_leaves":3,"minecraft:spawner":1,"minecraft:large_fern":1,"minecraft:furnace":1,"minecraft:bookshelf":20,"minecraft:stone":15,"minecraft:cherry_planks":1,"minecraft:crafting_table":5,"minecraft:note_block":1,"minecraft:dead_bush":1,"minecraft:sugar_cane":4,"minecraft:spruce_log":7,"minecraft:black_bed":1,"minecraft:coal_ore":30},"minecraft:crafted":{"minecraft:golden_carrot":3,"minecraft:flint_and_steel":1,"minecraft:stone_pickaxe":1,"minecraft:crafting_table":2,"minecraft:spruce_planks":32,"minecraft:wooden_pickaxe":1,"minecraft:birch_planks":124,"minecraft:stone_axe":1,"minecraft:gold_nugget":18,"minecraft:stick":12,"minecraft:wooden_axe":1,"minecraft:torch":12}},"DataVersion":3465}