{"stats":{"minecraft:crafted":{"minecraft:cherry_planks":48,"minecraft:iron_axe":1,"minecraft:stone_pickaxe":1,"minecraft:crafting_table":2,"minecraft:wooden_pickaxe":1,"minecraft:stone_axe":1,"minecraft:air":0,"minecraft:iron_chestplate":1,"minecraft:stick":4,"minecraft:iron_ingot":18,"minecraft:wooden_axe":1,"minecraft:iron_leggings":1},"minecraft:mined":{"iceandfire:silver_ore":2,"minecraft:cherry_log":4,"minecraft:grass_block":1,"minecraft:decorated_pot":1,"minecraft:coal_block":2,"minecraft:large_fern":1,"minecraft:iron_ore":18,"movingelevators:elevator_block":1,"minecraft:vine":1,"minecraft:stone":11,"minecraft:tall_grass":2,"minecraft:sweet_berry_bush":1,"minecraft:grass":8,"minecraft:coal_ore":15,"minecraft:cherry_leaves":3,"minecraft:sunflower":1,"minecraft:oak_leaves":1},"minecraft:broken":{"immersive_armors:wooden_boots":1},"minecraft:custom":{"minecraft:mob_kills":28,"minecraft:interact_with_crafting_table":8,"minecraft:open_barrel":2,"minecraft:eat_cake_slice":10,"minecraft:leave_game":5,"minecraft:time_since_death":129688,"minecraft:climb_one_cm":44,"minecraft:sprint_one_cm":96429,"minecraft:walk_one_cm":297485,"minecraft:drop":45,"minecraft:play_time":175008,"minecraft:sneak_time":6777,"minecraft:deaths":1,"minecraft:walk_under_water_one_cm":6682,"minecraft:jump":1071,"minecraft:interact_with_blast_furnace":5,"minecraft:walk_on_water_one_cm":1365,"minecraft:total_world_time":175008,"minecraft:interact_with_furnace":1,"minecraft:time_since_rest":129745,"minecraft:damage_taken":2406,"minecraft:damage_dealt":4032,"minecraft:interact_with_beacon":4,"minecraft:swim_one_cm":9605,"minecraft:fly_one_cm":795168,"minecraft:open_chest":15,"minecraft:crouch_one_cm":13491,"minecraft:fall_one_cm":22120},"minecraft:picked_up":{"minecraft:shelter_pottery_sherd":1,"minecraft:chicken":2,"minecraft:clay_ball":20,"minecraft:stone_slab":3,"minecraft:wooden_pickaxe":1,"minecraft:oak_stairs":2,"minecraft:potion":1,"minecraft:spruce_planks":76,"minecraft:beef":3,"hangglider:hang_glider":2,"minecraft:coal_block":2,"minecraft:phantom_membrane":2,"minecraft:egg":2,"minecraft:stick":11,"minecraft:raw_iron":18,"minecraft:sheaf_pottery_sherd":1,"minecraft:oak_door":1,"minecraft:torch":2,"minecraft:cherry_log":17,"minecraft:carrot":55,"minecraft:rotten_flesh":14,"minecraft:stone_shovel":1,"minecraft:peony":1,"luckytntmod:dynamite_x5":1,"minecraft:gold_ingot":2,"minecraft:mutton":1,"minecraft:white_wool":1,"minecraft:cobblestone":46,"minecraft:pink_petals":5,"minecraft:feather":3,"minecraft:leather":2,"minecraft:oak_log":5,"minecraft:dirt":235,"minecraft:bone":4,"minecraft:wheat_seeds":4,"minecraft:stone_pickaxe":1,"minecraft:oak_planks":2,"minecraft:sweet_berries":7,"movingelevators:elevator_block":1,"minecraft:spruce_sapling":3,"minecraft:spruce_log":9,"minecraft:dark_oak_log":9,"minecraft:spider_eye":1,"minecraft:snort_pottery_sherd":1,"minecraft:angler_pottery_sherd":1,"minecraft:stone_axe":3,"minecraft:cherry_sapling":15,"alexsmobs:maggot":2,"immersive_armors:wooden_boots":1,"minecraft:coal":40,"iceandfire:raw_silver":2,"minecraft:sunflower":3},"minecraft:dropped":{"iceandfire:raw_silver":2,"immersive_melodies:trumpet":2,"minecraft:feather":3,"minecraft:lead":1,"immersive_melodies:lute":2,"luckytntmod:dynamite_x5":2,"immersive_melodies:piano":1,"minecraft:mutton":1,"minecraft:wooden_axe":1,"minecraft:potion":1,"minecraft:sunflower":2,"immersive_melodies:triangle":1,"minecraft:pink_petals":5,"minecraft:stone_axe":4,"minecraft:sweet_berries":5,"hangglider:hang_glider":2,"immersive_melodies:bagpipe":1,"immersive_melodies:flute":1,"minecraft:stone_shovel":1,"minecraft:beetroot":4,"minecraft:rotten_flesh":7,"minecraft:clay_ball":20,"minecraft:carrot":128,"minecraft:peony":1,"fossilsorigins:mosasaurus_egg":1,"luckytntmod:animal_dynamite":1,"immersive_melodies:didgeridoo":1,"minecraft:stone_pickaxe":1,"minecraft:wooden_pickaxe":2,"immersive_melodies:tiny_drum":3},"minecraft:used":{"minecraft:oak_fence":19,"minecraft:flint_and_steel":5,"minecraft:chest":2,"minecraft:white_terracotta":3,"minecraft:stone":1,"minecraft:oak_door":2,"minecraft:torch":12,"minecraft:dirt":77,"minecraft:carrot":79,"another_furniture:cherry_chair":10,"movingelevators:display_block":13,"another_furniture:cherry_table":12,"luckytntmod:woodhouse_tnt":1,"minecraft:oak_fence_gate":5,"minecraft:wooden_axe":5,"iceandfire:dread_torch":1,"minecraft:iron_axe":12,"minecraft:grass_block":58,"minecraft:oak_stairs":22,"minecraft:glowstone":9,"minecraft:bow":28,"minecraft:gold_block":32,"immersive_aircraft:biplane":3,"minecraft:cherry_log":2,"alexsmobs:spawn_egg_raccoon":2,"minecraft:water_bucket":1,"minecraft:stone_pickaxe":45,"minecraft:oak_planks":16,"minecraft:wooden_pickaxe":7,"minecraft:beacon":6,"minecraft:white_wool":3,"minecraft:golden_apple":2,"minecraft:tnt":4,"minecraft:crafting_table":2,"minecraft:cake":2,"alexsmobs:spawn_egg_kangaroo":1,"minecraft:deepslate_tile_wall":26,"minecraft:oak_log":12,"minecraft:black_terracotta":7,"minecraft:black_wool":90,"minecraft:dark_oak_log":2,"minecraft:sunflower":1,"another_furniture:red_lamp":8,"minecraft:stone_axe":30,"minecraft:cobblestone":103,"movingelevators:elevator_block":18,"minecraft:stripped_oak_wood":92,"immersive_aircraft:gyrodyne":9,"minecraft:glass_pane":28,"alexsmobs:animal_dictionary":4,"minecraft:stripped_oak_log":7},"minecraft:killed":{"alexsmobs:hummingbird":2,"fossilsorigins:mosasaurus":1,"alexsmobs:raccoon":2,"minecraft:spider":1,"minecraft:phantom":6,"minecraft:skeleton":2,"minecraft:sheep":2,"minecraft:zombie":11,"minecraft:villager":1}},"DataVersion":3465}