{"stats":{"minecraft:picked_up":{"minecraft:mud":2,"minecraft:crafting_table":6,"minecraft:golden_carrot":6,"minecraft:black_bed":1,"minecraft:brown_mushroom":1,"minecraft:diamond_sword":2,"minecraft:wooden_pickaxe":3,"immersive_melodies:bagpipe":3,"cfm:stripped_mangrove_table":2,"alexscaves:lanternfish":1,"minecraft:dirt":13,"minecraft:string":3,"immersive_melodies:lute":3,"minecraft:gold_nugget":6,"minecraft:wheat_seeds":3,"cfm:oak_park_bench":2,"minecraft:spruce_planks":43,"minecraft:iron_ingot":3,"minecraft:stone_pickaxe":3,"immersive_melodies:trumpet":3,"cfm:post_box":2,"minecraft:light_gray_wool":3,"hangglider:hang_glider":41,"immersive_melodies:triangle":3,"minecraft:sugar_cane":24,"minecraft:chest":2,"minecraft:furnace":3,"minecraft:book":240,"cfm:flowering_azalea_hedge":2,"minecraft:stick":6,"minecraft:stone":4,"cfm:light_gray_sofa":2,"immersive_melodies:tiny_drum":3,"minecraft:torch":59,"minecraft:note_block":1,"cfm:oak_upgraded_fence":1,"minecraft:spruce_sapling":15,"minecraft:carrot":309,"minecraft:spruce_log":19,"alexsmobs:animal_dictionary":5,"travelersbackpack:white_sleeping_bag":581,"immersive_melodies:piano":2,"luckytntmod:cobblestone_house_tnt":2,"cfm:oak_kitchen_drawer":2,"minecraft:rotten_flesh":11,"waystones:waystone":2,"immersive_melodies:flute":2,"alexsmobs:maggot":25,"minecraft:snowball":22,"minecraft:coal":111,"cfm:trampoline":2,"minecraft:white_wool":3,"minecraft:cobblestone":35,"minecraft:wooden_axe":3},"minecraft:killed":{"minecraft:spider":1,"minecraft:skeleton":1,"minecraft:zombie":3,"alexsmobs:fly":9},"minecraft:used":{"cfm:white_grill":2,"alexscaves:bioluminescent_torch":39,"minecraft:cherry_sapling":5,"minecraft:water_bucket":11,"minecraft:writable_book":1,"minecraft:cobblestone_stairs":308,"cfm:post_box":2,"minecraft:flint_and_steel":1,"cfm:oak_park_bench":7,"minecraft:stone_pickaxe":44,"cfm:black_cooler":4,"minecraft:spruce_planks":1,"minecraft:chest":8,"minecraft:wooden_pickaxe":5,"minecraft:stone":2,"minecraft:rotten_flesh":2,"cfm:oak_kitchen_drawer":4,"minecraft:torch":12,"minecraft:dirt":237,"minecraft:crafting_table":4,"cfm:trampoline":9,"minecraft:carrot":5,"movingelevators:display_block":2,"minecraft:sponge":3,"minecraft:painting":16,"minecraft:snowball":6,"alexscaves:radon_lamp_light_gray":8,"minecraft:mud":2,"minecraft:glass":32,"cfm:oak_kitchen_counter":1,"waystones:waystone":3,"minecraft:wooden_axe":42,"cfm:flowering_azalea_hedge":20,"minecraft:cherry_door":2,"cfm:oak_kitchen_sink_dark":1,"minecraft:grass_block":40,"travelersbackpack:white_sleeping_bag":3,"cfm:oak_upgraded_fence":26,"cfm:brown_sofa":8,"alexsmobs:spawn_egg_stradpole":2,"minecraft:diamond_sword":13,"minecraft:golden_carrot":3,"minecraft:cobblestone":268,"cfm:fridge_light":2,"cfm:spruce_park_bench":4,"movingelevators:elevator_block":3,"minecraft:stripped_oak_wood":154,"alexsmobs:animal_dictionary":1,"cfm:stripped_mangrove_table":4,"alexscaves:lanternfish_bucket":2,"minecraft:glass_pane":45,"cfm:light_gray_sofa":15,"cfm:oak_upgraded_gate":4,"alexscaves:radon_lamp_white":40,"cfm:black_kitchen_counter":4,"luckytntmod:cobblestone_house_tnt":1,"minecraft:bone_meal":18},"minecraft:custom":{"minecraft:interact_with_furnace":1,"minecraft:mob_kills":15,"minecraft:interact_with_crafting_table":5,"minecraft:tune_noteblock":1,"minecraft:leave_game":2,"minecraft:time_since_death":16182,"minecraft:sleep_in_bed":2,"minecraft:climb_one_cm":1382,"minecraft:time_since_rest":8487,"minecraft:waystone_activated":3,"minecraft:sprint_one_cm":179079,"minecraft:damage_taken":3228,"minecraft:walk_one_cm":309918,"minecraft:drop":17,"minecraft:damage_dealt":1187,"minecraft:play_noteblock":2,"minecraft:swim_one_cm":9528,"minecraft:fly_one_cm":839637,"minecraft:open_chest":46,"minecraft:crouch_one_cm":5990,"minecraft:play_time":157525,"minecraft:deaths":6,"minecraft:sneak_time":3202,"minecraft:walk_under_water_one_cm":5948,"minecraft:jump":867,"minecraft:walk_on_water_one_cm":15640,"minecraft:total_world_time":157525,"minecraft:fall_one_cm":27656},"minecraft:dropped":{"minecraft:note_block":1,"hangglider:hang_glider":11,"minecraft:rotten_flesh":1,"minecraft:carrot":64,"travelersbackpack:white_sleeping_bag":1,"minecraft:wooden_pickaxe":1,"minecraft:written_book":1},"minecraft:mined":{"minecraft:spruce_planks":1,"minecraft:crafting_table":4,"minecraft:note_block":1,"travelersbackpack:white_sleeping_bag":3,"minecraft:spruce_leaves":3,"minecraft:sugar_cane":4,"minecraft:large_fern":1,"minecraft:furnace":1,"minecraft:spruce_log":7,"minecraft:black_bed":1,"minecraft:bookshelf":20,"minecraft:coal_ore":30,"minecraft:stone":15},"minecraft:crafted":{"minecraft:golden_carrot":3,"minecraft:crafting_table":1,"minecraft:spruce_planks":28,"minecraft:wooden_pickaxe":1,"minecraft:gold_nugget":18,"minecraft:stick":8,"minecraft:stone_pickaxe":1,"minecraft:wooden_axe":1,"minecraft:torch":12}},"DataVersion":3465}