{"stats":{"minecraft:crafted":{"minecraft:crafting_table":1,"minecraft:spruce_planks":56,"minecraft:wooden_pickaxe":1,"minecraft:furnace":1,"minecraft:air":0,"minecraft:iron_axe":1,"minecraft:stick":12,"minecraft:iron_ingot":6,"minecraft:stone_pickaxe":1,"minecraft:wooden_axe":2,"minecraft:chest":1,"minecraft:white_bed":1,"minecraft:torch":60},"minecraft:mined":{"iceandfire:silver_ore":1,"minecraft:crafting_table":1,"minecraft:grass_block":1,"minecraft:stone_slab":2,"minecraft:copper_ore":5,"minecraft:tall_grass":1,"minecraft:wall_torch":1,"minecraft:pink_petals":35,"minecraft:iron_ore":1,"minecraft:sweet_berry_bush":2,"minecraft:spruce_log":3,"minecraft:pumpkin":5,"minecraft:stripped_dark_oak_wood":1,"minecraft:peony":1,"minecraft:grass":17,"minecraft:coal_ore":33,"minecraft:deepslate_iron_ore":5,"minecraft:vine":1,"minecraft:cherry_leaves":40,"minecraft:cyan_carpet":3,"minecraft:gray_carpet":4,"minecraft:white_tulip":1,"minecraft:stone":24,"minecraft:tripwire":1},"minecraft:broken":{"minecraft:wooden_axe":3},"minecraft:custom":{"minecraft:interact_with_furnace":4,"minecraft:mob_kills":10,"minecraft:interact_with_crafting_table":14,"minecraft:open_barrel":8,"minecraft:leave_game":1,"minecraft:time_since_death":9963,"minecraft:sleep_in_bed":1,"minecraft:climb_one_cm":335,"minecraft:time_since_rest":2884,"minecraft:sprint_one_cm":165339,"minecraft:damage_taken":3943,"minecraft:walk_one_cm":314224,"minecraft:drop":60,"minecraft:damage_dealt":1790,"minecraft:swim_one_cm":31191,"minecraft:talked_to_villager":26,"minecraft:fly_one_cm":263495,"minecraft:open_chest":30,"minecraft:crouch_one_cm":5088,"minecraft:play_time":113838,"minecraft:deaths":2,"minecraft:sneak_time":2325,"minecraft:walk_under_water_one_cm":10428,"minecraft:jump":1647,"minecraft:interact_with_blast_furnace":1,"minecraft:walk_on_water_one_cm":13175,"minecraft:total_world_time":113838,"minecraft:fall_one_cm":55654},"minecraft:picked_up":{"minecraft:wooden_axe":1,"minecraft:pink_petals":133,"minecraft:shelter_pottery_sherd":1,"minecraft:crafting_table":1,"minecraft:glow_ink_sac":3,"minecraft:leather":2,"minecraft:stone_slab":2,"minecraft:wooden_pickaxe":1,"minecraft:potato":1,"minecraft:potion":2,"immersive_melodies:bagpipe":2,"minecraft:oak_log":1,"minecraft:dirt":11,"minecraft:string":4,"minecraft:iron_axe":1,"minecraft:raw_copper":21,"immersive_melodies:lute":2,"minecraft:cooked_mutton":1,"minecraft:bone":3,"minecraft:cyan_carpet":3,"minecraft:gray_carpet":4,"minecraft:beetroot":4,"minecraft:stone_pickaxe":1,"minecraft:beef":2,"minecraft:calcite":1,"immersive_melodies:trumpet":4,"hangglider:hang_glider":3,"immersive_melodies:triangle":2,"minecraft:oak_planks":2,"minecraft:phantom_membrane":1,"minecraft:egg":1,"minecraft:stick":17,"minecraft:raw_iron":6,"minecraft:sheaf_pottery_sherd":1,"minecraft:pumpkin":10,"minecraft:sweet_berries":34,"another_furniture:red_lamp":4,"minecraft:torch":3,"immersive_melodies:tiny_drum":4,"minecraft:porkchop":3,"minecraft:cherry_log":28,"minecraft:spruce_sapling":1,"minecraft:carrot":58,"minecraft:spruce_log":15,"alexsmobs:animal_dictionary":1,"minecraft:snort_pottery_sherd":1,"immersive_melodies:piano":2,"minecraft:rotten_flesh":5,"minecraft:slime_ball":12,"minecraft:peony":1,"immersive_melodies:didgeridoo":3,"luckytntmod:dynamite_x5":1,"minecraft:stripped_dark_oak_wood":1,"minecraft:cherry_sapling":12,"minecraft:golden_apple":1,"minecraft:spruce_sign":2,"immersive_melodies:flute":4,"minecraft:mutton":5,"minecraft:coal":32,"iceandfire:raw_silver":2,"minecraft:white_wool":6,"minecraft:cobblestone":24,"minecraft:sunflower":10},"minecraft:dropped":{"minecraft:sweet_berries":1,"hangglider:hang_glider":2,"immersive_melodies:flute":2,"minecraft:cherry_sapling":1,"minecraft:rotten_flesh":5,"minecraft:stone_slab":2,"luckytntmod:dynamite_x5":1,"minecraft:carrot":35,"minecraft:peony":1,"minecraft:potion":2,"immersive_melodies:didgeridoo":1,"minecraft:sunflower":7,"minecraft:wooden_pickaxe":1,"immersive_melodies:tiny_drum":2,"minecraft:string":2,"minecraft:spruce_sapling":1},"minecraft:used":{"minecraft:stone_pickaxe":69,"minecraft:chest":1,"minecraft:wooden_pickaxe":3,"minecraft:torch":34,"minecraft:mutton":1,"minecraft:crafting_table":2,"minecraft:carrot":158,"minecraft:spruce_log":1,"minecraft:wooden_axe":69,"minecraft:iron_axe":22,"another_furniture:red_lamp":2,"minecraft:sweet_berries":4,"minecraft:furnace":1},"minecraft:killed":{"minecraft:spider":1,"minecraft:slime":4,"minecraft:phantom":1,"minecraft:skeleton":1,"minecraft:sheep":2,"minecraft:zombie":1}},"DataVersion":3465}