{"stats":{"minecraft:crafted":{"minecraft:oak_planks":4,"minecraft:furnace":1,"minecraft:iron_axe":1,"minecraft:stone_pickaxe":1,"minecraft:chest":1,"minecraft:dark_oak_planks":8,"minecraft:crafting_table":2,"minecraft:spruce_planks":80,"minecraft:wooden_pickaxe":1,"minecraft:mangrove_planks":4,"minecraft:bucket":1,"minecraft:dark_oak_button":2,"minecraft:air":0,"minecraft:iron_chestplate":1,"minecraft:shield":1,"minecraft:stick":36,"minecraft:iron_ingot":22,"minecraft:wooden_axe":2,"minecraft:stone_sword":1,"minecraft:white_bed":1,"minecraft:torch":160},"minecraft:mined":{"minecraft:dark_oak_planks":6,"minecraft:waxed_cut_copper_slab":4,"iceandfire:silver_ore":3,"minecraft:red_nether_bricks":8,"minecraft:grass_block":1,"minecraft:mangrove_trapdoor":1,"minecraft:iron_ore":25,"minecraft:fire":5,"minecraft:pumpkin":5,"minecraft:stripped_dark_oak_wood":5,"minecraft:peony":1,"minecraft:deepslate_iron_ore":24,"minecraft:vine":1,"minecraft:white_tulip":1,"minecraft:stone":39,"minecraft:stripped_mangrove_wood":2,"minecraft:tripwire":1,"minecraft:crafting_table":2,"minecraft:torch":1,"minecraft:calcite":3,"minecraft:nether_brick_slab":5,"minecraft:stone_slab":2,"minecraft:tall_grass":2,"minecraft:copper_ore":5,"minecraft:cobblestone":1,"minecraft:cyan_bed":2,"minecraft:wall_torch":3,"minecraft:pink_petals":35,"minecraft:sweet_berry_bush":2,"minecraft:spruce_log":3,"minecraft:grass":18,"minecraft:mangrove_slab":1,"minecraft:coal_ore":57,"minecraft:cherry_leaves":40,"minecraft:cyan_carpet":3,"minecraft:gray_carpet":4,"minecraft:deepslate":7},"minecraft:broken":{"minecraft:stone_pickaxe":1,"minecraft:wooden_axe":3},"minecraft:custom":{"minecraft:interact_with_smithing_table":1,"minecraft:mob_kills":33,"minecraft:interact_with_crafting_table":25,"minecraft:open_barrel":24,"minecraft:eat_cake_slice":8,"minecraft:leave_game":2,"minecraft:time_since_death":7216,"minecraft:climb_one_cm":1670,"minecraft:sprint_one_cm":412692,"minecraft:walk_one_cm":493966,"minecraft:damage_blocked_by_shield":2340,"minecraft:drop":74,"minecraft:play_noteblock":1,"minecraft:talked_to_villager":26,"minecraft:play_time":183843,"minecraft:sneak_time":3509,"minecraft:deaths":7,"minecraft:walk_under_water_one_cm":12110,"minecraft:jump":2783,"minecraft:interact_with_blast_furnace":14,"minecraft:walk_on_water_one_cm":22722,"minecraft:total_world_time":183843,"minecraft:interact_with_furnace":4,"minecraft:interact_with_loom":1,"minecraft:sleep_in_bed":9,"minecraft:time_since_rest":1224,"minecraft:damage_taken":9215,"minecraft:damage_dealt":8255,"minecraft:swim_one_cm":35483,"minecraft:fly_one_cm":404147,"minecraft:open_chest":34,"minecraft:crouch_one_cm":7874,"minecraft:fall_one_cm":78826},"minecraft:picked_up":{"minecraft:wooden_axe":1,"minecraft:crafting_table":2,"minecraft:shelter_pottery_sherd":1,"minecraft:iron_chestplate":4,"minecraft:stone_slab":2,"minecraft:wooden_pickaxe":1,"minecraft:potion":3,"iceandfire:frozen_cobblestone":1,"minecraft:shield":5,"minecraft:cornflower":1,"minecraft:string":12,"minecraft:waxed_cut_copper_slab":6,"minecraft:iron_axe":9,"minecraft:raw_copper":23,"immersive_melodies:lute":2,"minecraft:red_nether_bricks":12,"minecraft:iron_leggings":5,"minecraft:cyan_carpet":3,"minecraft:beetroot":4,"minecraft:cobbled_deepslate":37,"minecraft:bucket":3,"minecraft:spruce_planks":70,"minecraft:beef":2,"immersive_melodies:trumpet":4,"minecraft:calcite":12,"minecraft:iron_pickaxe":4,"hangglider:hang_glider":8,"immersive_melodies:triangle":2,"minecraft:phantom_membrane":1,"minecraft:egg":1,"minecraft:stick":29,"minecraft:raw_iron":118,"minecraft:sheaf_pottery_sherd":1,"minecraft:stripped_mangrove_wood":3,"minecraft:torch":86,"immersive_melodies:tiny_drum":4,"minecraft:porkchop":3,"minecraft:cake":1,"minecraft:cherry_log":56,"minecraft:carrot":191,"minecraft:mangrove_trapdoor":1,"minecraft:dark_oak_planks":18,"minecraft:stone_sword":7,"minecraft:rotten_flesh":21,"minecraft:arrow":33,"minecraft:pumpkin_pie":3,"minecraft:peony":1,"luckytntmod:dynamite_x5":1,"minecraft:stripped_dark_oak_wood":5,"minecraft:glistering_melon_slice":4,"minecraft:gold_ingot":8,"immersive_melodies:flute":4,"minecraft:mutton":5,"minecraft:white_wool":6,"minecraft:cobblestone":71,"minecraft:pink_petals":207,"minecraft:dark_oak_button":2,"minecraft:glow_ink_sac":3,"minecraft:leather":2,"minecraft:potato":2,"immersive_melodies:bagpipe":2,"minecraft:oak_log":1,"minecraft:yellow_bed":2,"minecraft:gunpowder":7,"minecraft:mangrove_slab":1,"minecraft:dirt":11,"minecraft:cooked_mutton":2,"minecraft:bone":11,"minecraft:gray_carpet":8,"minecraft:wheat_seeds":1,"minecraft:stone_pickaxe":4,"minecraft:iron_ingot":68,"minecraft:mangrove_planks":16,"minecraft:oak_planks":2,"minecraft:pumpkin":10,"minecraft:sweet_berries":34,"another_furniture:red_lamp":4,"minecraft:lava_bucket":1,"minecraft:spruce_sapling":2,"minecraft:blast_furnace":1,"minecraft:nether_brick_slab":6,"minecraft:spruce_log":21,"minecraft:cyan_bed":2,"minecraft:spider_eye":3,"alexsmobs:animal_dictionary":1,"minecraft:mossy_cobblestone":3,"immersive_melodies:piano":2,"minecraft:slime_ball":17,"minecraft:snort_pottery_sherd":1,"immersive_melodies:didgeridoo":3,"minecraft:cherry_sapling":23,"minecraft:golden_apple":6,"minecraft:spruce_sign":2,"minecraft:bread":94,"minecraft:coal":69,"iceandfire:raw_silver":6,"minecraft:sunflower":10},"minecraft:killed_by":{"minecraft:skeleton":1},"minecraft:dropped":{"minecraft:wheat_seeds":1,"minecraft:mangrove_trapdoor":1,"minecraft:dark_oak_button":4,"luckytntmod:dynamite_x5":1,"minecraft:cornflower":1,"minecraft:potion":2,"minecraft:sunflower":7,"minecraft:string":2,"minecraft:spruce_sapling":1,"minecraft:bone":1,"minecraft:sweet_berries":1,"hangglider:hang_glider":2,"minecraft:bowl":1,"immersive_melodies:flute":2,"minecraft:cherry_sapling":1,"minecraft:rotten_flesh":7,"minecraft:stone_slab":2,"minecraft:carrot":39,"minecraft:shield":1,"minecraft:peony":1,"immersive_melodies:didgeridoo":1,"minecraft:wooden_pickaxe":1,"immersive_melodies:tiny_drum":2},"minecraft:used":{"minecraft:stone_sword":35,"minecraft:chest":1,"minecraft:shield":44,"minecraft:iron_chestplate":3,"minecraft:torch":123,"minecraft:mutton":1,"minecraft:carrot":295,"minecraft:nether_brick_slab":4,"minecraft:dark_oak_planks":6,"minecraft:wooden_axe":69,"minecraft:lava_bucket":23,"minecraft:stripped_dark_oak_wood":2,"minecraft:iron_axe":125,"minecraft:waxed_cut_copper_slab":1,"minecraft:sweet_berries":4,"minecraft:furnace":1,"minecraft:mangrove_slab":1,"minecraft:cobbled_deepslate":8,"minecraft:iron_leggings":3,"minecraft:calcite":1,"minecraft:cooked_mutton":1,"minecraft:stone_pickaxe":125,"minecraft:red_nether_bricks":8,"minecraft:oak_planks":4,"minecraft:wooden_pickaxe":3,"minecraft:chainmail_helmet":1,"minecraft:stripped_mangrove_wood":1,"minecraft:blast_furnace":1,"minecraft:crafting_table":4,"minecraft:mushroom_stew":1,"minecraft:cake":1,"minecraft:spruce_log":1,"minecraft:bread":3,"minecraft:cyan_bed":2,"minecraft:string":1,"minecraft:iron_pickaxe":63,"another_furniture:red_lamp":2,"minecraft:spruce_sapling":1,"minecraft:cobblestone":4,"minecraft:bucket":23,"minecraft:pumpkin_pie":3,"minecraft:yellow_bed":2},"minecraft:killed":{"minecraft:cave_spider":1,"minecraft:spider":8,"minecraft:slime":4,"minecraft:phantom":1,"minecraft:skeleton":8,"minecraft:sheep":2,"minecraft:zombie":7}},"DataVersion":3465}