{"stats":{"minecraft:picked_up":{"minecraft:crafting_table":7,"minecraft:leather":1,"minecraft:brown_mushroom":12,"minecraft:wooden_pickaxe":4,"minecraft:red_mushroom":4,"minecraft:potato":2,"paraglider:spirit_orb":4,"minecraft:oak_log":131,"minecraft:string":5,"minecraft:dirt":54,"minecraft:raw_copper":48,"immersive_melodies:lute":4,"minecraft:apple":3,"minecraft:wheat_seeds":11,"minecraft:stone_pickaxe":1,"minecraft:spruce_planks":7,"minecraft:beef":2,"minecraft:rose_bush":2,"minecraft:calcite":14,"hangglider:hang_glider":3,"minecraft:sugar_cane":49,"minecraft:chest":3,"minecraft:furnace":5,"biomesoplenty:toadstool":10,"minecraft:stick":4,"minecraft:raw_iron":31,"minecraft:pumpkin":90,"minecraft:sand":21,"minecraft:torch":90,"minecraft:gravel":3,"minecraft:lightning_rod":1,"minecraft:diorite":23,"minecraft:carrot":434,"minecraft:spruce_log":7,"minecraft:mossy_cobblestone":1,"alexsmobs:animal_dictionary":7,"minecraft:dark_oak_planks":1,"travelersbackpack:white_sleeping_bag":16,"minecraft:arrow":11,"minecraft:rotten_flesh":7,"minecraft:granite":12,"minecraft:golden_apple":1,"alexsmobs:maggot":24,"minecraft:oak_sapling":3,"minecraft:mutton":11,"minecraft:white_wool":6,"minecraft:coal":145,"alexsmobs:lobster_tail":4,"minecraft:cobblestone":343},"minecraft:broken":{"minecraft:stone_axe":2,"minecraft:wooden_axe":1},"minecraft:killed":{"minecraft:husk":1,"alexsmobs:lobster":2,"minecraft:skeleton":2,"minecraft:sheep":3,"minecraft:zombie":4,"alexsmobs:fly":3,"minecraft:cow":1},"minecraft:used":{"minecraft:wheat_seeds":1,"minecraft:water_bucket":1,"minecraft:stone_pickaxe":90,"minecraft:chest":4,"minecraft:wooden_pickaxe":3,"minecraft:torch":101,"minecraft:dirt":10,"minecraft:crafting_table":8,"minecraft:carrot":111,"minecraft:wooden_axe":8,"minecraft:lava_bucket":1,"minecraft:apple":1,"minecraft:iron_pickaxe":238,"travelersbackpack:white_sleeping_bag":16,"minecraft:stone_axe":163,"minecraft:cobblestone":61,"minecraft:oak_sapling":3,"minecraft:furnace":4,"minecraft:bucket":2,"alexsmobs:animal_dictionary":1},"minecraft:custom":{"minecraft:interact_with_furnace":11,"minecraft:mob_kills":16,"minecraft:tune_noteblock":1,"minecraft:interact_with_crafting_table":15,"minecraft:open_barrel":4,"minecraft:eat_cake_slice":2,"minecraft:leave_game":6,"minecraft:time_since_death":133340,"minecraft:damage_resisted":14,"minecraft:sleep_in_bed":17,"minecraft:time_since_rest":11219,"minecraft:waystone_activated":2,"minecraft:sprint_one_cm":479346,"minecraft:damage_taken":3247,"minecraft:walk_one_cm":311024,"minecraft:drop":50,"minecraft:damage_dealt":3952,"minecraft:talked_to_villager":2,"minecraft:swim_one_cm":22160,"minecraft:fly_one_cm":267575,"minecraft:open_chest":28,"minecraft:crouch_one_cm":10063,"minecraft:play_time":159096,"minecraft:deaths":2,"minecraft:sneak_time":4919,"minecraft:walk_under_water_one_cm":8753,"minecraft:jump":1714,"minecraft:walk_on_water_one_cm":15423,"minecraft:interact_with_smoker":3,"minecraft:total_world_time":159096,"minecraft:fall_one_cm":142104},"minecraft:dropped":{"minecraft:furnace":2,"minecraft:brown_mushroom":1,"minecraft:wheat_seeds":6,"alexsmobs:animal_dictionary":4,"minecraft:crafting_table":1,"minecraft:rotten_flesh":7,"minecraft:leather":1,"minecraft:carrot":14,"minecraft:lightning_rod":1,"minecraft:red_mushroom":1,"minecraft:dirt":3,"minecraft:spruce_planks":1,"minecraft:rose_bush":2,"minecraft:arrow":8,"minecraft:beef":2,"minecraft:dark_oak_planks":1,"minecraft:string":3},"minecraft:mined":{"minecraft:dark_oak_planks":4,"minecraft:spruce_planks":2,"minecraft:brown_mushroom":3,"minecraft:powder_snow":24,"minecraft:crafting_table":6,"minecraft:torch":29,"minecraft:granite":3,"minecraft:grass_block":14,"minecraft:calcite":11,"minecraft:chest":3,"minecraft:rose_bush":1,"minecraft:lightning_rod":1,"minecraft:cobblestone":4,"travelersbackpack:white_sleeping_bag":15,"minecraft:copper_ore":8,"minecraft:spruce_leaves":2,"minecraft:sugar_cane":4,"minecraft:red_mushroom":1,"minecraft:diorite":11,"biomesoplenty:tundra_shrub":2,"minecraft:wall_torch":59,"minecraft:spawner":2,"minecraft:stone_stairs":1,"minecraft:furnace":3,"minecraft:carrots":1,"biomesoplenty:toadstool":2,"minecraft:iron_ore":29,"minecraft:wheat":2,"minecraft:ice":1,"minecraft:spruce_log":7,"minecraft:pumpkin":18,"minecraft:grass":6,"minecraft:potatoes":2,"minecraft:coal_ore":92,"minecraft:sand":21,"minecraft:gravel":3,"minecraft:dirt":31,"minecraft:stone_bricks":1,"minecraft:stone":151,"minecraft:fern":4},"minecraft:crafted":{"minecraft:oak_planks":12,"minecraft:crafting_table":2,"minecraft:spruce_planks":28,"minecraft:wooden_pickaxe":1,"minecraft:iron_helmet":1,"minecraft:furnace":2,"minecraft:bucket":1,"minecraft:stone_axe":2,"minecraft:air":0,"travelersbackpack:white_sleeping_bag":1,"minecraft:iron_chestplate":1,"minecraft:shield":1,"minecraft:stick":28,"minecraft:iron_ingot":27,"minecraft:iron_pickaxe":1,"minecraft:stone_pickaxe":1,"minecraft:wooden_axe":1,"minecraft:chest":1,"minecraft:iron_leggings":1,"minecraft:torch":56}},"DataVersion":3465}