{"stats":{"minecraft:crafted":{"minecraft:cherry_planks":8,"minecraft:oak_planks":12,"minecraft:furnace":1,"minecraft:flint_and_steel":1,"minecraft:iron_axe":2,"minecraft:stone_pickaxe":1,"minecraft:chest":1,"minecraft:dark_oak_planks":8,"minecraft:crafting_table":2,"minecraft:spruce_planks":80,"minecraft:wooden_pickaxe":1,"minecraft:mangrove_planks":4,"minecraft:bucket":1,"minecraft:dark_oak_button":2,"minecraft:stone_axe":1,"minecraft:bread":2,"minecraft:air":0,"minecraft:iron_chestplate":1,"minecraft:shield":2,"minecraft:stick":64,"minecraft:iron_pickaxe":1,"minecraft:iron_ingot":30,"minecraft:wooden_axe":3,"minecraft:stone_sword":1,"minecraft:white_bed":1,"minecraft:torch":176,"minecraft:shears":1},"minecraft:mined":{"minecraft:dark_oak_planks":6,"minecraft:waxed_cut_copper_slab":4,"minecraft:tuff":2,"iceandfire:silver_ore":5,"minecraft:red_nether_bricks":8,"minecraft:grass_block":1,"minecraft:mangrove_trapdoor":1,"minecraft:iron_ore":25,"minecraft:fire":5,"minecraft:cobbled_deepslate":23,"minecraft:pumpkin":5,"minecraft:stripped_dark_oak_wood":5,"minecraft:peony":1,"minecraft:deepslate_iron_ore":48,"minecraft:vine":1,"minecraft:stripped_mangrove_wood":2,"minecraft:stone":44,"minecraft:white_tulip":1,"minecraft:tripwire":1,"minecraft:deepslate_redstone_ore":7,"minecraft:torch":2,"minecraft:crafting_table":2,"minecraft:blast_furnace":1,"minecraft:calcite":5,"minecraft:nether_brick_slab":5,"minecraft:copper_ore":5,"minecraft:stone_slab":3,"minecraft:tall_grass":2,"minecraft:cobblestone":27,"minecraft:deepslate_gold_ore":1,"minecraft:cyan_bed":2,"minecraft:wall_torch":3,"minecraft:pink_petals":35,"minecraft:sweet_berry_bush":3,"minecraft:spruce_log":4,"minecraft:yellow_bed":1,"minecraft:grass":19,"minecraft:mangrove_slab":1,"minecraft:oak_log":2,"minecraft:coal_ore":67,"minecraft:cherry_leaves":40,"minecraft:cyan_carpet":3,"minecraft:gravel":11,"minecraft:gray_carpet":4,"minecraft:cobweb":4,"minecraft:deepslate":18},"minecraft:broken":{"minecraft:stone_pickaxe":1,"minecraft:shield":1,"minecraft:iron_axe":1,"minecraft:wooden_axe":4},"minecraft:custom":{"minecraft:interact_with_smithing_table":1,"minecraft:mob_kills":55,"minecraft:interact_with_crafting_table":39,"minecraft:open_barrel":42,"minecraft:interact_with_campfire":13,"minecraft:eat_cake_slice":8,"minecraft:leave_game":5,"minecraft:time_since_death":3748,"minecraft:climb_one_cm":3196,"minecraft:sprint_one_cm":678644,"minecraft:walk_one_cm":623150,"minecraft:damage_blocked_by_shield":2880,"minecraft:drop":84,"minecraft:play_noteblock":1,"minecraft:talked_to_villager":26,"minecraft:play_time":267933,"minecraft:sneak_time":4463,"minecraft:deaths":21,"minecraft:walk_under_water_one_cm":31168,"minecraft:jump":4821,"minecraft:interact_with_blast_furnace":17,"minecraft:walk_on_water_one_cm":61218,"minecraft:total_world_time":267933,"minecraft:interact_with_furnace":5,"minecraft:interact_with_loom":1,"minecraft:sleep_in_bed":14,"minecraft:time_since_rest":3776,"minecraft:damage_taken":14753,"minecraft:damage_dealt":11429,"minecraft:swim_one_cm":96666,"minecraft:fly_one_cm":716237,"minecraft:open_chest":44,"minecraft:crouch_one_cm":9421,"minecraft:fall_one_cm":152813},"minecraft:picked_up":{"minecraft:wooden_axe":1,"minecraft:iron_chestplate":9,"minecraft:shelter_pottery_sherd":1,"minecraft:crafting_table":2,"minecraft:chicken":2,"minecraft:stone_slab":3,"minecraft:wooden_pickaxe":1,"minecraft:potion":3,"iceandfire:frozen_cobblestone":1,"minecraft:shield":10,"minecraft:cornflower":1,"minecraft:string":24,"minecraft:waxed_cut_copper_slab":6,"immersive_melodies:lute":2,"minecraft:raw_copper":28,"minecraft:iron_axe":14,"minecraft:red_nether_bricks":12,"minecraft:iron_leggings":10,"minecraft:cyan_carpet":3,"minecraft:beetroot":4,"minecraft:cobbled_deepslate":150,"minecraft:bucket":7,"minecraft:spruce_planks":90,"minecraft:beef":8,"immersive_melodies:trumpet":4,"minecraft:calcite":26,"minecraft:iron_pickaxe":11,"hangglider:hang_glider":13,"immersive_melodies:triangle":2,"minecraft:phantom_membrane":1,"minecraft:egg":2,"minecraft:stick":45,"minecraft:raw_iron":308,"minecraft:sheaf_pottery_sherd":1,"minecraft:stripped_mangrove_wood":3,"minecraft:torch":171,"immersive_melodies:tiny_drum":4,"minecraft:porkchop":11,"minecraft:cake":1,"minecraft:cherry_log":56,"minecraft:carrot":191,"minecraft:redstone":62,"minecraft:mangrove_trapdoor":1,"minecraft:dark_oak_planks":18,"minecraft:stone_sword":13,"minecraft:arrow":75,"minecraft:rotten_flesh":52,"minecraft:pumpkin_pie":3,"minecraft:peony":1,"minecraft:shears":1,"luckytntmod:dynamite_x5":1,"minecraft:stripped_dark_oak_wood":5,"minecraft:glistering_melon_slice":4,"minecraft:gold_ingot":8,"immersive_melodies:flute":4,"minecraft:mutton":7,"minecraft:white_wool":7,"minecraft:cobblestone":151,"minecraft:pink_petals":207,"minecraft:cooked_beef":7,"minecraft:feather":4,"minecraft:dark_oak_button":2,"minecraft:glow_ink_sac":9,"minecraft:water_bucket":1,"minecraft:salmon":1,"minecraft:leather":34,"minecraft:potato":2,"minecraft:flint":5,"immersive_melodies:bagpipe":2,"minecraft:tuff":14,"minecraft:oak_log":3,"minecraft:yellow_bed":3,"minecraft:gunpowder":19,"minecraft:mangrove_slab":1,"minecraft:dirt":11,"minecraft:cooked_mutton":6,"minecraft:bone":40,"minecraft:gray_carpet":8,"minecraft:wheat_seeds":4,"minecraft:raw_gold":29,"minecraft:iron_ingot":133,"minecraft:stone_pickaxe":4,"minecraft:cooked_chicken":2,"minecraft:cobweb":4,"minecraft:mangrove_planks":32,"minecraft:oak_planks":3,"minecraft:cooked_porkchop":7,"minecraft:pumpkin":10,"minecraft:sweet_berries":39,"another_furniture:red_lamp":4,"minecraft:gravel":13,"minecraft:lava_bucket":1,"minecraft:spruce_sapling":2,"minecraft:blast_furnace":2,"minecraft:nether_brick_slab":6,"minecraft:spruce_log":114,"minecraft:cyan_bed":2,"minecraft:spider_eye":6,"alexsmobs:animal_dictionary":1,"minecraft:mossy_cobblestone":7,"immersive_melodies:piano":2,"minecraft:slime_ball":17,"minecraft:snort_pottery_sherd":1,"minecraft:stone_axe":1,"immersive_melodies:didgeridoo":3,"minecraft:cherry_sapling":23,"minecraft:golden_apple":14,"minecraft:spruce_sign":2,"minecraft:chainmail_helmet":5,"minecraft:bread":150,"minecraft:coal":130,"iceandfire:raw_silver":9,"minecraft:sunflower":10},"minecraft:killed_by":{"minecraft:skeleton":1},"minecraft:dropped":{"minecraft:wheat_seeds":1,"minecraft:glow_ink_sac":4,"minecraft:mangrove_trapdoor":1,"minecraft:dark_oak_button":4,"luckytntmod:dynamite_x5":1,"minecraft:cornflower":1,"minecraft:potion":2,"minecraft:sunflower":7,"minecraft:iron_axe":3,"minecraft:iron_pickaxe":2,"minecraft:string":2,"minecraft:spruce_sapling":1,"minecraft:bone":1,"minecraft:sweet_berries":1,"hangglider:hang_glider":2,"minecraft:stone_sword":2,"minecraft:bowl":1,"immersive_melodies:flute":2,"minecraft:cherry_sapling":1,"minecraft:rotten_flesh":7,"minecraft:stone_slab":2,"minecraft:carrot":39,"minecraft:shield":1,"minecraft:peony":1,"immersive_melodies:didgeridoo":1,"minecraft:wooden_pickaxe":1,"immersive_melodies:tiny_drum":2,"minecraft:calcite":2},"minecraft:used":{"minecraft:stone_sword":80,"minecraft:flint_and_steel":1,"minecraft:chest":1,"minecraft:shield":53,"minecraft:iron_chestplate":5,"minecraft:torch":157,"minecraft:mutton":1,"minecraft:carrot":299,"minecraft:nether_brick_slab":4,"minecraft:tuff":3,"minecraft:dark_oak_planks":6,"minecraft:wooden_axe":81,"minecraft:lava_bucket":23,"minecraft:stripped_dark_oak_wood":2,"minecraft:iron_axe":144,"minecraft:waxed_cut_copper_slab":1,"minecraft:beef":1,"minecraft:sweet_berries":10,"minecraft:furnace":1,"minecraft:mangrove_slab":1,"minecraft:cooked_beef":3,"minecraft:cobbled_deepslate":30,"minecraft:iron_leggings":6,"minecraft:calcite":3,"minecraft:cooked_mutton":1,"minecraft:stone_pickaxe":125,"minecraft:oak_planks":4,"minecraft:red_nether_bricks":8,"minecraft:wooden_pickaxe":3,"minecraft:chainmail_helmet":2,"minecraft:salmon":1,"minecraft:stripped_mangrove_wood":1,"minecraft:blast_furnace":2,"minecraft:mushroom_stew":1,"minecraft:crafting_table":4,"minecraft:shears":4,"minecraft:cake":1,"minecraft:spruce_log":2,"alexsmobs:terrapin_bucket":2,"minecraft:bread":21,"minecraft:cyan_bed":2,"minecraft:iron_pickaxe":178,"minecraft:string":1,"another_furniture:red_lamp":2,"minecraft:gravel":9,"minecraft:spruce_sapling":1,"minecraft:stone_axe":3,"minecraft:cobblestone":30,"minecraft:cooked_porkchop":4,"minecraft:bucket":26,"minecraft:pumpkin_pie":3,"minecraft:yellow_bed":3},"minecraft:killed":{"minecraft:cave_spider":1,"minecraft:spider":8,"minecraft:slime":4,"minecraft:phantom":1,"minecraft:skeleton":9,"minecraft:chicken":2,"minecraft:pig":2,"minecraft:zombie_villager":1,"minecraft:salmon":1,"minecraft:sheep":3,"minecraft:zombie":18,"minecraft:cow":3}},"DataVersion":3465}