{"stats":{"minecraft:picked_up":{"minecraft:crafting_table":3,"minecraft:brown_mushroom":2,"minecraft:wooden_pickaxe":1,"minecraft:oak_log":67,"minecraft:dirt":3,"minecraft:raw_copper":24,"immersive_melodies:lute":1,"minecraft:apple":2,"minecraft:wheat_seeds":4,"hangglider:hang_glider":1,"minecraft:sugar_cane":16,"minecraft:chest":1,"minecraft:furnace":1,"biomesoplenty:toadstool":4,"minecraft:stick":4,"minecraft:raw_iron":27,"minecraft:pumpkin":36,"minecraft:torch":20,"minecraft:diorite":5,"minecraft:carrot":128,"minecraft:spruce_log":7,"alexsmobs:animal_dictionary":4,"travelersbackpack:white_sleeping_bag":4,"minecraft:arrow":2,"minecraft:rotten_flesh":1,"minecraft:granite":6,"alexsmobs:maggot":12,"minecraft:oak_sapling":3,"minecraft:coal":51,"alexsmobs:lobster_tail":2,"minecraft:cobblestone":120},"minecraft:broken":{"minecraft:wooden_axe":1},"minecraft:killed":{"alexsmobs:lobster":2,"minecraft:zombie":1,"alexsmobs:fly":3},"minecraft:used":{"minecraft:stone_pickaxe":89,"minecraft:chest":2,"minecraft:wooden_pickaxe":3,"minecraft:torch":44,"minecraft:dirt":3,"minecraft:crafting_table":4,"minecraft:carrot":22,"minecraft:wooden_axe":8,"minecraft:iron_pickaxe":90,"travelersbackpack:white_sleeping_bag":4,"minecraft:stone_axe":37,"minecraft:oak_sapling":3,"minecraft:furnace":2,"minecraft:bucket":1,"alexsmobs:animal_dictionary":1},"minecraft:dropped":{"alexsmobs:animal_dictionary":3,"minecraft:rotten_flesh":1},"minecraft:custom":{"minecraft:interact_with_furnace":7,"minecraft:mob_kills":6,"minecraft:interact_with_crafting_table":7,"minecraft:leave_game":6,"minecraft:time_since_death":55340,"minecraft:sleep_in_bed":4,"minecraft:time_since_rest":8487,"minecraft:waystone_activated":1,"minecraft:sprint_one_cm":223519,"minecraft:damage_taken":1890,"minecraft:walk_one_cm":176259,"minecraft:drop":4,"minecraft:damage_dealt":387,"minecraft:swim_one_cm":22160,"minecraft:fly_one_cm":148258,"minecraft:open_chest":18,"minecraft:crouch_one_cm":7434,"minecraft:play_time":81096,"minecraft:deaths":2,"minecraft:sneak_time":2843,"minecraft:walk_under_water_one_cm":8463,"minecraft:jump":862,"minecraft:walk_on_water_one_cm":12389,"minecraft:total_world_time":81096,"minecraft:fall_one_cm":130835},"minecraft:mined":{"minecraft:brown_mushroom":1,"minecraft:crafting_table":3,"minecraft:torch":7,"minecraft:granite":3,"minecraft:grass_block":3,"minecraft:chest":1,"travelersbackpack:white_sleeping_bag":4,"minecraft:copper_ore":8,"minecraft:spruce_leaves":2,"minecraft:sugar_cane":4,"minecraft:diorite":5,"minecraft:wall_torch":13,"minecraft:furnace":1,"biomesoplenty:toadstool":2,"minecraft:iron_ore":27,"minecraft:spruce_log":7,"minecraft:pumpkin":18,"minecraft:grass":3,"minecraft:coal_ore":46,"minecraft:stone":86,"minecraft:fern":4},"minecraft:crafted":{"minecraft:oak_planks":4,"minecraft:crafting_table":1,"minecraft:spruce_planks":28,"minecraft:wooden_pickaxe":1,"minecraft:furnace":1,"minecraft:bucket":1,"minecraft:stone_axe":1,"minecraft:air":0,"minecraft:stick":20,"minecraft:iron_ingot":22,"minecraft:iron_pickaxe":1,"minecraft:stone_pickaxe":1,"minecraft:wooden_axe":1,"minecraft:chest":1,"minecraft:torch":56}},"DataVersion":3465}