{"stats":{"minecraft:crafted":{"minecraft:crafting_table":1,"minecraft:spruce_planks":56,"minecraft:wooden_pickaxe":1,"minecraft:stick":8,"minecraft:stone_pickaxe":1,"minecraft:wooden_axe":2,"minecraft:torch":48},"minecraft:mined":{"minecraft:crafting_table":1,"minecraft:grass_block":1,"minecraft:stone_slab":2,"minecraft:copper_ore":5,"minecraft:tall_grass":1,"minecraft:wall_torch":1,"minecraft:pink_petals":27,"minecraft:iron_ore":1,"minecraft:sweet_berry_bush":2,"minecraft:spruce_log":3,"minecraft:pumpkin":5,"minecraft:peony":1,"minecraft:grass":13,"minecraft:coal_ore":30,"minecraft:deepslate_iron_ore":5,"minecraft:vine":1,"minecraft:cherry_leaves":40,"minecraft:stone":24,"minecraft:tripwire":1},"minecraft:broken":{"minecraft:wooden_axe":2},"minecraft:custom":{"minecraft:mob_kills":9,"minecraft:interact_with_crafting_table":6,"minecraft:leave_game":1,"minecraft:time_since_death":51240,"minecraft:time_since_rest":51272,"minecraft:sprint_one_cm":118018,"minecraft:damage_taken":2788,"minecraft:walk_one_cm":233900,"minecraft:drop":55,"minecraft:damage_dealt":1324,"minecraft:swim_one_cm":30892,"minecraft:talked_to_villager":26,"minecraft:fly_one_cm":219134,"minecraft:open_chest":17,"minecraft:crouch_one_cm":4949,"minecraft:play_time":89838,"minecraft:deaths":1,"minecraft:sneak_time":2249,"minecraft:walk_under_water_one_cm":9751,"minecraft:jump":1291,"minecraft:walk_on_water_one_cm":13071,"minecraft:total_world_time":89838,"minecraft:fall_one_cm":49753},"minecraft:picked_up":{"minecraft:wooden_axe":1,"minecraft:pink_petals":59,"minecraft:crafting_table":1,"minecraft:leather":2,"minecraft:stone_slab":2,"minecraft:wooden_pickaxe":1,"immersive_melodies:bagpipe":2,"minecraft:dirt":11,"minecraft:string":4,"minecraft:raw_copper":21,"immersive_melodies:lute":2,"minecraft:bone":3,"minecraft:beef":2,"immersive_melodies:trumpet":4,"hangglider:hang_glider":2,"immersive_melodies:triangle":2,"minecraft:oak_planks":2,"minecraft:phantom_membrane":1,"minecraft:stick":12,"minecraft:raw_iron":6,"minecraft:pumpkin":10,"minecraft:sweet_berries":31,"another_furniture:red_lamp":4,"minecraft:torch":3,"immersive_melodies:tiny_drum":3,"minecraft:porkchop":3,"minecraft:cherry_log":28,"minecraft:spruce_sapling":1,"minecraft:carrot":33,"minecraft:spruce_log":15,"alexsmobs:animal_dictionary":1,"immersive_melodies:piano":2,"minecraft:rotten_flesh":5,"minecraft:slime_ball":7,"minecraft:peony":1,"immersive_melodies:didgeridoo":3,"luckytntmod:dynamite_x5":1,"minecraft:cherry_sapling":4,"immersive_melodies:flute":4,"minecraft:mutton":5,"minecraft:coal":29,"minecraft:white_wool":5,"minecraft:cobblestone":24,"minecraft:sunflower":8},"minecraft:dropped":{"minecraft:sweet_berries":1,"hangglider:hang_glider":2,"immersive_melodies:flute":2,"minecraft:cherry_sapling":1,"minecraft:rotten_flesh":5,"minecraft:stone_slab":2,"luckytntmod:dynamite_x5":1,"minecraft:carrot":32,"minecraft:peony":1,"immersive_melodies:didgeridoo":1,"minecraft:sunflower":7,"minecraft:wooden_pickaxe":1,"immersive_melodies:tiny_drum":2,"minecraft:string":2,"minecraft:spruce_sapling":1},"minecraft:used":{"minecraft:stone_pickaxe":65,"minecraft:wooden_pickaxe":3,"minecraft:torch":26,"minecraft:mutton":1,"minecraft:crafting_table":1,"minecraft:carrot":78,"minecraft:spruce_log":1,"minecraft:wooden_axe":68,"another_furniture:red_lamp":2},"minecraft:killed":{"minecraft:spider":1,"minecraft:slime":4,"minecraft:phantom":1,"minecraft:sheep":2,"minecraft:zombie":1}},"DataVersion":3465}