{"stats":{"minecraft:picked_up":{"minecraft:iron_chestplate":3,"minecraft:crafting_table":10,"minecraft:splash_potion":1,"minecraft:brown_mushroom":12,"minecraft:wooden_pickaxe":4,"minecraft:brewing_stand":1,"minecraft:string":5,"minecraft:red_bed":6,"minecraft:raw_copper":52,"immersive_melodies:lute":4,"minecraft:white_carpet":4,"minecraft:spruce_planks":7,"minecraft:beef":2,"minecraft:rose_bush":2,"minecraft:calcite":14,"minecraft:iron_pickaxe":1,"hangglider:hang_glider":3,"minecraft:sugar_cane":49,"minecraft:chest":3,"minecraft:furnace":8,"minecraft:raw_iron":40,"minecraft:stick":8,"minecraft:torch":97,"minecraft:lightning_rod":1,"minecraft:diorite":23,"minecraft:carrot":434,"minecraft:cauldron":1,"minecraft:dark_oak_planks":1,"minecraft:arrow":15,"minecraft:rotten_flesh":11,"minecraft:mutton":11,"minecraft:snowball":1,"alexsmobs:lobster_tail":4,"minecraft:white_wool":6,"minecraft:cobblestone":408,"minecraft:leather":1,"minecraft:smoker":2,"minecraft:red_mushroom":4,"minecraft:potato":34,"paraglider:spirit_orb":4,"minecraft:oak_log":370,"minecraft:dirt":84,"minecraft:bone":5,"travelersbackpack:backpack_tank":2,"minecraft:apple":5,"minecraft:stone_bricks":1,"minecraft:bow":1,"minecraft:wheat_seeds":89,"alexsmobs:cockroach_wing_fragment":1,"minecraft:stone_pickaxe":1,"minecraft:mossy_stone_bricks":1,"biomesoplenty:toadstool":10,"minecraft:pumpkin":90,"minecraft:gravel":3,"minecraft:sand":35,"minecraft:spruce_sapling":2,"minecraft:blast_furnace":2,"minecraft:spruce_log":37,"alexsmobs:animal_dictionary":7,"minecraft:mossy_cobblestone":1,"travelersbackpack:white_sleeping_bag":18,"biomesoplenty:maple_sapling":12,"minecraft:granite":12,"minecraft:bone_meal":75,"minecraft:golden_apple":1,"alexsmobs:maggot":24,"minecraft:oak_sapling":3,"minecraft:light_gray_carpet":6,"minecraft:coal":159},"minecraft:broken":{"minecraft:stone_pickaxe":1,"minecraft:stone_axe":4,"minecraft:iron_pickaxe":1,"minecraft:wooden_axe":1},"minecraft:killed":{"alexsmobs:lobster":2,"minecraft:spider":1,"minecraft:skeleton":6,"minecraft:husk":1,"minecraft:sheep":3,"minecraft:zombie":11,"minecraft:stray":1,"alexsmobs:fly":3,"minecraft:cow":1},"minecraft:used":{"minecraft:chest":4,"minecraft:shield":16,"minecraft:stone_hoe":24,"minecraft:iron_chestplate":15,"minecraft:torch":137,"minecraft:dirt":42,"minecraft:carrot":150,"biomesoplenty:maple_sapling":1,"minecraft:wooden_axe":8,"minecraft:lava_bucket":1,"minecraft:stone_bricks":1,"minecraft:furnace":5,"minecraft:oak_sapling":3,"minecraft:wheat_seeds":1,"minecraft:water_bucket":14,"minecraft:stone_pickaxe":140,"minecraft:wooden_pickaxe":9,"minecraft:cauldron":1,"minecraft:crafting_table":9,"minecraft:red_bed":6,"minecraft:blast_furnace":1,"minecraft:smoker":1,"minecraft:apple":1,"travelersbackpack:white_sleeping_bag":18,"minecraft:iron_pickaxe":262,"minecraft:spruce_sapling":2,"minecraft:stone_axe":238,"minecraft:cobblestone":70,"minecraft:bucket":15,"alexsmobs:animal_dictionary":1},"minecraft:custom":{"minecraft:mob_kills":29,"minecraft:interact_with_crafting_table":24,"minecraft:open_barrel":4,"minecraft:eat_cake_slice":2,"minecraft:leave_game":6,"minecraft:time_since_death":217340,"minecraft:climb_one_cm":23216,"minecraft:damage_resisted":14,"minecraft:sprint_one_cm":693835,"minecraft:walk_one_cm":427206,"minecraft:damage_blocked_by_shield":420,"minecraft:drop":78,"minecraft:talked_to_villager":2,"minecraft:play_time":243096,"minecraft:deaths":2,"minecraft:sneak_time":7399,"minecraft:walk_under_water_one_cm":11134,"minecraft:jump":2419,"minecraft:interact_with_brewingstand":1,"minecraft:interact_with_blast_furnace":4,"minecraft:walk_on_water_one_cm":17566,"minecraft:total_world_time":243096,"minecraft:interact_with_furnace":16,"minecraft:tune_noteblock":1,"minecraft:sleep_in_bed":31,"minecraft:time_since_rest":8659,"minecraft:waystone_activated":2,"minecraft:damage_taken":3726,"minecraft:damage_dealt":7015,"minecraft:swim_one_cm":22229,"minecraft:fly_one_cm":360395,"minecraft:open_chest":52,"minecraft:crouch_one_cm":13219,"minecraft:interact_with_smoker":6,"minecraft:fall_one_cm":154186},"minecraft:dropped":{"minecraft:brown_mushroom":1,"minecraft:wheat_seeds":6,"minecraft:cooked_beef":9,"minecraft:oak_log":106,"minecraft:crafting_table":1,"minecraft:leather":1,"minecraft:red_mushroom":1,"minecraft:dirt":18,"minecraft:rose_bush":2,"minecraft:iron_pickaxe":1,"minecraft:string":3,"minecraft:dark_oak_planks":1,"minecraft:furnace":2,"alexsmobs:animal_dictionary":4,"minecraft:rotten_flesh":7,"minecraft:light_gray_carpet":6,"minecraft:carrot":14,"minecraft:lightning_rod":1,"alexsmobs:cockroach_wing_fragment":1,"minecraft:spruce_planks":1,"minecraft:iron_chestplate":2,"minecraft:spruce_log":15,"minecraft:arrow":8,"minecraft:beef":2,"minecraft:splash_potion":1},"minecraft:mined":{"minecraft:dark_oak_planks":4,"minecraft:spruce_planks":2,"minecraft:brewing_stand":1,"minecraft:granite":3,"minecraft:grass_block":24,"travelersbackpack:white_sleeping_bag":17,"minecraft:spruce_leaves":2,"minecraft:red_mushroom":1,"biomesoplenty:tundra_shrub":2,"minecraft:spawner":2,"minecraft:furnace":6,"minecraft:carrots":1,"biomesoplenty:toadstool":2,"minecraft:iron_ore":29,"minecraft:pumpkin":18,"minecraft:potatoes":2,"minecraft:water_cauldron":1,"minecraft:stone":213,"minecraft:light_gray_carpet":3,"minecraft:brown_mushroom":3,"minecraft:red_bed":6,"minecraft:smoker":2,"minecraft:powder_snow":24,"minecraft:crafting_table":9,"minecraft:torch":30,"minecraft:blast_furnace":2,"minecraft:calcite":11,"minecraft:chest":3,"minecraft:rose_bush":1,"minecraft:lightning_rod":1,"minecraft:tall_grass":35,"minecraft:copper_ore":9,"minecraft:cobblestone":6,"minecraft:sugar_cane":4,"minecraft:diorite":11,"minecraft:wall_torch":64,"minecraft:stone_stairs":1,"minecraft:wheat":2,"minecraft:ice":2,"minecraft:white_carpet":4,"minecraft:spruce_log":7,"minecraft:grass":364,"minecraft:coal_ore":92,"minecraft:gravel":3,"minecraft:sand":30,"minecraft:dirt":43,"minecraft:stone_bricks":2,"minecraft:mossy_stone_bricks":1,"minecraft:fern":4},"minecraft:crafted":{"minecraft:oak_planks":48,"minecraft:furnace":2,"minecraft:cooked_mutton":5,"travelersbackpack:white_sleeping_bag":1,"minecraft:stone_pickaxe":2,"minecraft:chest":1,"minecraft:stone_hoe":1,"minecraft:cooked_beef":9,"minecraft:crafting_table":2,"minecraft:spruce_planks":28,"travelersbackpack:backpack_tank":2,"minecraft:wooden_pickaxe":1,"minecraft:iron_helmet":1,"minecraft:bucket":1,"minecraft:stone_axe":4,"minecraft:air":0,"minecraft:iron_chestplate":1,"minecraft:shield":1,"minecraft:stick":32,"minecraft:iron_ingot":32,"minecraft:iron_pickaxe":1,"minecraft:wooden_axe":1,"minecraft:iron_leggings":1,"minecraft:torch":56}},"DataVersion":3465}