{"stats":{"minecraft:crafted":{"minecraft:cherry_planks":8,"minecraft:oak_planks":4,"minecraft:furnace":1,"minecraft:iron_axe":1,"minecraft:stone_pickaxe":1,"minecraft:chest":1,"minecraft:dark_oak_planks":8,"minecraft:crafting_table":2,"minecraft:spruce_planks":80,"minecraft:wooden_pickaxe":1,"minecraft:mangrove_planks":4,"minecraft:bucket":1,"minecraft:dark_oak_button":2,"minecraft:stone_axe":1,"minecraft:air":0,"minecraft:iron_chestplate":1,"minecraft:shield":2,"minecraft:stick":56,"minecraft:iron_ingot":22,"minecraft:wooden_axe":2,"minecraft:stone_sword":1,"minecraft:white_bed":1,"minecraft:torch":176,"minecraft:shears":1},"minecraft:mined":{"minecraft:dark_oak_planks":6,"minecraft:waxed_cut_copper_slab":4,"iceandfire:silver_ore":4,"minecraft:red_nether_bricks":8,"minecraft:grass_block":1,"minecraft:mangrove_trapdoor":1,"minecraft:iron_ore":25,"minecraft:fire":5,"minecraft:pumpkin":5,"minecraft:stripped_dark_oak_wood":5,"minecraft:peony":1,"minecraft:deepslate_iron_ore":46,"minecraft:vine":1,"minecraft:stripped_mangrove_wood":2,"minecraft:stone":44,"minecraft:white_tulip":1,"minecraft:tripwire":1,"minecraft:deepslate_redstone_ore":7,"minecraft:crafting_table":2,"minecraft:torch":2,"minecraft:calcite":3,"minecraft:nether_brick_slab":5,"minecraft:copper_ore":5,"minecraft:stone_slab":2,"minecraft:tall_grass":2,"minecraft:cobblestone":1,"minecraft:cyan_bed":2,"minecraft:wall_torch":3,"minecraft:pink_petals":35,"minecraft:sweet_berry_bush":2,"minecraft:spruce_log":3,"minecraft:grass":18,"minecraft:mangrove_slab":1,"minecraft:coal_ore":67,"minecraft:cherry_leaves":40,"minecraft:gravel":7,"minecraft:cyan_carpet":3,"minecraft:gray_carpet":4,"minecraft:cobweb":4,"minecraft:deepslate":17},"minecraft:broken":{"minecraft:stone_pickaxe":1,"minecraft:shield":1,"minecraft:iron_axe":1,"minecraft:wooden_axe":3},"minecraft:custom":{"minecraft:interact_with_smithing_table":1,"minecraft:mob_kills":43,"minecraft:interact_with_crafting_table":30,"minecraft:open_barrel":28,"minecraft:eat_cake_slice":8,"minecraft:leave_game":3,"minecraft:time_since_death":20077,"minecraft:climb_one_cm":1670,"minecraft:sprint_one_cm":503314,"minecraft:walk_one_cm":555625,"minecraft:damage_blocked_by_shield":2880,"minecraft:drop":82,"minecraft:play_noteblock":1,"minecraft:talked_to_villager":26,"minecraft:play_time":214310,"minecraft:sneak_time":3654,"minecraft:deaths":14,"minecraft:walk_under_water_one_cm":18885,"minecraft:jump":3334,"minecraft:interact_with_blast_furnace":14,"minecraft:walk_on_water_one_cm":35508,"minecraft:total_world_time":214310,"minecraft:interact_with_furnace":4,"minecraft:interact_with_loom":1,"minecraft:sleep_in_bed":11,"minecraft:time_since_rest":8971,"minecraft:damage_taken":12153,"minecraft:damage_dealt":9907,"minecraft:swim_one_cm":51592,"minecraft:fly_one_cm":476890,"minecraft:open_chest":38,"minecraft:crouch_one_cm":8193,"minecraft:fall_one_cm":94944},"minecraft:picked_up":{"minecraft:wooden_axe":1,"minecraft:iron_chestplate":8,"minecraft:shelter_pottery_sherd":1,"minecraft:crafting_table":2,"minecraft:stone_slab":2,"minecraft:wooden_pickaxe":1,"minecraft:potion":3,"iceandfire:frozen_cobblestone":1,"minecraft:shield":9,"minecraft:cornflower":1,"minecraft:string":24,"minecraft:waxed_cut_copper_slab":6,"immersive_melodies:lute":2,"minecraft:raw_copper":27,"minecraft:iron_axe":12,"minecraft:red_nether_bricks":12,"minecraft:iron_leggings":9,"minecraft:cyan_carpet":3,"minecraft:beetroot":4,"minecraft:cobbled_deepslate":103,"minecraft:bucket":7,"minecraft:spruce_planks":90,"minecraft:beef":2,"immersive_melodies:trumpet":4,"minecraft:calcite":22,"minecraft:iron_pickaxe":9,"hangglider:hang_glider":12,"immersive_melodies:triangle":2,"minecraft:phantom_membrane":1,"minecraft:egg":1,"minecraft:stick":29,"minecraft:raw_iron":264,"minecraft:sheaf_pottery_sherd":1,"minecraft:stripped_mangrove_wood":3,"minecraft:torch":161,"immersive_melodies:tiny_drum":4,"minecraft:porkchop":3,"minecraft:cake":1,"minecraft:cherry_log":56,"minecraft:carrot":191,"minecraft:redstone":31,"minecraft:mangrove_trapdoor":1,"minecraft:dark_oak_planks":18,"minecraft:stone_sword":12,"minecraft:arrow":75,"minecraft:rotten_flesh":45,"minecraft:pumpkin_pie":3,"minecraft:peony":1,"luckytntmod:dynamite_x5":1,"minecraft:stripped_dark_oak_wood":5,"minecraft:glistering_melon_slice":4,"minecraft:gold_ingot":8,"immersive_melodies:flute":4,"minecraft:mutton":5,"minecraft:white_wool":6,"minecraft:cobblestone":112,"minecraft:pink_petals":207,"minecraft:dark_oak_button":2,"minecraft:glow_ink_sac":6,"minecraft:salmon":1,"minecraft:leather":30,"minecraft:potato":2,"minecraft:flint":4,"immersive_melodies:bagpipe":2,"minecraft:tuff":9,"minecraft:oak_log":1,"minecraft:yellow_bed":2,"minecraft:gunpowder":19,"minecraft:mangrove_slab":1,"minecraft:dirt":11,"minecraft:cooked_mutton":2,"minecraft:bone":34,"minecraft:gray_carpet":8,"minecraft:wheat_seeds":2,"minecraft:raw_gold":28,"minecraft:iron_ingot":130,"minecraft:stone_pickaxe":4,"minecraft:cobweb":4,"minecraft:mangrove_planks":32,"minecraft:oak_planks":2,"minecraft:pumpkin":10,"minecraft:sweet_berries":34,"another_furniture:red_lamp":4,"minecraft:gravel":7,"minecraft:lava_bucket":1,"minecraft:spruce_sapling":2,"minecraft:blast_furnace":1,"minecraft:nether_brick_slab":6,"minecraft:spruce_log":21,"minecraft:cyan_bed":2,"minecraft:spider_eye":6,"alexsmobs:animal_dictionary":1,"minecraft:mossy_cobblestone":7,"immersive_melodies:piano":2,"minecraft:slime_ball":17,"minecraft:snort_pottery_sherd":1,"immersive_melodies:didgeridoo":3,"minecraft:cherry_sapling":23,"minecraft:golden_apple":14,"minecraft:spruce_sign":2,"minecraft:chainmail_helmet":4,"minecraft:bread":150,"minecraft:coal":115,"iceandfire:raw_silver":7,"minecraft:sunflower":10},"minecraft:killed_by":{"minecraft:skeleton":1},"minecraft:dropped":{"minecraft:wheat_seeds":1,"minecraft:glow_ink_sac":2,"minecraft:mangrove_trapdoor":1,"minecraft:dark_oak_button":4,"luckytntmod:dynamite_x5":1,"minecraft:cornflower":1,"minecraft:potion":2,"minecraft:sunflower":7,"minecraft:iron_axe":2,"minecraft:iron_pickaxe":2,"minecraft:string":2,"minecraft:spruce_sapling":1,"minecraft:bone":1,"minecraft:sweet_berries":1,"hangglider:hang_glider":2,"minecraft:stone_sword":2,"minecraft:bowl":1,"immersive_melodies:flute":2,"minecraft:cherry_sapling":1,"minecraft:rotten_flesh":7,"minecraft:stone_slab":2,"minecraft:carrot":39,"minecraft:shield":1,"minecraft:peony":1,"immersive_melodies:didgeridoo":1,"minecraft:wooden_pickaxe":1,"immersive_melodies:tiny_drum":2,"minecraft:calcite":2},"minecraft:used":{"minecraft:stone_sword":79,"minecraft:chest":1,"minecraft:shield":53,"minecraft:iron_chestplate":4,"minecraft:torch":157,"minecraft:mutton":1,"minecraft:carrot":295,"minecraft:nether_brick_slab":4,"minecraft:dark_oak_planks":6,"minecraft:wooden_axe":69,"minecraft:lava_bucket":23,"minecraft:stripped_dark_oak_wood":2,"minecraft:iron_axe":131,"minecraft:waxed_cut_copper_slab":1,"minecraft:sweet_berries":4,"minecraft:furnace":1,"minecraft:mangrove_slab":1,"minecraft:cobbled_deepslate":8,"minecraft:iron_leggings":5,"minecraft:calcite":1,"minecraft:cooked_mutton":1,"minecraft:stone_pickaxe":125,"minecraft:red_nether_bricks":8,"minecraft:oak_planks":4,"minecraft:wooden_pickaxe":3,"minecraft:chainmail_helmet":2,"minecraft:salmon":1,"minecraft:stripped_mangrove_wood":1,"minecraft:blast_furnace":1,"minecraft:mushroom_stew":1,"minecraft:crafting_table":4,"minecraft:shears":4,"minecraft:cake":1,"minecraft:spruce_log":1,"alexsmobs:terrapin_bucket":2,"minecraft:bread":19,"minecraft:cyan_bed":2,"minecraft:string":1,"minecraft:iron_pickaxe":118,"another_furniture:red_lamp":2,"minecraft:spruce_sapling":1,"minecraft:gravel":3,"minecraft:stone_axe":1,"minecraft:cobblestone":4,"minecraft:bucket":26,"minecraft:pumpkin_pie":3,"minecraft:yellow_bed":2},"minecraft:killed":{"minecraft:cave_spider":1,"minecraft:spider":8,"minecraft:slime":4,"minecraft:phantom":1,"minecraft:skeleton":9,"minecraft:zombie_villager":1,"minecraft:salmon":1,"minecraft:sheep":2,"minecraft:zombie":14}},"DataVersion":3465}