{"stats":{"minecraft:picked_up":{"minecraft:crafting_table":5,"minecraft:leather":1,"minecraft:brown_mushroom":6,"minecraft:wooden_pickaxe":2,"minecraft:red_mushroom":2,"minecraft:oak_log":67,"minecraft:dirt":10,"minecraft:raw_copper":24,"immersive_melodies:lute":2,"minecraft:apple":3,"minecraft:wheat_seeds":8,"minecraft:spruce_planks":4,"minecraft:beef":2,"hangglider:hang_glider":2,"minecraft:sugar_cane":32,"minecraft:chest":2,"minecraft:furnace":2,"biomesoplenty:toadstool":6,"minecraft:stick":4,"minecraft:raw_iron":29,"minecraft:pumpkin":54,"minecraft:torch":75,"minecraft:diorite":14,"minecraft:carrot":241,"minecraft:spruce_log":7,"alexsmobs:animal_dictionary":5,"travelersbackpack:white_sleeping_bag":8,"minecraft:arrow":2,"minecraft:rotten_flesh":5,"minecraft:granite":9,"alexsmobs:maggot":18,"minecraft:oak_sapling":3,"minecraft:mutton":6,"minecraft:white_wool":3,"minecraft:coal":73,"alexsmobs:lobster_tail":3,"minecraft:cobblestone":207},"minecraft:broken":{"minecraft:wooden_axe":1},"minecraft:killed":{"alexsmobs:lobster":2,"minecraft:sheep":3,"minecraft:zombie":2,"alexsmobs:fly":3,"minecraft:cow":1},"minecraft:used":{"minecraft:water_bucket":1,"minecraft:stone_pickaxe":89,"minecraft:chest":3,"minecraft:wooden_pickaxe":3,"minecraft:torch":82,"minecraft:dirt":4,"minecraft:crafting_table":6,"minecraft:carrot":31,"minecraft:wooden_axe":8,"minecraft:apple":1,"minecraft:iron_pickaxe":162,"travelersbackpack:white_sleeping_bag":8,"minecraft:stone_axe":51,"minecraft:cobblestone":2,"minecraft:oak_sapling":3,"minecraft:furnace":3,"minecraft:bucket":2,"alexsmobs:animal_dictionary":1},"minecraft:dropped":{"minecraft:brown_mushroom":1,"minecraft:wheat_seeds":4,"alexsmobs:animal_dictionary":3,"minecraft:rotten_flesh":5,"minecraft:leather":1,"minecraft:red_mushroom":1,"minecraft:beef":2},"minecraft:custom":{"minecraft:interact_with_furnace":8,"minecraft:mob_kills":11,"minecraft:interact_with_crafting_table":10,"minecraft:leave_game":6,"minecraft:time_since_death":79340,"minecraft:sleep_in_bed":9,"minecraft:time_since_rest":2910,"minecraft:waystone_activated":1,"minecraft:sprint_one_cm":290096,"minecraft:damage_taken":1953,"minecraft:walk_one_cm":207854,"minecraft:drop":14,"minecraft:damage_dealt":908,"minecraft:swim_one_cm":22160,"minecraft:fly_one_cm":159422,"minecraft:open_chest":19,"minecraft:crouch_one_cm":7434,"minecraft:play_time":105096,"minecraft:deaths":2,"minecraft:sneak_time":2850,"minecraft:walk_under_water_one_cm":8547,"minecraft:jump":1144,"minecraft:walk_on_water_one_cm":12929,"minecraft:total_world_time":105096,"minecraft:fall_one_cm":132914},"minecraft:mined":{"minecraft:brown_mushroom":3,"minecraft:crafting_table":5,"minecraft:torch":22,"minecraft:granite":3,"minecraft:grass_block":8,"minecraft:chest":2,"minecraft:cobblestone":2,"travelersbackpack:white_sleeping_bag":8,"minecraft:copper_ore":8,"minecraft:spruce_leaves":2,"minecraft:sugar_cane":4,"minecraft:red_mushroom":1,"minecraft:diorite":9,"minecraft:wall_torch":52,"minecraft:furnace":2,"biomesoplenty:toadstool":2,"minecraft:iron_ore":29,"minecraft:ice":1,"minecraft:spruce_log":7,"minecraft:pumpkin":18,"minecraft:grass":4,"minecraft:coal_ore":68,"minecraft:dirt":2,"minecraft:stone":120,"minecraft:fern":4},"minecraft:crafted":{"minecraft:oak_planks":8,"minecraft:crafting_table":1,"minecraft:spruce_planks":28,"minecraft:wooden_pickaxe":1,"minecraft:iron_helmet":1,"minecraft:furnace":1,"minecraft:bucket":1,"minecraft:stone_axe":1,"minecraft:air":0,"minecraft:iron_chestplate":1,"minecraft:shield":1,"minecraft:stick":20,"minecraft:iron_ingot":27,"minecraft:iron_pickaxe":1,"minecraft:stone_pickaxe":1,"minecraft:wooden_axe":1,"minecraft:chest":1,"minecraft:iron_leggings":1,"minecraft:torch":56}},"DataVersion":3465}