{"stats":{"minecraft:crafted":{"minecraft:oak_planks":16,"minecraft:chest":4,"minecraft:crafting_table":3,"minecraft:spruce_planks":120,"minecraft:wooden_pickaxe":1,"minecraft:iron_chestplate":1,"minecraft:shield":3,"minecraft:stick":100,"minecraft:iron_ingot":92,"minecraft:iron_pickaxe":2,"minecraft:stone_sword":1,"minecraft:shears":1,"minecraft:cherry_planks":8,"minecraft:furnace":1,"minecraft:flint_and_steel":1,"minecraft:iron_axe":3,"minecraft:stone_pickaxe":1,"minecraft:dark_oak_planks":8,"minecraft:wheat":314,"minecraft:coal_block":4,"minecraft:dark_oak_button":2,"minecraft:mangrove_planks":4,"minecraft:bucket":1,"minecraft:stone_axe":1,"minecraft:bread":67,"minecraft:air":0,"minecraft:wooden_axe":3,"minecraft:iron_leggings":1,"minecraft:white_bed":1,"minecraft:acacia_planks":12,"minecraft:torch":264},"minecraft:mined":{"minecraft:dark_oak_planks":7,"minecraft:waxed_cut_copper_slab":4,"minecraft:white_bed":5,"minecraft:oak_sapling":1,"minecraft:red_nether_bricks":8,"minecraft:grass_block":3,"minecraft:iron_ore":26,"minecraft:cobbled_deepslate":23,"minecraft:fire":5,"minecraft:pumpkin":10,"minecraft:stripped_dark_oak_wood":5,"minecraft:stripped_mangrove_wood":2,"minecraft:tripwire":1,"minecraft:deepslate_redstone_ore":12,"minecraft:torch":24,"minecraft:blast_furnace":1,"minecraft:calcite":5,"minecraft:chest":1,"minecraft:nether_brick_slab":5,"iceandfire:sapphire_ore":1,"minecraft:cobblestone":28,"minecraft:cyan_bed":2,"minecraft:oak_planks":1,"minecraft:iron_door":1,"minecraft:wall_torch":9,"minecraft:pink_petals":35,"minecraft:acacia_sapling":1,"minecraft:grass":27,"minecraft:oak_log":2,"minecraft:netherrack":4,"minecraft:deepslate":34,"minecraft:tuff":2,"iceandfire:silver_ore":7,"minecraft:deepslate_diamond_ore":7,"minecraft:glow_lichen":1,"minecraft:mangrove_trapdoor":1,"minecraft:moss_block":2,"minecraft:hay_block":53,"minecraft:spore_blossom":1,"minecraft:peony":1,"minecraft:deepslate_iron_ore":56,"minecraft:vine":3,"minecraft:stone":97,"minecraft:white_tulip":1,"minecraft:crafting_table":2,"minecraft:stone_slab":3,"minecraft:tall_grass":2,"minecraft:copper_ore":6,"minecraft:deepslate_coal_ore":131,"minecraft:deepslate_gold_ore":1,"minecraft:sweet_berry_bush":3,"minecraft:spruce_log":4,"minecraft:yellow_bed":1,"minecraft:mangrove_slab":1,"minecraft:coal_ore":79,"minecraft:cherry_leaves":40,"minecraft:gravel":11,"minecraft:cyan_carpet":3,"minecraft:gray_carpet":4,"minecraft:cobweb":4,"minecraft:acacia_planks":2},"minecraft:broken":{"minecraft:stone_pickaxe":1,"minecraft:wooden_axe":4,"minecraft:shield":1,"minecraft:iron_axe":1,"minecraft:iron_pickaxe":1},"minecraft:custom":{"minecraft:interact_with_crafting_table":62,"minecraft:open_barrel":45,"minecraft:bell_ring":9,"minecraft:eat_cake_slice":9,"minecraft:leave_game":10,"minecraft:time_since_death":74545,"minecraft:sprint_one_cm":1261501,"minecraft:damage_blocked_by_shield":4170,"minecraft:drop":106,"minecraft:play_noteblock":1,"minecraft:talked_to_villager":34,"minecraft:play_time":463991,"minecraft:deaths":28,"minecraft:jump":7482,"minecraft:walk_on_water_one_cm":99294,"minecraft:interact_with_furnace":5,"minecraft:interact_with_loom":1,"minecraft:sleep_in_bed":19,"minecraft:waystone_activated":2,"minecraft:damage_dealt":14360,"minecraft:crouch_one_cm":18130,"minecraft:interact_with_smithing_table":5,"minecraft:mob_kills":75,"minecraft:interact_with_campfire":13,"minecraft:climb_one_cm":8530,"minecraft:walk_one_cm":983579,"minecraft:sneak_time":7688,"minecraft:walk_under_water_one_cm":46015,"minecraft:interact_with_blast_furnace":36,"minecraft:total_world_time":463991,"minecraft:tune_noteblock":4,"minecraft:time_since_rest":44709,"minecraft:damage_taken":20572,"minecraft:damage_absorbed":40,"minecraft:swim_one_cm":119566,"minecraft:fly_one_cm":1173428,"minecraft:open_chest":132,"minecraft:fall_one_cm":247810},"minecraft:picked_up":{"minecraft:wooden_axe":1,"minecraft:iron_chestplate":12,"minecraft:wheat":37,"minecraft:stone_slab":3,"minecraft:potion":3,"minecraft:string":32,"minecraft:waxed_cut_copper_slab":6,"minecraft:raw_copper":31,"minecraft:red_nether_bricks":12,"minecraft:iron_leggings":10,"minecraft:beetroot":4,"alexsmobs:emu_feather":2,"minecraft:cobbled_deepslate":190,"minecraft:bucket":7,"minecraft:spruce_planks":94,"minecraft:redstone_torch":4,"minecraft:calcite":26,"minecraft:iron_pickaxe":14,"hangglider:hang_glider":14,"immersive_melodies:triangle":2,"minecraft:iron_boots":1,"minecraft:stick":55,"minecraft:sheaf_pottery_sherd":1,"minecraft:oak_fence":8,"minecraft:torch":225,"minecraft:acacia_log":61,"minecraft:porkchop":11,"minecraft:cherry_log":56,"minecraft:stone_sword":13,"minecraft:rotten_flesh":69,"alexsmobs:emu_egg":1,"immersive_melodies:flute":4,"minecraft:cobblestone":229,"minecraft:pink_petals":207,"iceandfire:sapphire_gem":4,"minecraft:feather":5,"minecraft:cooked_beef":7,"minecraft:water_bucket":1,"minecraft:potato":2,"minecraft:flint":5,"minecraft:tuff":14,"minecraft:dirt":18,"minecraft:mangrove_slab":1,"minecraft:bone":57,"minecraft:acacia_planks":2,"minecraft:bow":2,"minecraft:wheat_seeds":4,"minecraft:raw_gold":29,"minecraft:moss_block":2,"minecraft:oak_planks":8,"minecraft:cooked_porkchop":8,"minecraft:cyan_bed":2,"alexsmobs:animal_dictionary":1,"minecraft:mossy_cobblestone":7,"immersive_melodies:piano":2,"minecraft:diamond":14,"minecraft:golden_apple":14,"minecraft:spruce_sign":2,"minecraft:bread":150,"minecraft:chainmail_helmet":5,"minecraft:oak_sapling":5,"minecraft:netherrack":4,"iceandfire:raw_silver":11,"minecraft:shelter_pottery_sherd":1,"minecraft:crafting_table":2,"minecraft:chicken":2,"minecraft:redstone_lamp":6,"minecraft:wooden_pickaxe":1,"iceandfire:frozen_cobblestone":1,"minecraft:shield":13,"minecraft:cornflower":1,"minecraft:iron_axe":17,"immersive_melodies:lute":2,"minecraft:cyan_carpet":3,"minecraft:beef":8,"immersive_melodies:trumpet":4,"minecraft:chest":2,"minecraft:piston":15,"minecraft:phantom_membrane":1,"minecraft:egg":3,"minecraft:raw_iron":338,"minecraft:stripped_mangrove_wood":3,"minecraft:stone":27,"immersive_melodies:tiny_drum":4,"minecraft:cake":1,"minecraft:carrot":194,"minecraft:redstone":130,"minecraft:mangrove_trapdoor":1,"minecraft:dark_oak_planks":19,"minecraft:arrow":93,"minecraft:pumpkin_pie":3,"minecraft:peony":1,"minecraft:shears":1,"minecraft:hay_block":118,"luckytntmod:dynamite_x5":1,"minecraft:stripped_dark_oak_wood":5,"minecraft:glistering_melon_slice":4,"minecraft:saddle":1,"minecraft:gold_ingot":8,"minecraft:mutton":8,"minecraft:white_wool":7,"minecraft:dark_oak_button":2,"minecraft:glow_ink_sac":10,"minecraft:salmon":1,"minecraft:leather":34,"alexsmobs:acacia_blossom":3,"minecraft:filled_map":1,"immersive_melodies:bagpipe":2,"minecraft:oak_log":9,"minecraft:yellow_bed":3,"minecraft:gunpowder":28,"minecraft:cooked_mutton":9,"minecraft:gray_carpet":8,"minecraft:cobweb":4,"minecraft:spore_blossom":3,"minecraft:iron_ingot":141,"minecraft:stone_pickaxe":4,"minecraft:cooked_chicken":2,"minecraft:mangrove_planks":32,"minecraft:acacia_sapling":9,"minecraft:pumpkin":15,"minecraft:sweet_berries":39,"another_furniture:red_lamp":4,"minecraft:gravel":13,"minecraft:lava_bucket":1,"minecraft:spruce_sapling":2,"minecraft:blast_furnace":2,"minecraft:white_bed":6,"minecraft:spruce_log":318,"minecraft:nether_brick_slab":6,"minecraft:spider_eye":8,"minecraft:slime_ball":17,"minecraft:snort_pottery_sherd":1,"minecraft:stone_axe":1,"minecraft:iron_helmet":1,"immersive_melodies:didgeridoo":3,"minecraft:cherry_sapling":23,"minecraft:coal":457,"minecraft:sunflower":11},"minecraft:killed_by":{"minecraft:skeleton":1},"minecraft:dropped":{"minecraft:glow_ink_sac":4,"minecraft:spore_blossom":2,"minecraft:dark_oak_button":4,"luckytntmod:dynamite_x5":1,"minecraft:cornflower":1,"minecraft:sunflower":8,"minecraft:iron_pickaxe":2,"minecraft:bone":1,"hangglider:hang_glider":2,"minecraft:wheat":65,"minecraft:cherry_sapling":1,"immersive_melodies:flute":2,"minecraft:rotten_flesh":13,"minecraft:carrot":39,"immersive_melodies:didgeridoo":1,"immersive_melodies:tiny_drum":2,"minecraft:wheat_seeds":1,"minecraft:mangrove_trapdoor":1,"minecraft:iron_helmet":1,"minecraft:potion":2,"minecraft:iron_axe":3,"minecraft:string":6,"minecraft:spruce_sapling":1,"minecraft:sweet_berries":1,"minecraft:stone_sword":2,"minecraft:bowl":1,"minecraft:iron_boots":1,"minecraft:stone_slab":2,"minecraft:hay_block":65,"minecraft:shield":2,"minecraft:peony":1,"minecraft:iron_chestplate":2,"minecraft:spider_eye":1,"minecraft:spruce_log":74,"minecraft:wooden_pickaxe":1,"minecraft:calcite":2},"minecraft:used":{"minecraft:moss_block":2,"minecraft:chest":5,"minecraft:shield":83,"minecraft:iron_sword":7,"minecraft:iron_chestplate":6,"minecraft:mutton":1,"minecraft:carrot":362,"minecraft:acacia_sapling":9,"minecraft:tuff":3,"minecraft:lava_bucket":23,"minecraft:stripped_dark_oak_wood":2,"minecraft:iron_helmet":2,"minecraft:bow":5,"minecraft:sweet_berries":10,"minecraft:furnace":1,"minecraft:oak_sapling":5,"minecraft:mangrove_slab":1,"minecraft:egg":1,"minecraft:potato":5,"minecraft:stone_pickaxe":125,"minecraft:oak_planks":4,"minecraft:wooden_pickaxe":3,"minecraft:chainmail_helmet":2,"minecraft:golden_apple":2,"minecraft:stripped_mangrove_wood":1,"minecraft:mushroom_stew":1,"minecraft:blast_furnace":2,"minecraft:shears":4,"alexsmobs:terrapin_bucket":2,"minecraft:cyan_bed":2,"minecraft:bread":62,"minecraft:string":1,"minecraft:gravel":9,"minecraft:stone_sword":80,"minecraft:flint_and_steel":1,"minecraft:spruce_planks":1,"minecraft:cooked_chicken":1,"minecraft:torch":284,"minecraft:dirt":1,"minecraft:nether_brick_slab":4,"minecraft:dark_oak_planks":6,"minecraft:wooden_axe":81,"minecraft:iron_axe":229,"minecraft:iron_boots":1,"minecraft:waxed_cut_copper_slab":1,"minecraft:beef":1,"minecraft:cooked_beef":5,"minecraft:acacia_planks":7,"minecraft:cobbled_deepslate":48,"minecraft:iron_leggings":7,"minecraft:calcite":3,"minecraft:cooked_mutton":3,"minecraft:red_nether_bricks":8,"minecraft:salmon":1,"minecraft:crafting_table":5,"minecraft:white_bed":6,"minecraft:cake":1,"minecraft:spruce_log":2,"minecraft:apple":2,"minecraft:iron_pickaxe":427,"another_furniture:red_lamp":2,"minecraft:spruce_sapling":1,"minecraft:stone_axe":3,"minecraft:cobblestone":43,"minecraft:cooked_porkchop":5,"minecraft:bucket":26,"minecraft:yellow_bed":3,"minecraft:pumpkin_pie":3,"alexsmobs:animal_dictionary":8,"alexsmobs:emu_egg":1},"minecraft:killed":{"minecraft:cave_spider":1,"minecraft:spider":10,"minecraft:skeleton":20,"minecraft:chicken":2,"minecraft:pig":2,"minecraft:zombie_villager":2,"minecraft:salmon":1,"minecraft:sheep":3,"minecraft:zombie":21,"alexsmobs:fly":1,"minecraft:cow":3,"minecraft:slime":4,"minecraft:phantom":1,"alexsmobs:emu":1,"alexsmobs:gazelle":1}},"DataVersion":3465}