{"stats":{"minecraft:picked_up":{"biomesoplenty:toadstool":2,"minecraft:raw_iron":17,"minecraft:stick":4,"minecraft:crafting_table":2,"minecraft:pumpkin":18,"minecraft:brown_mushroom":1,"minecraft:torch":5,"minecraft:oak_log":45,"minecraft:spruce_log":7,"alexsmobs:animal_dictionary":3,"minecraft:dirt":3,"travelersbackpack:white_sleeping_bag":3,"minecraft:apple":1,"minecraft:arrow":2,"minecraft:rotten_flesh":1,"minecraft:wheat_seeds":2,"minecraft:granite":3,"alexsmobs:maggot":6,"minecraft:oak_sapling":3,"minecraft:sugar_cane":8,"minecraft:coal":18,"alexsmobs:lobster_tail":1,"minecraft:cobblestone":42},"minecraft:broken":{"minecraft:wooden_axe":1},"minecraft:killed":{"alexsmobs:lobster":2,"alexsmobs:fly":3},"minecraft:used":{"minecraft:wooden_axe":8,"minecraft:stone_pickaxe":78,"travelersbackpack:white_sleeping_bag":3,"minecraft:wooden_pickaxe":3,"minecraft:stone_axe":29,"minecraft:torch":16,"minecraft:dirt":3,"minecraft:crafting_table":3,"minecraft:furnace":1,"minecraft:oak_sapling":3,"minecraft:carrot":21,"alexsmobs:animal_dictionary":1},"minecraft:dropped":{"alexsmobs:animal_dictionary":3,"minecraft:rotten_flesh":1},"minecraft:custom":{"minecraft:time_since_rest":5176,"minecraft:waystone_activated":1,"minecraft:interact_with_furnace":1,"minecraft:sprint_one_cm":194174,"minecraft:damage_taken":1890,"minecraft:walk_one_cm":153858,"minecraft:mob_kills":5,"minecraft:drop":4,"minecraft:damage_dealt":186,"minecraft:swim_one_cm":22160,"minecraft:interact_with_crafting_table":5,"minecraft:fly_one_cm":140035,"minecraft:open_chest":14,"minecraft:crouch_one_cm":7420,"minecraft:play_time":69096,"minecraft:deaths":2,"minecraft:sneak_time":2774,"minecraft:walk_under_water_one_cm":8452,"minecraft:jump":648,"minecraft:leave_game":6,"minecraft:time_since_death":43340,"minecraft:walk_on_water_one_cm":11187,"minecraft:sleep_in_bed":3,"minecraft:total_world_time":69096,"minecraft:fall_one_cm":129819},"minecraft:mined":{"minecraft:brown_mushroom":1,"biomesoplenty:toadstool":2,"minecraft:iron_ore":17,"minecraft:spruce_log":7,"minecraft:pumpkin":18,"minecraft:torch":2,"minecraft:crafting_table":2,"minecraft:granite":3,"minecraft:grass":3,"minecraft:grass_block":3,"minecraft:coal_ore":18,"travelersbackpack:white_sleeping_bag":3,"minecraft:spruce_leaves":2,"minecraft:stone":42,"minecraft:sugar_cane":4,"minecraft:wall_torch":3,"minecraft:fern":4},"minecraft:crafted":{"minecraft:crafting_table":1,"minecraft:spruce_planks":28,"minecraft:stick":8,"minecraft:wooden_pickaxe":1,"minecraft:stone_pickaxe":1,"minecraft:wooden_axe":1,"minecraft:furnace":1,"minecraft:torch":16,"minecraft:stone_axe":1}},"DataVersion":3465}