{"stats":{"minecraft:crafted":{"minecraft:cherry_planks":8,"minecraft:oak_planks":12,"minecraft:furnace":1,"minecraft:flint_and_steel":1,"minecraft:iron_axe":2,"minecraft:stone_pickaxe":1,"minecraft:chest":3,"minecraft:dark_oak_planks":8,"minecraft:wheat":314,"minecraft:crafting_table":3,"minecraft:spruce_planks":116,"minecraft:wooden_pickaxe":1,"minecraft:mangrove_planks":4,"minecraft:bucket":1,"minecraft:dark_oak_button":2,"minecraft:stone_axe":1,"minecraft:bread":67,"minecraft:air":0,"minecraft:iron_chestplate":1,"minecraft:shield":3,"minecraft:stick":84,"minecraft:iron_ingot":30,"minecraft:iron_pickaxe":1,"minecraft:wooden_axe":3,"minecraft:stone_sword":1,"minecraft:white_bed":1,"minecraft:acacia_planks":12,"minecraft:torch":264,"minecraft:shears":1},"minecraft:mined":{"minecraft:dark_oak_planks":7,"minecraft:waxed_cut_copper_slab":4,"minecraft:tuff":2,"minecraft:white_bed":3,"iceandfire:silver_ore":5,"minecraft:deepslate_diamond_ore":7,"minecraft:red_nether_bricks":8,"minecraft:glow_lichen":1,"minecraft:grass_block":2,"minecraft:mangrove_trapdoor":1,"minecraft:moss_block":2,"minecraft:spore_blossom":1,"minecraft:hay_block":53,"minecraft:iron_ore":26,"minecraft:fire":5,"minecraft:cobbled_deepslate":23,"minecraft:pumpkin":10,"minecraft:stripped_dark_oak_wood":5,"minecraft:peony":1,"minecraft:vine":3,"minecraft:deepslate_iron_ore":56,"minecraft:stripped_mangrove_wood":2,"minecraft:white_tulip":1,"minecraft:stone":55,"minecraft:tripwire":1,"minecraft:deepslate_redstone_ore":12,"minecraft:torch":24,"minecraft:crafting_table":2,"minecraft:blast_furnace":1,"minecraft:calcite":5,"minecraft:chest":1,"minecraft:copper_ore":5,"minecraft:tall_grass":2,"minecraft:nether_brick_slab":5,"minecraft:stone_slab":3,"iceandfire:sapphire_ore":1,"minecraft:deepslate_coal_ore":131,"minecraft:cobblestone":28,"minecraft:deepslate_gold_ore":1,"minecraft:cyan_bed":2,"minecraft:oak_planks":1,"minecraft:iron_door":1,"minecraft:wall_torch":9,"minecraft:pink_petals":35,"minecraft:sweet_berry_bush":3,"minecraft:spruce_log":4,"minecraft:yellow_bed":1,"minecraft:grass":25,"minecraft:mangrove_slab":1,"minecraft:coal_ore":70,"minecraft:oak_log":2,"minecraft:cherry_leaves":40,"minecraft:cyan_carpet":3,"minecraft:gravel":11,"minecraft:gray_carpet":4,"minecraft:cobweb":4,"minecraft:acacia_planks":2,"minecraft:netherrack":4,"minecraft:deepslate":34},"minecraft:broken":{"minecraft:stone_pickaxe":1,"minecraft:shield":1,"minecraft:iron_axe":1,"minecraft:wooden_axe":4},"minecraft:custom":{"minecraft:interact_with_smithing_table":2,"minecraft:mob_kills":74,"minecraft:interact_with_crafting_table":50,"minecraft:open_barrel":44,"minecraft:interact_with_campfire":13,"minecraft:bell_ring":9,"minecraft:eat_cake_slice":9,"minecraft:leave_game":6,"minecraft:time_since_death":65013,"minecraft:climb_one_cm":8324,"minecraft:sprint_one_cm":1093477,"minecraft:walk_one_cm":855800,"minecraft:damage_blocked_by_shield":4170,"minecraft:drop":99,"minecraft:play_noteblock":1,"minecraft:talked_to_villager":31,"minecraft:play_time":374564,"minecraft:sneak_time":6630,"minecraft:deaths":25,"minecraft:walk_under_water_one_cm":42525,"minecraft:jump":6591,"minecraft:interact_with_blast_furnace":17,"minecraft:walk_on_water_one_cm":87011,"minecraft:total_world_time":374564,"minecraft:interact_with_furnace":5,"minecraft:tune_noteblock":4,"minecraft:interact_with_loom":1,"minecraft:sleep_in_bed":18,"minecraft:time_since_rest":14774,"minecraft:damage_taken":18930,"minecraft:damage_absorbed":40,"minecraft:damage_dealt":14301,"minecraft:swim_one_cm":114970,"minecraft:fly_one_cm":976510,"minecraft:open_chest":75,"minecraft:crouch_one_cm":16054,"minecraft:fall_one_cm":209556},"minecraft:picked_up":{"minecraft:wooden_axe":1,"minecraft:iron_chestplate":10,"minecraft:shelter_pottery_sherd":1,"minecraft:crafting_table":2,"minecraft:wheat":37,"minecraft:chicken":2,"minecraft:redstone_lamp":6,"minecraft:stone_slab":3,"minecraft:wooden_pickaxe":1,"minecraft:potion":3,"iceandfire:frozen_cobblestone":1,"minecraft:shield":13,"minecraft:cornflower":1,"minecraft:string":32,"minecraft:waxed_cut_copper_slab":6,"immersive_melodies:lute":2,"minecraft:raw_copper":28,"minecraft:iron_axe":17,"minecraft:red_nether_bricks":12,"minecraft:iron_leggings":10,"minecraft:cyan_carpet":3,"minecraft:beetroot":4,"alexsmobs:emu_feather":2,"minecraft:cobbled_deepslate":190,"minecraft:bucket":7,"minecraft:spruce_planks":94,"minecraft:beef":8,"minecraft:redstone_torch":4,"immersive_melodies:trumpet":4,"minecraft:calcite":26,"minecraft:iron_pickaxe":14,"hangglider:hang_glider":14,"immersive_melodies:triangle":2,"minecraft:chest":2,"minecraft:piston":15,"minecraft:phantom_membrane":1,"minecraft:egg":3,"minecraft:raw_iron":338,"minecraft:stick":45,"minecraft:stripped_mangrove_wood":3,"minecraft:sheaf_pottery_sherd":1,"minecraft:stone":27,"minecraft:oak_fence":8,"minecraft:acacia_log":37,"minecraft:torch":224,"immersive_melodies:tiny_drum":4,"minecraft:porkchop":11,"minecraft:cake":1,"minecraft:cherry_log":56,"minecraft:carrot":194,"minecraft:redstone":130,"minecraft:mangrove_trapdoor":1,"minecraft:dark_oak_planks":19,"minecraft:stone_sword":13,"minecraft:arrow":93,"minecraft:rotten_flesh":67,"minecraft:pumpkin_pie":3,"minecraft:peony":1,"alexsmobs:emu_egg":1,"minecraft:shears":1,"minecraft:hay_block":118,"luckytntmod:dynamite_x5":1,"minecraft:stripped_dark_oak_wood":5,"minecraft:gold_ingot":8,"minecraft:saddle":1,"minecraft:glistering_melon_slice":4,"immersive_melodies:flute":4,"minecraft:mutton":8,"minecraft:white_wool":7,"minecraft:cobblestone":184,"minecraft:pink_petals":207,"iceandfire:sapphire_gem":4,"minecraft:cooked_beef":7,"minecraft:feather":5,"minecraft:dark_oak_button":2,"minecraft:glow_ink_sac":9,"minecraft:water_bucket":1,"minecraft:salmon":1,"minecraft:leather":34,"alexsmobs:acacia_blossom":1,"minecraft:potato":2,"minecraft:filled_map":1,"minecraft:flint":5,"immersive_melodies:bagpipe":2,"minecraft:tuff":14,"minecraft:oak_log":3,"minecraft:yellow_bed":3,"minecraft:gunpowder":19,"minecraft:mangrove_slab":1,"minecraft:dirt":12,"minecraft:acacia_planks":2,"minecraft:cooked_mutton":9,"minecraft:bone":57,"minecraft:gray_carpet":8,"minecraft:bow":2,"minecraft:wheat_seeds":4,"minecraft:raw_gold":29,"minecraft:spore_blossom":3,"minecraft:iron_ingot":141,"minecraft:stone_pickaxe":4,"minecraft:cooked_chicken":2,"minecraft:cobweb":4,"minecraft:moss_block":2,"minecraft:mangrove_planks":32,"minecraft:oak_planks":8,"minecraft:cooked_porkchop":8,"minecraft:pumpkin":15,"minecraft:sweet_berries":39,"another_furniture:red_lamp":4,"minecraft:gravel":13,"minecraft:lava_bucket":1,"minecraft:spruce_sapling":2,"minecraft:blast_furnace":2,"minecraft:nether_brick_slab":6,"minecraft:white_bed":4,"minecraft:spruce_log":318,"minecraft:cyan_bed":2,"minecraft:spider_eye":8,"alexsmobs:animal_dictionary":1,"minecraft:mossy_cobblestone":7,"immersive_melodies:piano":2,"minecraft:slime_ball":17,"minecraft:snort_pottery_sherd":1,"minecraft:diamond":14,"minecraft:stone_axe":1,"immersive_melodies:didgeridoo":3,"minecraft:cherry_sapling":23,"minecraft:golden_apple":14,"minecraft:spruce_sign":2,"minecraft:chainmail_helmet":5,"minecraft:bread":150,"minecraft:netherrack":4,"minecraft:coal":448,"iceandfire:raw_silver":9,"minecraft:sunflower":10},"minecraft:killed_by":{"minecraft:skeleton":1},"minecraft:dropped":{"minecraft:wheat_seeds":1,"minecraft:glow_ink_sac":4,"minecraft:mangrove_trapdoor":1,"minecraft:spore_blossom":2,"minecraft:dark_oak_button":4,"luckytntmod:dynamite_x5":1,"minecraft:cornflower":1,"minecraft:potion":2,"minecraft:sunflower":7,"minecraft:iron_axe":3,"minecraft:iron_pickaxe":2,"minecraft:string":6,"minecraft:spruce_sapling":1,"minecraft:bone":1,"minecraft:sweet_berries":1,"hangglider:hang_glider":2,"minecraft:stone_sword":2,"minecraft:bowl":1,"minecraft:wheat":65,"immersive_melodies:flute":2,"minecraft:cherry_sapling":1,"minecraft:rotten_flesh":11,"minecraft:stone_slab":2,"minecraft:carrot":39,"minecraft:hay_block":65,"minecraft:shield":2,"minecraft:peony":1,"minecraft:spider_eye":1,"immersive_melodies:didgeridoo":1,"minecraft:spruce_log":74,"minecraft:wooden_pickaxe":1,"immersive_melodies:tiny_drum":2,"minecraft:calcite":2},"minecraft:used":{"minecraft:stone_sword":80,"minecraft:flint_and_steel":1,"minecraft:chest":4,"minecraft:spruce_planks":1,"minecraft:shield":83,"minecraft:iron_sword":6,"minecraft:cooked_chicken":1,"minecraft:iron_chestplate":5,"minecraft:torch":274,"minecraft:mutton":1,"minecraft:dirt":1,"minecraft:carrot":316,"minecraft:nether_brick_slab":4,"minecraft:tuff":3,"minecraft:dark_oak_planks":6,"minecraft:wooden_axe":81,"minecraft:lava_bucket":23,"minecraft:stripped_dark_oak_wood":2,"minecraft:iron_axe":225,"minecraft:iron_helmet":1,"minecraft:bow":5,"minecraft:waxed_cut_copper_slab":1,"minecraft:beef":1,"minecraft:sweet_berries":10,"minecraft:furnace":1,"minecraft:mangrove_slab":1,"minecraft:egg":1,"minecraft:potato":5,"minecraft:cooked_beef":5,"minecraft:acacia_planks":7,"minecraft:cobbled_deepslate":48,"minecraft:iron_leggings":6,"minecraft:calcite":3,"minecraft:cooked_mutton":3,"minecraft:stone_pickaxe":125,"minecraft:oak_planks":4,"minecraft:red_nether_bricks":8,"minecraft:wooden_pickaxe":3,"minecraft:chainmail_helmet":2,"minecraft:salmon":1,"minecraft:stripped_mangrove_wood":1,"minecraft:golden_apple":2,"minecraft:blast_furnace":2,"minecraft:mushroom_stew":1,"minecraft:crafting_table":5,"minecraft:white_bed":4,"minecraft:spruce_log":2,"minecraft:cake":1,"minecraft:shears":4,"alexsmobs:terrapin_bucket":2,"minecraft:apple":2,"minecraft:bread":60,"minecraft:cyan_bed":2,"minecraft:iron_pickaxe":373,"minecraft:string":1,"another_furniture:red_lamp":2,"minecraft:gravel":9,"minecraft:spruce_sapling":1,"minecraft:stone_axe":3,"minecraft:cobblestone":34,"minecraft:cooked_porkchop":5,"minecraft:bucket":26,"minecraft:pumpkin_pie":3,"minecraft:yellow_bed":3,"minecraft:moss_block":2},"minecraft:killed":{"minecraft:cave_spider":1,"minecraft:spider":10,"minecraft:slime":4,"minecraft:phantom":1,"minecraft:skeleton":20,"minecraft:chicken":2,"minecraft:pig":2,"minecraft:zombie_villager":2,"minecraft:salmon":1,"alexsmobs:emu":1,"minecraft:sheep":3,"minecraft:zombie":21,"alexsmobs:gazelle":1,"minecraft:cow":3}},"DataVersion":3465}