{"stats":{"minecraft:crafted":{"minecraft:crafting_table":1,"minecraft:spruce_planks":56,"minecraft:wooden_pickaxe":1,"minecraft:stick":8,"minecraft:stone_pickaxe":1,"minecraft:wooden_axe":2},"minecraft:mined":{"minecraft:crafting_table":1,"minecraft:grass_block":1,"minecraft:stone_slab":2,"minecraft:copper_ore":5,"minecraft:tall_grass":1,"minecraft:sweet_berry_bush":2,"minecraft:spruce_log":3,"minecraft:pumpkin":5,"minecraft:grass":5,"minecraft:coal_ore":6,"minecraft:cherry_leaves":40,"minecraft:stone":18,"minecraft:tripwire":1},"minecraft:broken":{"minecraft:wooden_axe":1},"minecraft:custom":{"minecraft:mob_kills":7,"minecraft:interact_with_crafting_table":6,"minecraft:leave_game":1,"minecraft:time_since_death":39240,"minecraft:time_since_rest":39272,"minecraft:sprint_one_cm":72575,"minecraft:damage_taken":1965,"minecraft:walk_one_cm":195500,"minecraft:drop":47,"minecraft:damage_dealt":414,"minecraft:swim_one_cm":30325,"minecraft:talked_to_villager":26,"minecraft:fly_one_cm":171722,"minecraft:open_chest":17,"minecraft:crouch_one_cm":4765,"minecraft:play_time":77838,"minecraft:deaths":1,"minecraft:sneak_time":2098,"minecraft:walk_under_water_one_cm":8072,"minecraft:jump":1016,"minecraft:walk_on_water_one_cm":10591,"minecraft:total_world_time":77838,"minecraft:fall_one_cm":40704},"minecraft:picked_up":{"minecraft:crafting_table":1,"minecraft:leather":2,"minecraft:stone_slab":2,"minecraft:wooden_pickaxe":1,"immersive_melodies:bagpipe":2,"minecraft:dirt":11,"minecraft:string":2,"minecraft:raw_copper":21,"immersive_melodies:lute":2,"minecraft:bone":3,"minecraft:beef":2,"immersive_melodies:trumpet":4,"hangglider:hang_glider":1,"immersive_melodies:triangle":2,"minecraft:oak_planks":2,"minecraft:phantom_membrane":1,"minecraft:stick":12,"minecraft:pumpkin":10,"minecraft:sweet_berries":29,"another_furniture:red_lamp":4,"immersive_melodies:tiny_drum":3,"minecraft:porkchop":3,"minecraft:cherry_log":28,"minecraft:carrot":33,"minecraft:spruce_log":15,"alexsmobs:animal_dictionary":1,"immersive_melodies:piano":2,"minecraft:rotten_flesh":4,"minecraft:slime_ball":7,"immersive_melodies:didgeridoo":3,"luckytntmod:dynamite_x5":1,"minecraft:cherry_sapling":3,"immersive_melodies:flute":4,"minecraft:mutton":5,"minecraft:coal":5,"minecraft:white_wool":5,"minecraft:cobblestone":18,"minecraft:sunflower":8},"minecraft:dropped":{"minecraft:sweet_berries":1,"hangglider:hang_glider":1,"immersive_melodies:flute":2,"luckytntmod:dynamite_x5":1,"minecraft:carrot":31,"immersive_melodies:didgeridoo":1,"minecraft:sunflower":7,"minecraft:wooden_pickaxe":1,"immersive_melodies:tiny_drum":2,"minecraft:string":1},"minecraft:used":{"minecraft:stone_pickaxe":29,"minecraft:wooden_pickaxe":3,"minecraft:mutton":1,"minecraft:crafting_table":1,"minecraft:carrot":52,"minecraft:spruce_log":1,"minecraft:wooden_axe":14,"another_furniture:red_lamp":2},"minecraft:killed":{"minecraft:slime":4,"minecraft:phantom":1,"minecraft:sheep":2}},"DataVersion":3465}