{"stats":{"minecraft:mined":{"minecraft:grass":1},"minecraft:custom":{"minecraft:open_chest":2,"minecraft:time_since_rest":15083,"minecraft:crouch_one_cm":841,"minecraft:sprint_one_cm":18880,"minecraft:interact_with_furnace":1,"minecraft:play_time":15083,"minecraft:damage_taken":50,"minecraft:walk_one_cm":13419,"minecraft:sneak_time":186,"minecraft:drop":1,"minecraft:jump":122,"minecraft:damage_dealt":100,"minecraft:leave_game":5,"minecraft:time_since_death":15083,"minecraft:total_world_time":15083,"minecraft:interact_with_crafting_table":1,"minecraft:fall_one_cm":1844,"minecraft:fly_one_cm":28768},"minecraft:picked_up":{"immersive_melodies:lute":1,"fossilsorigins:mosasaurus_egg":1,"minecraft:wheat_seeds":1},"minecraft:dropped":{"minecraft:wheat_seeds":1},"minecraft:used":{"alexsmobs:animal_dictionary":3,"fossilsorigins:mosasaurus_egg":1}},"DataVersion":3465}