{"stats":{"minecraft:used":{"minecraft:carrot":1},"minecraft:custom":{"minecraft:jump":40,"minecraft:open_chest":12,"minecraft:time_since_rest":9938,"minecraft:damage_dealt":38,"minecraft:waystone_activated":1,"minecraft:damage_taken":20,"minecraft:crouch_one_cm":634,"minecraft:leave_game":1,"minecraft:play_time":9938,"minecraft:sprint_one_cm":25886,"minecraft:time_since_death":9938,"minecraft:walk_on_water_one_cm":857,"minecraft:walk_one_cm":27094,"minecraft:sneak_time":158,"minecraft:total_world_time":9938,"minecraft:walk_under_water_one_cm":937,"minecraft:fall_one_cm":544,"minecraft:fly_one_cm":32485}},"DataVersion":3465}