{"stats":{"minecraft:crafted":{"minecraft:stone_shovel":1,"minecraft:crafting_table":2,"minecraft:spruce_planks":68,"minecraft:furnace":1,"iceandfire:armor_copper_metal_leggings":1,"minecraft:copper_ingot":24,"minecraft:stone_axe":1,"iceandfire:armor_copper_metal_helmet":1,"minecraft:air":0,"iceandfire:armor_copper_metal_boots":1,"minecraft:shield":3,"minecraft:stick":24,"iceandfire:armor_copper_metal_chestplate":1,"minecraft:iron_ingot":3,"minecraft:stone_pickaxe":2,"minecraft:torch":40},"minecraft:mined":{"iceandfire:silver_ore":3,"minecraft:mossy_cobblestone":1,"minecraft:crafting_table":2,"minecraft:stone_slab":1,"minecraft:cobblestone":6,"minecraft:furnace":1,"minecraft:iron_ore":13,"minecraft:spruce_log":16,"minecraft:grass":6,"minecraft:coal_ore":47,"minecraft:vine":1,"minecraft:sand":2,"fossilsorigins:fossilised_sand":9,"minecraft:stone":160},"minecraft:broken":{"minecraft:stone_pickaxe":1},"minecraft:custom":{"minecraft:interact_with_furnace":8,"minecraft:mob_kills":6,"minecraft:interact_with_crafting_table":10,"minecraft:leave_game":9,"minecraft:time_since_death":31083,"minecraft:climb_one_cm":1046,"minecraft:time_since_rest":31108,"minecraft:waystone_activated":1,"minecraft:sprint_one_cm":201576,"minecraft:damage_taken":1364,"minecraft:walk_one_cm":105973,"minecraft:damage_blocked_by_shield":30,"minecraft:drop":129,"minecraft:damage_dealt":881,"minecraft:swim_one_cm":67188,"minecraft:fly_one_cm":176368,"minecraft:open_chest":12,"minecraft:crouch_one_cm":7644,"minecraft:play_time":60493,"minecraft:deaths":1,"minecraft:sneak_time":1786,"minecraft:walk_under_water_one_cm":8924,"minecraft:jump":1007,"minecraft:walk_on_water_one_cm":11125,"minecraft:total_world_time":60493,"minecraft:fall_one_cm":27363},"minecraft:picked_up":{"fossilsorigins:mosasaurus_egg":1,"minecraft:crafting_table":2,"minecraft:golden_pickaxe":2,"minecraft:stone_slab":1,"minecraft:wooden_pickaxe":2,"minecraft:gunpowder":3,"minecraft:string":1,"immersive_melodies:lute":2,"artifacts:fire_gauntlet":1,"minecraft:wheat_seeds":1,"minecraft:gold_nugget":8,"minecraft:stone_pickaxe":2,"minecraft:cooked_chicken":1,"minecraft:iron_nugget":18,"hangglider:hang_glider":1,"minecraft:egg":2,"minecraft:furnace":1,"minecraft:golden_helmet":1,"minecraft:raw_iron":13,"minecraft:gravel":7,"minecraft:fire_charge":1,"minecraft:sand":2,"minecraft:spruce_log":17,"minecraft:carrot":122,"minecraft:spider_eye":3,"alexsmobs:animal_dictionary":2,"minecraft:mossy_cobblestone":2,"minecraft:arrow":1,"iceandfire:silver_sword":1,"minecraft:coal":71,"iceandfire:raw_silver":4,"minecraft:cobblestone":169},"minecraft:dropped":{"iceandfire:raw_silver":2,"minecraft:wheat_seeds":1,"alexsmobs:animal_dictionary":1,"minecraft:golden_pickaxe":2,"minecraft:stone_slab":1,"iceandfire:armor_copper_metal_helmet":1,"minecraft:carrot":119,"minecraft:shield":2,"minecraft:stone_pickaxe":1},"minecraft:used":{"iceandfire:silver_sword":14,"minecraft:stone_shovel":2,"minecraft:stone_pickaxe":207,"minecraft:shield":2,"minecraft:wooden_pickaxe":11,"fossilsorigins:mosasaurus_egg":1,"minecraft:torch":35,"minecraft:mossy_cobblestone":2,"minecraft:sand":2,"minecraft:crafting_table":4,"minecraft:carrot":51,"minecraft:gravel":6,"minecraft:golden_helmet":1,"minecraft:stone_axe":12,"minecraft:cobblestone":9,"minecraft:furnace":1,"alexsmobs:animal_dictionary":4,"minecraft:golden_pickaxe":27},"minecraft:killed":{"minecraft:cave_spider":1,"minecraft:spider":2,"minecraft:creeper":1,"minecraft:chicken":1}},"DataVersion":3465}