{"stats":{"minecraft:picked_up":{"minecraft:stick":1,"minecraft:crafting_table":2,"minecraft:wooden_pickaxe":2,"minecraft:oak_log":1,"minecraft:spruce_sapling":3,"minecraft:ink_sac":8,"minecraft:spruce_log":21,"minecraft:dirt":19,"minecraft:raw_copper":4,"travelersbackpack:white_sleeping_bag":7,"minecraft:kelp":4,"minecraft:coal":9,"minecraft:cobblestone":65},"minecraft:killed":{"alexsmobs:fly":2},"minecraft:used":{"minecraft:spruce_boat":1,"minecraft:stone_pickaxe":41,"travelersbackpack:white_sleeping_bag":7,"minecraft:wooden_pickaxe":50,"minecraft:stone_axe":11,"minecraft:dirt":16,"minecraft:cobblestone":8,"minecraft:crafting_table":2,"minecraft:carrot":26},"minecraft:dropped":{"minecraft:wooden_pickaxe":3},"minecraft:custom":{"minecraft:time_since_rest":2910,"minecraft:waystone_activated":1,"minecraft:sprint_one_cm":72991,"minecraft:damage_taken":430,"minecraft:walk_one_cm":102137,"minecraft:mob_kills":4,"minecraft:drop":3,"minecraft:damage_dealt":579,"minecraft:interact_with_crafting_table":4,"minecraft:swim_one_cm":4299,"minecraft:fly_one_cm":57729,"minecraft:open_chest":13,"minecraft:crouch_one_cm":4661,"minecraft:play_time":45567,"minecraft:sneak_time":1644,"minecraft:walk_under_water_one_cm":1666,"minecraft:boat_one_cm":441856,"minecraft:jump":299,"minecraft:damage_dealt_resisted":90,"minecraft:leave_game":2,"minecraft:time_since_death":45567,"minecraft:walk_on_water_one_cm":6663,"minecraft:sleep_in_bed":4,"minecraft:total_world_time":45567,"minecraft:fall_one_cm":22513},"minecraft:mined":{"minecraft:large_fern":4,"minecraft:fire":4,"minecraft:spruce_log":14,"minecraft:crafting_table":2,"minecraft:grass":2,"minecraft:coal_ore":9,"minecraft:grass_block":3,"minecraft:oak_log":1,"alexscaves:bioluminescent_torch":1,"minecraft:dirt":15,"minecraft:copper_ore":2,"travelersbackpack:white_sleeping_bag":6,"minecraft:cobblestone":8,"minecraft:spruce_leaves":4,"minecraft:stone":57,"minecraft:oak_leaves":2,"minecraft:fern":1},"minecraft:crafted":{"minecraft:oak_planks":4,"minecraft:crafting_table":1,"minecraft:spruce_planks":56,"minecraft:stick":8,"minecraft:wooden_pickaxe":1,"minecraft:stone_pickaxe":1,"minecraft:spruce_boat":1,"minecraft:stone_axe":1}},"DataVersion":3465}