{"stats":{"minecraft:crafted":{"minecraft:crafting_table":2,"minecraft:spruce_planks":36,"minecraft:stick":16,"minecraft:stone_pickaxe":1,"minecraft:stone_axe":1},"minecraft:mined":{"minecraft:spruce_log":16,"minecraft:crafting_table":1,"minecraft:grass":6,"minecraft:coal_ore":17,"minecraft:sand":2,"minecraft:stone":8},"minecraft:custom":{"minecraft:time_since_rest":7108,"minecraft:waystone_activated":1,"minecraft:interact_with_furnace":1,"minecraft:sprint_one_cm":88087,"minecraft:damage_taken":878,"minecraft:walk_one_cm":48478,"minecraft:mob_kills":2,"minecraft:drop":121,"minecraft:damage_dealt":267,"minecraft:swim_one_cm":65605,"minecraft:interact_with_crafting_table":3,"minecraft:fly_one_cm":122338,"minecraft:open_chest":9,"minecraft:crouch_one_cm":1251,"minecraft:play_time":36493,"minecraft:deaths":1,"minecraft:sneak_time":270,"minecraft:walk_under_water_one_cm":6494,"minecraft:jump":584,"minecraft:leave_game":9,"minecraft:time_since_death":7083,"minecraft:walk_on_water_one_cm":7140,"minecraft:total_world_time":36493,"minecraft:fall_one_cm":18078},"minecraft:picked_up":{"minecraft:golden_helmet":1,"fossilsorigins:mosasaurus_egg":1,"minecraft:crafting_table":1,"minecraft:golden_pickaxe":1,"minecraft:wooden_pickaxe":2,"minecraft:fire_charge":1,"minecraft:sand":2,"minecraft:carrot":122,"minecraft:spruce_log":17,"alexsmobs:animal_dictionary":2,"immersive_melodies:lute":2,"minecraft:arrow":1,"artifacts:fire_gauntlet":1,"minecraft:wheat_seeds":1,"minecraft:gold_nugget":8,"minecraft:stone_pickaxe":1,"minecraft:cooked_chicken":1,"minecraft:iron_nugget":18,"hangglider:hang_glider":1,"minecraft:coal":42,"minecraft:cobblestone":13,"minecraft:egg":2},"minecraft:dropped":{"minecraft:wheat_seeds":1,"alexsmobs:animal_dictionary":1,"minecraft:carrot":119},"minecraft:used":{"minecraft:wooden_pickaxe":11,"fossilsorigins:mosasaurus_egg":1,"minecraft:golden_helmet":1,"minecraft:stone_axe":10,"minecraft:sand":2,"minecraft:crafting_table":2,"minecraft:carrot":30,"alexsmobs:animal_dictionary":4,"minecraft:golden_pickaxe":23},"minecraft:killed":{"minecraft:chicken":1}},"DataVersion":3465}