{"stats":{"minecraft:picked_up":{"minecraft:crafting_table":5,"minecraft:wooden_pickaxe":2,"minecraft:gold_block":1,"minecraft:red_bed":2,"minecraft:raw_copper":4,"minecraft:white_carpet":2,"minecraft:iron_shovel":2,"minecraft:spruce_planks":1,"minecraft:beef":17,"minecraft:iron_nugget":8,"minecraft:furnace":3,"minecraft:stick":36,"minecraft:raw_iron":36,"minecraft:stone":1,"minecraft:torch":3,"minecraft:cherry_log":131,"minecraft:tnt":2,"minecraft:rotten_flesh":6,"minecraft:mutton":5,"minecraft:white_wool":3,"minecraft:cobblestone":95,"minecraft:pink_petals":287,"minecraft:black_bed":3,"minecraft:leather":13,"alexsmobs:cachalot_whale_tooth":1,"minecraft:oak_log":3,"minecraft:yellow_bed":2,"minecraft:dirt":29,"minecraft:lantern":2,"minecraft:polished_granite":12,"minecraft:kelp":4,"minecraft:wheat_seeds":1,"minecraft:iron_ingot":1,"minecraft:book":45,"minecraft:gravel":3,"minecraft:spruce_sapling":3,"minecraft:ink_sac":12,"minecraft:white_bed":5,"minecraft:spruce_log":21,"minecraft:dark_prismarine":4,"travelersbackpack:white_sleeping_bag":9,"travelersbackpack:standard":1,"waystones:waystone":1,"minecraft:cherry_sapling":53,"minecraft:gray_wool":1,"minecraft:oak_sapling":2,"minecraft:light_gray_carpet":3,"minecraft:dark_oak_fence":10,"minecraft:coal":51},"minecraft:killed":{"minecraft:skeleton":4,"minecraft:horse":2,"alexsmobs:seal":1,"minecraft:sheep":4,"minecraft:pillager":3,"minecraft:zombie":7,"alexsmobs:fly":4,"minecraft:cow":10},"minecraft:used":{"minecraft:spruce_planks":8,"minecraft:chest":1,"minecraft:shield":12,"minecraft:stone":1,"minecraft:iron_sword":99,"minecraft:torch":11,"minecraft:dirt":19,"minecraft:carrot":109,"minecraft:spruce_boat":2,"travelersbackpack:gold":1,"minecraft:iron_axe":14,"minecraft:furnace":2,"minecraft:stone_pickaxe":106,"minecraft:wooden_pickaxe":50,"minecraft:tnt":1,"minecraft:crafting_table":7,"minecraft:red_bed":2,"minecraft:white_bed":4,"minecraft:black_bed":2,"waystones:waystone":1,"minecraft:iron_pickaxe":65,"travelersbackpack:white_sleeping_bag":9,"minecraft:polished_granite":6,"minecraft:stone_axe":44,"minecraft:cobblestone":14,"travelersbackpack:standard":5,"minecraft:bucket":1,"minecraft:yellow_bed":2},"minecraft:custom":{"minecraft:mob_kills":40,"minecraft:interact_with_crafting_table":34,"minecraft:damage_dealt_resisted":90,"minecraft:leave_game":3,"minecraft:time_since_death":183354,"minecraft:climb_one_cm":3562,"minecraft:sprint_one_cm":470499,"minecraft:walk_one_cm":420411,"minecraft:damage_blocked_by_shield":340,"minecraft:drop":25,"minecraft:play_noteblock":1,"minecraft:play_time":183354,"minecraft:sneak_time":3112,"minecraft:walk_under_water_one_cm":6752,"minecraft:boat_one_cm":871791,"minecraft:jump":2695,"minecraft:walk_on_water_one_cm":16469,"minecraft:total_world_time":183354,"minecraft:interact_with_furnace":19,"minecraft:sleep_in_bed":19,"minecraft:time_since_rest":8659,"minecraft:waystone_activated":3,"minecraft:damage_taken":1939,"minecraft:damage_dealt":6072,"minecraft:swim_one_cm":13793,"minecraft:fly_one_cm":424884,"minecraft:open_chest":39,"minecraft:crouch_one_cm":9250,"minecraft:fall_one_cm":75459,"minecraft:horse_one_cm":2287},"minecraft:dropped":{"minecraft:golden_boots":1,"minecraft:iron_sword":1,"minecraft:tnt":1,"travelersbackpack:standard":2,"minecraft:dark_oak_fence":5,"minecraft:golden_hoe":1,"minecraft:iron_axe":1,"minecraft:iron_pickaxe":1,"minecraft:iron_shovel":1,"minecraft:gravel":3,"minecraft:kelp":4,"minecraft:iron_nugget":8,"minecraft:golden_chestplate":1,"minecraft:stone":1,"minecraft:shield":1,"minecraft:oak_sapling":2,"minecraft:stone_pickaxe":1,"minecraft:wooden_pickaxe":3},"minecraft:mined":{"minecraft:dark_prismarine":4,"minecraft:spruce_planks":6,"minecraft:white_bed":5,"minecraft:dark_oak_fence":6,"minecraft:grass_block":4,"alexscaves:bioluminescent_torch":1,"travelersbackpack:white_sleeping_bag":9,"minecraft:spruce_leaves":4,"biomesoplenty:tundra_shrub":6,"minecraft:large_fern":4,"minecraft:furnace":3,"minecraft:iron_ore":39,"minecraft:fire":4,"minecraft:gold_block":1,"biomesoplenty:sea_oats":1,"minecraft:bookshelf":15,"minecraft:stone":79,"minecraft:light_gray_carpet":3,"minecraft:red_bed":2,"minecraft:powder_snow":5,"minecraft:polished_granite":12,"minecraft:crafting_table":7,"minecraft:torch":1,"minecraft:copper_ore":2,"minecraft:tall_grass":10,"minecraft:cobblestone":19,"minecraft:wall_torch":2,"minecraft:pink_petals":105,"minecraft:white_carpet":9,"minecraft:spruce_log":14,"minecraft:tnt":1,"minecraft:black_bed":3,"minecraft:yellow_bed":2,"minecraft:grass":14,"minecraft:coal_ore":30,"minecraft:oak_log":1,"minecraft:cherry_leaves":3,"minecraft:dirt":24,"minecraft:gravel":4,"minecraft:oak_leaves":2,"minecraft:fern":1},"minecraft:crafted":{"minecraft:oak_planks":12,"minecraft:glass":24,"minecraft:iron_axe":2,"travelersbackpack:gold":1,"minecraft:stone_pickaxe":1,"minecraft:chest":5,"minecraft:spruce_boat":2,"minecraft:dark_oak_planks":8,"minecraft:crafting_table":2,"minecraft:spruce_planks":116,"travelersbackpack:backpack_tank":4,"minecraft:wooden_pickaxe":1,"travelersbackpack:standard":2,"minecraft:iron_sword":2,"minecraft:bucket":1,"minecraft:stone_axe":1,"minecraft:air":0,"minecraft:shield":2,"minecraft:stick":32,"minecraft:iron_ingot":39,"minecraft:iron_pickaxe":2,"minecraft:gold_ingot":9,"minecraft:torch":12}},"DataVersion":3465}