{"stats":{"minecraft:picked_up":{"minecraft:crafting_table":4,"minecraft:leather":9,"minecraft:wooden_pickaxe":2,"minecraft:gold_block":1,"alexsmobs:cachalot_whale_tooth":1,"minecraft:oak_log":3,"minecraft:yellow_bed":1,"minecraft:red_bed":2,"minecraft:dirt":19,"minecraft:raw_copper":4,"minecraft:white_carpet":2,"minecraft:iron_shovel":2,"minecraft:kelp":4,"minecraft:beef":9,"minecraft:spruce_planks":1,"minecraft:iron_ingot":1,"minecraft:furnace":2,"minecraft:raw_iron":36,"minecraft:stick":1,"minecraft:torch":2,"minecraft:gravel":3,"minecraft:spruce_sapling":3,"minecraft:ink_sac":12,"minecraft:white_bed":2,"minecraft:spruce_log":21,"travelersbackpack:white_sleeping_bag":9,"travelersbackpack:standard":1,"minecraft:rotten_flesh":6,"waystones:waystone":1,"minecraft:oak_sapling":2,"minecraft:light_gray_carpet":3,"minecraft:coal":51,"minecraft:cobblestone":93},"minecraft:killed":{"alexsmobs:seal":1,"minecraft:horse":2,"minecraft:skeleton":4,"minecraft:zombie":7,"alexsmobs:fly":4,"minecraft:cow":6},"minecraft:used":{"minecraft:stone_pickaxe":106,"minecraft:chest":1,"minecraft:wooden_pickaxe":50,"minecraft:spruce_planks":8,"minecraft:shield":12,"minecraft:iron_sword":70,"minecraft:torch":3,"minecraft:dirt":19,"minecraft:crafting_table":5,"minecraft:red_bed":2,"minecraft:carrot":86,"minecraft:white_bed":1,"minecraft:spruce_boat":2,"travelersbackpack:gold":1,"minecraft:iron_pickaxe":33,"travelersbackpack:white_sleeping_bag":9,"minecraft:stone_axe":44,"minecraft:cobblestone":12,"travelersbackpack:standard":5,"minecraft:furnace":2,"minecraft:bucket":1},"minecraft:custom":{"minecraft:interact_with_furnace":18,"minecraft:mob_kills":28,"minecraft:interact_with_crafting_table":33,"minecraft:damage_dealt_resisted":90,"minecraft:leave_game":3,"minecraft:time_since_death":135354,"minecraft:sleep_in_bed":12,"minecraft:time_since_rest":11381,"minecraft:waystone_activated":2,"minecraft:sprint_one_cm":309910,"minecraft:damage_taken":1556,"minecraft:walk_one_cm":316791,"minecraft:damage_blocked_by_shield":340,"minecraft:drop":20,"minecraft:damage_dealt":4422,"minecraft:swim_one_cm":5623,"minecraft:fly_one_cm":303400,"minecraft:open_chest":36,"minecraft:crouch_one_cm":8148,"minecraft:play_time":135354,"minecraft:sneak_time":2471,"minecraft:walk_under_water_one_cm":1953,"minecraft:boat_one_cm":628956,"minecraft:jump":1956,"minecraft:walk_on_water_one_cm":10472,"minecraft:total_world_time":135354,"minecraft:fall_one_cm":56966,"minecraft:horse_one_cm":2287},"minecraft:dropped":{"minecraft:gravel":3,"minecraft:golden_boots":1,"minecraft:iron_sword":1,"minecraft:kelp":4,"minecraft:golden_chestplate":1,"travelersbackpack:standard":2,"minecraft:shield":1,"minecraft:oak_sapling":2,"minecraft:golden_hoe":1,"minecraft:stone_pickaxe":1,"minecraft:wooden_pickaxe":3,"minecraft:iron_pickaxe":1,"minecraft:iron_shovel":1},"minecraft:mined":{"minecraft:light_gray_carpet":3,"minecraft:spruce_planks":6,"minecraft:white_bed":2,"minecraft:red_bed":2,"minecraft:powder_snow":5,"minecraft:crafting_table":5,"minecraft:torch":1,"minecraft:grass_block":3,"alexscaves:bioluminescent_torch":1,"travelersbackpack:white_sleeping_bag":9,"minecraft:copper_ore":2,"minecraft:cobblestone":16,"minecraft:spruce_leaves":4,"biomesoplenty:tundra_shrub":6,"minecraft:wall_torch":1,"minecraft:large_fern":4,"minecraft:furnace":2,"minecraft:iron_ore":39,"minecraft:fire":4,"minecraft:white_carpet":9,"minecraft:spruce_log":14,"minecraft:yellow_bed":1,"minecraft:gold_block":1,"biomesoplenty:sea_oats":1,"minecraft:grass":7,"minecraft:oak_log":1,"minecraft:coal_ore":30,"minecraft:gravel":4,"minecraft:dirt":15,"minecraft:stone":77,"minecraft:oak_leaves":2,"minecraft:fern":1},"minecraft:crafted":{"minecraft:oak_planks":12,"minecraft:crafting_table":1,"minecraft:spruce_planks":116,"travelersbackpack:backpack_tank":4,"travelersbackpack:standard":2,"minecraft:wooden_pickaxe":1,"minecraft:iron_sword":2,"minecraft:bucket":1,"minecraft:stone_axe":1,"minecraft:air":0,"minecraft:glass":24,"minecraft:shield":2,"travelersbackpack:gold":1,"minecraft:stick":24,"minecraft:iron_ingot":39,"minecraft:iron_pickaxe":2,"minecraft:stone_pickaxe":1,"minecraft:chest":5,"minecraft:gold_ingot":9,"minecraft:spruce_boat":2,"minecraft:torch":12}},"DataVersion":3465}