{"stats":{"minecraft:crafted":{"minecraft:oak_planks":4,"minecraft:stone_shovel":1,"minecraft:cooked_chicken":3,"minecraft:furnace":2,"iceandfire:armor_copper_metal_leggings":1,"minecraft:cooked_mutton":3,"iceandfire:armor_copper_metal_helmet":1,"iceandfire:armor_copper_metal_boots":1,"minecraft:stone_pickaxe":3,"iceandfire:armor_copper_metal_chestplate":1,"minecraft:spruce_boat":1,"minecraft:crafting_table":4,"minecraft:spruce_planks":156,"minecraft:wooden_pickaxe":1,"minecraft:copper_ingot":24,"minecraft:stone_axe":2,"minecraft:air":0,"minecraft:shield":3,"minecraft:stick":52,"minecraft:iron_ingot":5,"minecraft:torch":96},"minecraft:mined":{"iceandfire:silver_ore":23,"minecraft:mossy_cobblestone":1,"minecraft:grass_block":3,"iceandfire:frozen_grass":1,"minecraft:furnace":1,"minecraft:iron_ore":28,"minecraft:vine":2,"fossilsorigins:fossilised_sand":9,"minecraft:stone":228,"minecraft:red_bed":3,"minecraft:soul_lantern":2,"minecraft:crafting_table":3,"minecraft:stone_slab":1,"minecraft:cobblestone":6,"minecraft:seagrass":1,"minecraft:stone_stairs":1,"minecraft:spruce_log":22,"minecraft:grass":20,"minecraft:coal_ore":64,"minecraft:oak_log":1,"minecraft:sand":2,"minecraft:gravel":1,"minecraft:dirt":3,"minecraft:cobweb":21,"iceandfire:dread_stone_bricks":1,"minecraft:oak_leaves":2},"minecraft:broken":{"minecraft:golden_helmet":1,"minecraft:stone_pickaxe":1},"minecraft:custom":{"minecraft:mob_kills":35,"minecraft:interact_with_crafting_table":18,"minecraft:open_barrel":2,"minecraft:leave_game":13,"minecraft:time_since_death":23320,"minecraft:climb_one_cm":1087,"minecraft:sprint_one_cm":507812,"minecraft:walk_one_cm":321339,"minecraft:damage_blocked_by_shield":375,"minecraft:drop":168,"minecraft:play_time":142913,"minecraft:deaths":3,"minecraft:sneak_time":2876,"minecraft:walk_under_water_one_cm":50039,"minecraft:boat_one_cm":207632,"minecraft:jump":2628,"minecraft:walk_on_water_one_cm":35213,"minecraft:total_world_time":142913,"minecraft:interact_with_furnace":28,"minecraft:sleep_in_bed":3,"minecraft:time_since_rest":23355,"minecraft:waystone_activated":1,"minecraft:damage_taken":4679,"minecraft:trigger_trapped_chest":1,"minecraft:damage_dealt":4746,"minecraft:swim_one_cm":93908,"minecraft:fly_one_cm":422123,"minecraft:open_chest":25,"minecraft:crouch_one_cm":9628,"minecraft:fall_one_cm":74231},"minecraft:picked_up":{"iceandfire:dread_stone_bricks":1,"minecraft:crafting_table":4,"minecraft:chicken":4,"minecraft:flower_pot":1,"minecraft:stone_slab":1,"minecraft:golden_pickaxe":3,"minecraft:smithing_table":1,"minecraft:wooden_pickaxe":3,"minecraft:enchanted_book":1,"immersive_melodies:lute":2,"iceandfire:frozen_grass":1,"minecraft:red_bed":4,"minecraft:string":21,"minecraft:dark_oak_trapdoor":1,"minecraft:stone_stairs":1,"minecraft:raw_copper":6,"artifacts:fire_gauntlet":1,"minecraft:gold_nugget":8,"minecraft:bucket":1,"minecraft:iron_nugget":18,"minecraft:iron_pickaxe":1,"hangglider:hang_glider":1,"minecraft:egg":4,"minecraft:furnace":2,"minecraft:golden_helmet":1,"minecraft:raw_iron":29,"minecraft:stick":4,"minecraft:fire_charge":1,"minecraft:carrot":144,"iceandfire:silver_ingot":6,"minecraft:arrow":5,"minecraft:rotten_flesh":7,"minecraft:peony":1,"minecraft:mutton":6,"minecraft:white_wool":3,"minecraft:cobblestone":256,"fossilsorigins:mosasaurus_egg":1,"minecraft:feather":5,"minecraft:andesite":18,"minecraft:dark_oak_boat":1,"minecraft:smoker":1,"minecraft:flint":1,"minecraft:oak_log":1,"iceandfire:armor_copper_metal_helmet":1,"minecraft:gunpowder":10,"minecraft:dirt":8,"minecraft:bone":11,"minecraft:apple":1,"minecraft:wheat_seeds":8,"minecraft:stone_pickaxe":2,"minecraft:cooked_chicken":1,"minecraft:iron_sword":1,"minecraft:cooked_porkchop":2,"minecraft:sweet_berries":9,"minecraft:spyglass":1,"minecraft:gravel":7,"minecraft:sand":2,"minecraft:spruce_sapling":1,"minecraft:spruce_log":43,"minecraft:dark_oak_log":19,"minecraft:spider_eye":12,"alexsmobs:animal_dictionary":2,"minecraft:mossy_cobblestone":3,"minecraft:diamond_shovel":1,"iceandfire:silver_sword":1,"minecraft:soul_lantern":2,"minecraft:gray_wool":1,"minecraft:oak_button":1,"alexsmobs:maggot":4,"minecraft:oak_sapling":1,"minecraft:coal":108,"iceandfire:raw_silver":24},"minecraft:dropped":{"iceandfire:raw_silver":3,"minecraft:wheat_seeds":4,"minecraft:golden_pickaxe":2,"minecraft:mossy_cobblestone":1,"minecraft:smithing_table":1,"minecraft:cobblestone":4,"minecraft:dirt":1,"iceandfire:silver_sword":1,"minecraft:iron_pickaxe":1,"minecraft:cooked_chicken":1,"alexsmobs:animal_dictionary":1,"minecraft:stone_shovel":1,"minecraft:stone_slab":1,"iceandfire:armor_copper_metal_helmet":2,"minecraft:carrot":191,"minecraft:shield":2,"minecraft:flower_pot":1,"minecraft:oak_button":1,"minecraft:andesite":18,"minecraft:spider_eye":12,"minecraft:wooden_pickaxe":1,"minecraft:stone_pickaxe":2,"minecraft:egg":1},"minecraft:used":{"iceandfire:silver_sword":31,"iceandfire:armor_copper_metal_leggings":1,"minecraft:stone_shovel":2,"minecraft:shield":13,"fossilsorigins:mosasaurus_egg":1,"minecraft:iron_sword":61,"minecraft:cooked_chicken":1,"minecraft:rotten_flesh":7,"minecraft:torch":90,"iceandfire:armor_copper_metal_boots":1,"minecraft:dirt":2,"minecraft:spyglass":3,"minecraft:carrot":133,"minecraft:stone_stairs":1,"minecraft:spruce_boat":1,"alexsmobs:maggot":4,"minecraft:dark_oak_boat":1,"minecraft:sweet_berries":10,"minecraft:oak_sapling":1,"minecraft:furnace":4,"minecraft:stone_pickaxe":225,"minecraft:wooden_pickaxe":28,"minecraft:mossy_cobblestone":2,"minecraft:sand":2,"minecraft:crafting_table":7,"minecraft:red_bed":3,"minecraft:apple":1,"iceandfire:armor_copper_metal_chestplate":1,"minecraft:chicken":1,"minecraft:bread":1,"minecraft:iron_pickaxe":90,"minecraft:spruce_sapling":1,"minecraft:gravel":6,"minecraft:soul_lantern":1,"minecraft:golden_helmet":2,"minecraft:stone_axe":29,"minecraft:cobblestone":25,"minecraft:cooked_porkchop":2,"minecraft:bucket":1,"alexsmobs:animal_dictionary":4,"minecraft:golden_pickaxe":27},"minecraft:killed":{"minecraft:cave_spider":1,"minecraft:spider":9,"minecraft:skeleton":2,"minecraft:chicken":5,"minecraft:creeper":5,"minecraft:sheep":4,"minecraft:zombie":3,"alexsmobs:fly":1}},"DataVersion":3465}