{"stats":{"minecraft:crafted":{"minecraft:stone_shovel":1,"minecraft:crafting_table":2,"minecraft:spruce_planks":68,"minecraft:furnace":1,"iceandfire:armor_copper_metal_leggings":1,"minecraft:copper_ingot":24,"minecraft:stone_axe":1,"iceandfire:armor_copper_metal_boots":1,"minecraft:air":0,"iceandfire:armor_copper_metal_helmet":1,"minecraft:shield":3,"minecraft:stick":36,"iceandfire:armor_copper_metal_chestplate":1,"minecraft:iron_ingot":5,"minecraft:stone_pickaxe":2,"minecraft:torch":88},"minecraft:mined":{"iceandfire:silver_ore":21,"minecraft:mossy_cobblestone":1,"minecraft:crafting_table":2,"minecraft:grass_block":1,"minecraft:stone_slab":1,"minecraft:cobblestone":6,"minecraft:furnace":1,"minecraft:iron_ore":23,"minecraft:spruce_log":16,"minecraft:grass":6,"minecraft:coal_ore":48,"minecraft:vine":2,"minecraft:sand":2,"minecraft:cobweb":19,"fossilsorigins:fossilised_sand":9,"minecraft:stone":174},"minecraft:broken":{"minecraft:stone_pickaxe":1},"minecraft:custom":{"minecraft:interact_with_furnace":20,"minecraft:mob_kills":19,"minecraft:interact_with_crafting_table":11,"minecraft:leave_game":11,"minecraft:time_since_death":53702,"minecraft:climb_one_cm":1087,"minecraft:time_since_rest":53727,"minecraft:waystone_activated":1,"minecraft:sprint_one_cm":322313,"minecraft:damage_taken":2649,"minecraft:walk_one_cm":161425,"minecraft:damage_blocked_by_shield":135,"minecraft:trigger_trapped_chest":1,"minecraft:drop":144,"minecraft:damage_dealt":3041,"minecraft:swim_one_cm":68622,"minecraft:fly_one_cm":295236,"minecraft:open_chest":12,"minecraft:crouch_one_cm":7644,"minecraft:play_time":83112,"minecraft:deaths":1,"minecraft:sneak_time":1786,"minecraft:walk_under_water_one_cm":11799,"minecraft:jump":1677,"minecraft:walk_on_water_one_cm":18161,"minecraft:total_world_time":83112,"minecraft:fall_one_cm":47066},"minecraft:picked_up":{"fossilsorigins:mosasaurus_egg":1,"minecraft:crafting_table":2,"minecraft:andesite":9,"minecraft:golden_pickaxe":2,"minecraft:stone_slab":1,"minecraft:wooden_pickaxe":3,"minecraft:gunpowder":6,"iceandfire:armor_copper_metal_helmet":1,"minecraft:dirt":2,"minecraft:string":21,"immersive_melodies:lute":2,"minecraft:bone":4,"artifacts:fire_gauntlet":1,"minecraft:wheat_seeds":1,"minecraft:gold_nugget":8,"minecraft:bucket":1,"minecraft:stone_pickaxe":2,"minecraft:cooked_chicken":1,"minecraft:iron_nugget":18,"minecraft:iron_pickaxe":1,"hangglider:hang_glider":1,"minecraft:iron_sword":1,"minecraft:egg":2,"minecraft:furnace":1,"minecraft:golden_helmet":1,"minecraft:stick":4,"minecraft:raw_iron":21,"minecraft:gravel":7,"minecraft:fire_charge":1,"minecraft:sand":2,"minecraft:carrot":144,"minecraft:spruce_log":21,"minecraft:mossy_cobblestone":2,"minecraft:spider_eye":6,"alexsmobs:animal_dictionary":2,"iceandfire:silver_ingot":6,"minecraft:arrow":3,"iceandfire:silver_sword":1,"minecraft:oak_button":1,"minecraft:coal":88,"iceandfire:raw_silver":22,"minecraft:cobblestone":186},"minecraft:dropped":{"iceandfire:raw_silver":3,"minecraft:wheat_seeds":1,"minecraft:cooked_chicken":1,"alexsmobs:animal_dictionary":1,"minecraft:golden_pickaxe":2,"minecraft:cobblestone":4,"minecraft:stone_slab":1,"iceandfire:armor_copper_metal_helmet":2,"minecraft:carrot":123,"minecraft:shield":2,"minecraft:oak_button":1,"iceandfire:silver_sword":1,"minecraft:stone_pickaxe":2,"minecraft:wooden_pickaxe":1},"minecraft:used":{"iceandfire:silver_sword":31,"minecraft:stone_shovel":2,"minecraft:stone_pickaxe":222,"minecraft:wooden_pickaxe":11,"minecraft:shield":4,"minecraft:iron_sword":37,"fossilsorigins:mosasaurus_egg":1,"minecraft:torch":68,"minecraft:mossy_cobblestone":2,"minecraft:sand":2,"minecraft:crafting_table":4,"minecraft:carrot":98,"minecraft:bread":1,"minecraft:iron_pickaxe":29,"minecraft:gravel":6,"minecraft:golden_helmet":1,"minecraft:stone_axe":12,"minecraft:cobblestone":10,"minecraft:furnace":1,"minecraft:bucket":1,"alexsmobs:animal_dictionary":4,"minecraft:golden_pickaxe":27},"minecraft:killed":{"minecraft:cave_spider":1,"minecraft:spider":6,"minecraft:creeper":4,"minecraft:zombie":2,"minecraft:chicken":1}},"DataVersion":3465}