{"stats":{"minecraft:crafted":{"minecraft:stone_shovel":1,"minecraft:crafting_table":2,"minecraft:spruce_planks":68,"minecraft:furnace":1,"iceandfire:armor_copper_metal_leggings":1,"minecraft:copper_ingot":24,"minecraft:stone_axe":1,"iceandfire:armor_copper_metal_boots":1,"minecraft:air":0,"iceandfire:armor_copper_metal_helmet":1,"minecraft:shield":3,"minecraft:stick":36,"iceandfire:armor_copper_metal_chestplate":1,"minecraft:iron_ingot":5,"minecraft:stone_pickaxe":2,"minecraft:torch":88},"minecraft:mined":{"minecraft:red_bed":2,"iceandfire:silver_ore":23,"minecraft:mossy_cobblestone":1,"minecraft:crafting_table":2,"minecraft:grass_block":1,"minecraft:stone_slab":1,"minecraft:cobblestone":6,"minecraft:furnace":1,"minecraft:iron_ore":28,"minecraft:spruce_log":16,"minecraft:grass":6,"minecraft:coal_ore":48,"minecraft:vine":2,"minecraft:sand":2,"minecraft:cobweb":21,"fossilsorigins:fossilised_sand":9,"minecraft:stone":175},"minecraft:broken":{"minecraft:stone_pickaxe":1},"minecraft:custom":{"minecraft:interact_with_furnace":20,"minecraft:mob_kills":25,"minecraft:interact_with_crafting_table":12,"minecraft:open_barrel":2,"minecraft:leave_game":11,"minecraft:time_since_death":65702,"minecraft:sleep_in_bed":2,"minecraft:climb_one_cm":1087,"minecraft:time_since_rest":1794,"minecraft:waystone_activated":1,"minecraft:sprint_one_cm":364030,"minecraft:damage_taken":3166,"minecraft:walk_one_cm":202291,"minecraft:damage_blocked_by_shield":375,"minecraft:trigger_trapped_chest":1,"minecraft:drop":154,"minecraft:damage_dealt":4131,"minecraft:swim_one_cm":70114,"minecraft:fly_one_cm":331457,"minecraft:open_chest":16,"minecraft:crouch_one_cm":7724,"minecraft:play_time":95112,"minecraft:deaths":1,"minecraft:sneak_time":1951,"minecraft:walk_under_water_one_cm":14470,"minecraft:jump":1941,"minecraft:walk_on_water_one_cm":22713,"minecraft:total_world_time":95112,"minecraft:fall_one_cm":50543},"minecraft:picked_up":{"fossilsorigins:mosasaurus_egg":1,"minecraft:crafting_table":3,"minecraft:smithing_table":1,"minecraft:flower_pot":1,"minecraft:andesite":18,"minecraft:golden_pickaxe":3,"minecraft:stone_slab":1,"minecraft:wooden_pickaxe":3,"minecraft:smoker":1,"minecraft:enchanted_book":1,"minecraft:gunpowder":10,"iceandfire:armor_copper_metal_helmet":1,"minecraft:dirt":2,"minecraft:string":21,"minecraft:red_bed":2,"minecraft:raw_copper":6,"immersive_melodies:lute":2,"minecraft:bone":11,"artifacts:fire_gauntlet":1,"minecraft:wheat_seeds":1,"minecraft:gold_nugget":8,"minecraft:bucket":1,"minecraft:stone_pickaxe":2,"minecraft:cooked_chicken":1,"minecraft:iron_nugget":18,"minecraft:iron_pickaxe":1,"hangglider:hang_glider":1,"minecraft:iron_sword":1,"minecraft:egg":3,"minecraft:furnace":1,"minecraft:golden_helmet":1,"minecraft:stick":4,"minecraft:raw_iron":29,"minecraft:spyglass":1,"minecraft:gravel":7,"minecraft:fire_charge":1,"minecraft:sand":2,"minecraft:carrot":144,"minecraft:spruce_log":21,"minecraft:mossy_cobblestone":3,"minecraft:spider_eye":12,"alexsmobs:animal_dictionary":2,"minecraft:diamond_shovel":1,"iceandfire:silver_ingot":6,"minecraft:arrow":5,"minecraft:rotten_flesh":4,"iceandfire:silver_sword":1,"minecraft:oak_button":1,"minecraft:coal":92,"iceandfire:raw_silver":24,"minecraft:cobblestone":203},"minecraft:dropped":{"iceandfire:raw_silver":3,"minecraft:wheat_seeds":1,"minecraft:cooked_chicken":1,"alexsmobs:animal_dictionary":1,"minecraft:golden_pickaxe":2,"minecraft:mossy_cobblestone":1,"minecraft:smithing_table":1,"minecraft:stone_shovel":1,"minecraft:cobblestone":4,"minecraft:stone_slab":1,"iceandfire:armor_copper_metal_helmet":2,"minecraft:carrot":123,"minecraft:dirt":1,"minecraft:flower_pot":1,"minecraft:shield":2,"minecraft:oak_button":1,"iceandfire:silver_sword":1,"minecraft:andesite":18,"minecraft:spider_eye":12,"minecraft:stone_pickaxe":2,"minecraft:wooden_pickaxe":1,"minecraft:egg":1},"minecraft:used":{"iceandfire:silver_sword":31,"minecraft:stone_shovel":2,"minecraft:stone_pickaxe":222,"minecraft:wooden_pickaxe":11,"minecraft:shield":13,"minecraft:iron_sword":59,"fossilsorigins:mosasaurus_egg":1,"minecraft:rotten_flesh":4,"minecraft:torch":88,"minecraft:mossy_cobblestone":2,"minecraft:spyglass":3,"minecraft:dirt":1,"minecraft:sand":2,"minecraft:red_bed":1,"minecraft:crafting_table":5,"minecraft:carrot":108,"minecraft:bread":1,"minecraft:iron_pickaxe":37,"minecraft:gravel":6,"minecraft:golden_helmet":1,"minecraft:stone_axe":12,"minecraft:cobblestone":21,"minecraft:furnace":1,"minecraft:bucket":1,"alexsmobs:animal_dictionary":4,"minecraft:golden_pickaxe":27},"minecraft:killed":{"minecraft:cave_spider":1,"minecraft:spider":9,"minecraft:creeper":5,"minecraft:skeleton":1,"minecraft:zombie":3,"minecraft:chicken":1}},"DataVersion":3465}