{"stats":{"minecraft:picked_up":{"minecraft:birch_log":48,"minecraft:wheat":3,"minecraft:cooked_beef":7,"minecraft:splash_potion":1,"minecraft:cherry_planks":4,"minecraft:birch_planks":44,"biomesoplenty:fir_sapling":1,"biomesoplenty:fir_log":5,"minecraft:potion":1,"immersive_melodies:bagpipe":1,"biomesoplenty:rainbow_birch_sapling":9,"minecraft:string":2,"minecraft:dirt":1,"immersive_melodies:lute":2,"minecraft:white_carpet":3,"minecraft:bone":1,"minecraft:wheat_seeds":1,"minecraft:gold_nugget":4,"minecraft:cobbled_deepslate":50,"minecraft:cooked_chicken":1,"minecraft:calcite":5,"minecraft:sugar_cane":8,"immersive_melodies:triangle":1,"minecraft:book":162,"minecraft:raw_iron":24,"minecraft:stick":11,"minecraft:bowl":6,"minecraft:torch":2,"immersive_melodies:tiny_drum":1,"minecraft:cherry_log":5,"minecraft:ink_sac":3,"minecraft:carrot":1,"minecraft:dark_oak_planks":1,"travelersbackpack:white_sleeping_bag":16,"immersive_melodies:piano":1,"minecraft:arrow":9,"minecraft:rotten_flesh":8,"minecraft:glistering_melon_slice":7,"alexsmobs:maggot":1,"minecraft:coal":21,"alexscaves:bioluminescent_torch":1,"minecraft:snowball":32,"minecraft:cobblestone":13},"minecraft:broken":{"minecraft:wooden_sword":1,"minecraft:wooden_axe":3},"minecraft:killed":{"minecraft:cave_spider":1,"minecraft:spider":3,"minecraft:skeleton":6,"minecraft:zombie":3,"alexsmobs:crow":1},"minecraft:used":{"minecraft:calcite":1,"alexscaves:bioluminescent_torch":1,"minecraft:leather_leggings":1,"minecraft:birch_planks":18,"minecraft:stone_pickaxe":102,"minecraft:leather_chestplate":1,"minecraft:wooden_pickaxe":34,"minecraft:cherry_planks":8,"minecraft:iron_sword":18,"minecraft:cooked_chicken":1,"minecraft:torch":102,"minecraft:crafting_table":5,"minecraft:mushroom_stew":1,"minecraft:carrot":88,"minecraft:diamond_helmet":1,"artifacts:onion_ring":1,"minecraft:wooden_axe":102,"minecraft:bread":13,"minecraft:iron_pickaxe":6,"travelersbackpack:white_sleeping_bag":16,"minecraft:wooden_sword":76,"minecraft:chainmail_boots":1,"minecraft:pumpkin_pie":6,"alexsmobs:animal_dictionary":1,"minecraft:cooked_beef":1,"minecraft:cobbled_deepslate":12},"minecraft:dropped":{"minecraft:cherry_log":1,"alexsmobs:animal_dictionary":1,"minecraft:cobbled_deepslate":12,"minecraft:bowl":7,"minecraft:wheat":6,"minecraft:iron_helmet":1,"minecraft:white_carpet":3,"minecraft:cobblestone":10,"minecraft:rotten_flesh":9,"immersive_melodies:lute":1,"minecraft:carrot":1,"minecraft:stick":1,"minecraft:dirt":1,"biomesoplenty:fir_planks":1,"minecraft:ink_sac":3,"minecraft:torch":1,"travelersbackpack:white_sleeping_bag":1,"minecraft:beetroot_seeds":8,"minecraft:cherry_planks":3,"minecraft:snowball":34,"minecraft:wooden_sword":1,"minecraft:gold_nugget":4,"minecraft:arrow":5,"minecraft:stone_pickaxe":1,"minecraft:wooden_pickaxe":1,"minecraft:glistering_melon_slice":10,"minecraft:calcite":4,"minecraft:paper":4,"minecraft:dark_oak_planks":1,"minecraft:bone":1},"minecraft:custom":{"minecraft:interact_with_furnace":3,"minecraft:mob_kills":14,"minecraft:interact_with_crafting_table":11,"minecraft:open_barrel":14,"minecraft:damage_dealt_resisted":99,"minecraft:eat_cake_slice":7,"minecraft:leave_game":3,"minecraft:time_since_death":140549,"minecraft:sleep_in_bed":19,"minecraft:climb_one_cm":7550,"minecraft:damage_resisted":104,"minecraft:time_since_rest":0,"minecraft:waystone_activated":2,"minecraft:sprint_one_cm":226805,"minecraft:damage_taken":3293,"minecraft:walk_one_cm":406921,"minecraft:drop":52,"minecraft:damage_dealt":3275,"minecraft:swim_one_cm":4757,"minecraft:fly_one_cm":349236,"minecraft:open_chest":13,"minecraft:crouch_one_cm":3038,"minecraft:play_time":140549,"minecraft:sneak_time":1470,"minecraft:walk_under_water_one_cm":10258,"minecraft:jump":1280,"minecraft:interact_with_blast_furnace":4,"minecraft:walk_on_water_one_cm":9269,"minecraft:total_world_time":140549,"minecraft:fall_one_cm":23290},"minecraft:mined":{"minecraft:dark_oak_planks":5,"minecraft:powder_snow":30,"minecraft:torch":1,"minecraft:spruce_trapdoor":1,"minecraft:grass_block":1,"minecraft:calcite":2,"travelersbackpack:white_sleeping_bag":14,"minecraft:sugar_cane":2,"minecraft:dark_oak_trapdoor":3,"minecraft:yellow_wool":1,"minecraft:birch_log":5,"minecraft:iron_ore":12,"minecraft:birch_trapdoor":1,"minecraft:white_carpet":3,"minecraft:andesite":3,"biomesoplenty:fir_log":5,"minecraft:dark_oak_stairs":1,"minecraft:deepslate_iron_ore":12,"minecraft:grass":9,"minecraft:bookshelf":55,"minecraft:coal_ore":21,"biomesoplenty:fir_leaves":2,"biomesoplenty:rainbow_birch_leaves":1,"minecraft:dirt":1,"minecraft:stone":12,"minecraft:player_head":1,"minecraft:deepslate":37},"minecraft:crafted":{"minecraft:cherry_planks":16,"minecraft:wooden_sword":2,"minecraft:crafting_table":6,"minecraft:iron_sword":1,"minecraft:wooden_pickaxe":1,"minecraft:birch_planks":64,"biomesoplenty:fir_planks":20,"minecraft:stick":44,"minecraft:iron_pickaxe":1,"minecraft:stone_pickaxe":1,"minecraft:wooden_axe":3,"minecraft:torch":100}},"DataVersion":3465}