{"stats":{"minecraft:picked_up":{"minecraft:birch_log":48,"minecraft:stick":11,"minecraft:cherry_planks":1,"immersive_melodies:tiny_drum":1,"biomesoplenty:fir_log":5,"biomesoplenty:fir_sapling":1,"immersive_melodies:bagpipe":1,"minecraft:cherry_log":5,"minecraft:ink_sac":1,"minecraft:carrot":1,"biomesoplenty:rainbow_birch_sapling":9,"immersive_melodies:lute":1,"travelersbackpack:white_sleeping_bag":3,"immersive_melodies:piano":1,"minecraft:rotten_flesh":1,"minecraft:wheat_seeds":1,"minecraft:gold_nugget":2,"alexsmobs:maggot":1,"immersive_melodies:triangle":1,"minecraft:sugar_cane":8,"alexscaves:bioluminescent_torch":1,"minecraft:snowball":16},"minecraft:broken":{"minecraft:wooden_axe":1},"minecraft:used":{"minecraft:wooden_axe":21,"alexscaves:bioluminescent_torch":1,"travelersbackpack:white_sleeping_bag":3,"minecraft:cherry_planks":5,"minecraft:wooden_sword":37,"minecraft:carrot":23,"alexsmobs:animal_dictionary":1},"minecraft:dropped":{"minecraft:cherry_log":1,"travelersbackpack:white_sleeping_bag":1,"minecraft:carrot":1},"minecraft:custom":{"minecraft:time_since_rest":2910,"minecraft:waystone_activated":1,"minecraft:interact_with_furnace":1,"minecraft:sprint_one_cm":60324,"minecraft:damage_taken":626,"minecraft:walk_one_cm":70666,"minecraft:drop":3,"minecraft:damage_dealt":168,"minecraft:swim_one_cm":719,"minecraft:interact_with_crafting_table":3,"minecraft:fly_one_cm":143816,"minecraft:open_barrel":5,"minecraft:open_chest":3,"minecraft:crouch_one_cm":890,"minecraft:play_time":26549,"minecraft:sneak_time":140,"minecraft:walk_under_water_one_cm":1545,"minecraft:jump":252,"minecraft:leave_game":3,"minecraft:time_since_death":26549,"minecraft:walk_on_water_one_cm":4065,"minecraft:total_world_time":26549,"minecraft:sleep_in_bed":2,"minecraft:fall_one_cm":3272},"minecraft:mined":{"minecraft:birch_log":5,"minecraft:powder_snow":24,"biomesoplenty:fir_log":5,"minecraft:grass":8,"biomesoplenty:rainbow_birch_leaves":1,"biomesoplenty:fir_leaves":2,"travelersbackpack:white_sleeping_bag":2,"minecraft:sugar_cane":2},"minecraft:crafted":{"minecraft:cherry_planks":16,"minecraft:wooden_sword":1,"minecraft:stick":8,"minecraft:wooden_axe":1}},"DataVersion":3465}