{"stats":{"minecraft:picked_up":{"minecraft:birch_log":48,"minecraft:splash_potion":1,"minecraft:cherry_planks":1,"biomesoplenty:fir_sapling":1,"biomesoplenty:fir_log":5,"immersive_melodies:bagpipe":1,"biomesoplenty:rainbow_birch_sapling":9,"minecraft:dirt":1,"immersive_melodies:lute":1,"minecraft:white_carpet":3,"minecraft:bone":1,"minecraft:wheat_seeds":1,"minecraft:gold_nugget":2,"minecraft:sugar_cane":8,"immersive_melodies:triangle":1,"minecraft:book":57,"minecraft:stick":11,"immersive_melodies:tiny_drum":1,"minecraft:cherry_log":5,"minecraft:ink_sac":3,"minecraft:carrot":1,"travelersbackpack:white_sleeping_bag":7,"immersive_melodies:piano":1,"minecraft:arrow":2,"minecraft:rotten_flesh":2,"alexsmobs:maggot":1,"alexscaves:bioluminescent_torch":1,"minecraft:snowball":16,"minecraft:cobblestone":4},"minecraft:broken":{"minecraft:wooden_sword":1,"minecraft:wooden_axe":2},"minecraft:killed":{"minecraft:skeleton":2},"minecraft:used":{"alexscaves:bioluminescent_torch":1,"minecraft:wooden_pickaxe":17,"minecraft:cherry_planks":5,"minecraft:crafting_table":2,"minecraft:carrot":56,"minecraft:wooden_axe":62,"travelersbackpack:white_sleeping_bag":7,"minecraft:wooden_sword":41,"alexsmobs:animal_dictionary":1},"minecraft:dropped":{"minecraft:cherry_log":1,"alexsmobs:animal_dictionary":1,"minecraft:white_carpet":3,"minecraft:carrot":1,"minecraft:dirt":1,"minecraft:ink_sac":2,"travelersbackpack:white_sleeping_bag":1,"minecraft:cherry_planks":3},"minecraft:custom":{"minecraft:interact_with_furnace":2,"minecraft:mob_kills":2,"minecraft:interact_with_crafting_table":5,"minecraft:open_barrel":6,"minecraft:damage_dealt_resisted":99,"minecraft:leave_game":3,"minecraft:time_since_death":56549,"minecraft:sleep_in_bed":4,"minecraft:climb_one_cm":3867,"minecraft:damage_resisted":104,"minecraft:time_since_rest":3783,"minecraft:waystone_activated":2,"minecraft:sprint_one_cm":100247,"minecraft:damage_taken":1642,"minecraft:walk_one_cm":189272,"minecraft:drop":9,"minecraft:damage_dealt":952,"minecraft:swim_one_cm":719,"minecraft:fly_one_cm":191927,"minecraft:open_chest":8,"minecraft:crouch_one_cm":1339,"minecraft:play_time":56549,"minecraft:sneak_time":415,"minecraft:walk_under_water_one_cm":9746,"minecraft:jump":483,"minecraft:interact_with_blast_furnace":1,"minecraft:walk_on_water_one_cm":8667,"minecraft:total_world_time":56549,"minecraft:fall_one_cm":5422},"minecraft:mined":{"minecraft:powder_snow":30,"minecraft:spruce_trapdoor":1,"minecraft:grass_block":1,"travelersbackpack:white_sleeping_bag":6,"minecraft:sugar_cane":2,"minecraft:yellow_wool":1,"minecraft:birch_log":5,"minecraft:birch_trapdoor":1,"minecraft:white_carpet":3,"biomesoplenty:fir_log":5,"minecraft:grass":8,"minecraft:bookshelf":19,"biomesoplenty:fir_leaves":2,"biomesoplenty:rainbow_birch_leaves":1,"minecraft:stone":4},"minecraft:crafted":{"minecraft:cherry_planks":16,"minecraft:wooden_sword":2,"minecraft:crafting_table":2,"minecraft:wooden_pickaxe":1,"biomesoplenty:fir_planks":20,"minecraft:stick":8,"minecraft:wooden_axe":3,"minecraft:torch":8}},"DataVersion":3465}