{"stats":{"minecraft:picked_up":{"minecraft:wheat":3,"minecraft:splash_potion":1,"minecraft:potion":1,"biomesoplenty:rainbow_birch_sapling":9,"minecraft:string":2,"immersive_melodies:lute":2,"minecraft:white_carpet":3,"minecraft:armor_stand":1,"minecraft:gold_nugget":4,"minecraft:cobbled_deepslate":52,"minecraft:calcite":5,"immersive_melodies:triangle":1,"minecraft:sugar_cane":8,"minecraft:stick":11,"minecraft:raw_iron":24,"immersive_melodies:tiny_drum":1,"minecraft:torch":2,"minecraft:bowl":6,"minecraft:cherry_log":5,"minecraft:carrot":1,"minecraft:dark_oak_planks":1,"minecraft:arrow":9,"minecraft:rotten_flesh":14,"minecraft:glistering_melon_slice":7,"minecraft:snowball":32,"alexscaves:bioluminescent_torch":1,"minecraft:cobblestone":14,"minecraft:birch_log":64,"minecraft:cooked_beef":7,"minecraft:cherry_planks":4,"biomesoplenty:fir_sapling":1,"minecraft:birch_planks":82,"biomesoplenty:fir_log":5,"immersive_melodies:bagpipe":1,"minecraft:dirt":197,"minecraft:bone":1,"minecraft:wheat_seeds":37,"minecraft:cooked_chicken":1,"minecraft:oak_planks":1,"minecraft:book":162,"minecraft:ink_sac":3,"minecraft:mossy_cobblestone":7,"travelersbackpack:white_sleeping_bag":18,"immersive_melodies:piano":1,"alexsmobs:maggot":1,"minecraft:coal":21},"minecraft:broken":{"minecraft:wooden_sword":1,"minecraft:wooden_axe":3},"minecraft:killed":{"minecraft:cave_spider":1,"minecraft:spider":3,"minecraft:skeleton":6,"minecraft:zombie":5,"alexsmobs:crow":1},"minecraft:used":{"alexscaves:bioluminescent_torch":1,"minecraft:iron_shovel":234,"minecraft:polished_deepslate":10,"minecraft:chest":1,"minecraft:iron_sword":357,"minecraft:cooked_chicken":1,"minecraft:torch":102,"minecraft:dirt":4,"minecraft:carrot":88,"minecraft:diamond_helmet":1,"artifacts:onion_ring":1,"minecraft:wooden_axe":102,"minecraft:iron_axe":32,"minecraft:cooked_beef":1,"minecraft:cobbled_deepslate":12,"minecraft:calcite":1,"minecraft:leather_leggings":1,"minecraft:birch_planks":124,"minecraft:stone_pickaxe":102,"minecraft:oak_planks":87,"minecraft:wooden_pickaxe":34,"minecraft:leather_chestplate":1,"minecraft:cherry_planks":8,"minecraft:crafting_table":6,"minecraft:mushroom_stew":1,"minecraft:bread":13,"minecraft:iron_pickaxe":58,"travelersbackpack:white_sleeping_bag":18,"minecraft:wooden_sword":76,"minecraft:chainmail_boots":1,"minecraft:pumpkin_pie":6,"alexsmobs:animal_dictionary":1,"minecraft:birch_stairs":6},"minecraft:custom":{"minecraft:mob_kills":16,"minecraft:interact_with_crafting_table":18,"minecraft:open_barrel":14,"minecraft:damage_dealt_resisted":99,"minecraft:eat_cake_slice":7,"minecraft:leave_game":4,"minecraft:time_since_death":161561,"minecraft:climb_one_cm":7550,"minecraft:damage_resisted":104,"minecraft:sprint_one_cm":242525,"minecraft:walk_one_cm":521889,"minecraft:drop":58,"minecraft:play_time":161561,"minecraft:sneak_time":1505,"minecraft:walk_under_water_one_cm":10258,"minecraft:jump":1351,"minecraft:interact_with_blast_furnace":4,"minecraft:walk_on_water_one_cm":9269,"minecraft:total_world_time":161561,"minecraft:interact_with_furnace":3,"minecraft:sleep_in_bed":21,"minecraft:time_since_rest":5671,"minecraft:waystone_activated":2,"minecraft:damage_taken":3392,"minecraft:damage_dealt":3675,"minecraft:swim_one_cm":4757,"minecraft:fly_one_cm":350355,"minecraft:open_chest":18,"minecraft:crouch_one_cm":3349,"minecraft:fall_one_cm":24701},"minecraft:dropped":{"minecraft:wheat_seeds":35,"minecraft:cherry_log":1,"minecraft:mossy_cobblestone":5,"minecraft:iron_helmet":1,"minecraft:cobblestone":10,"immersive_melodies:lute":1,"minecraft:stick":1,"minecraft:dirt":1,"minecraft:ink_sac":3,"minecraft:torch":1,"minecraft:cherry_planks":3,"minecraft:snowball":34,"minecraft:gold_nugget":4,"minecraft:wooden_sword":1,"minecraft:glistering_melon_slice":10,"minecraft:paper":4,"minecraft:dark_oak_planks":1,"minecraft:bone":1,"minecraft:armor_stand":1,"alexsmobs:animal_dictionary":1,"minecraft:cobbled_deepslate":12,"minecraft:bowl":7,"minecraft:wheat":6,"minecraft:white_carpet":3,"minecraft:rotten_flesh":13,"minecraft:carrot":1,"biomesoplenty:fir_planks":1,"travelersbackpack:white_sleeping_bag":1,"minecraft:beetroot_seeds":8,"minecraft:arrow":5,"minecraft:wooden_pickaxe":1,"minecraft:stone_pickaxe":1,"minecraft:calcite":4,"minecraft:splash_potion":1},"minecraft:mined":{"minecraft:dark_oak_planks":5,"minecraft:mossy_cobblestone":12,"minecraft:spruce_trapdoor":1,"minecraft:grass_block":217,"travelersbackpack:white_sleeping_bag":17,"minecraft:dark_oak_trapdoor":3,"minecraft:iron_ore":12,"minecraft:andesite":3,"minecraft:dark_oak_stairs":1,"minecraft:bookshelf":55,"biomesoplenty:rainbow_birch_leaves":1,"minecraft:deepslate_iron_ore":12,"minecraft:stone":12,"minecraft:player_head":1,"minecraft:dandelion":3,"minecraft:powder_snow":30,"minecraft:torch":1,"minecraft:calcite":2,"minecraft:cobblestone":1,"minecraft:tall_grass":12,"biomesoplenty:sprout":46,"minecraft:oak_planks":1,"minecraft:sugar_cane":2,"minecraft:birch_planks":30,"minecraft:birch_log":5,"minecraft:yellow_wool":1,"minecraft:birch_trapdoor":1,"minecraft:white_carpet":3,"biomesoplenty:fir_log":5,"minecraft:grass":325,"minecraft:coal_ore":21,"biomesoplenty:fir_leaves":2,"minecraft:dirt":3,"minecraft:deepslate":37},"minecraft:crafted":{"minecraft:cherry_planks":16,"minecraft:wooden_sword":2,"minecraft:oak_planks":64,"minecraft:polished_deepslate":24,"minecraft:iron_axe":1,"minecraft:stone_pickaxe":1,"minecraft:chest":1,"minecraft:crafting_table":7,"minecraft:wooden_pickaxe":1,"minecraft:iron_sword":1,"minecraft:birch_planks":192,"biomesoplenty:fir_planks":20,"minecraft:stick":68,"minecraft:iron_pickaxe":1,"minecraft:wooden_axe":3,"minecraft:iron_shovel":1,"minecraft:torch":100,"minecraft:birch_stairs":8}},"DataVersion":3465}